Protein.Group	Protein.Ids	Protein.Names	Genes	First.Protein.Description	/matt_proteomics/250711_MM_11262_8_uncalibrated.mzML	/matt_proteomics/250711_MM_11262_2_uncalibrated.mzML	/matt_proteomics/250711_MM_11262_7_uncalibrated.mzML	/matt_proteomics/250711_MM_11262_6_uncalibrated.mzML	/matt_proteomics/250711_MM_11262_4_uncalibrated.mzML	/matt_proteomics/250711_MM_11262_5_uncalibrated.mzML	/matt_proteomics/250711_MM_11262_3_uncalibrated.mzML	/matt_proteomics/250711_MM_11262_1_uncalibrated.mzML
A0A075B6K5	A0A075B6K5		IGLV3-9			2.08325e+06						694323
A0A075B6P5	A0A075B6P5		IGKV2-28			1.15933e+07						3.44773e+06
A0A075B6R9	A0A075B6R9		IGKV2D-24			1.53132e+06						996053
A0A075B6S5	A0A075B6S5		IGKV1-27			2.57489e+06						622822
A0A096LNW5	A0A096LNW5		NOTCH2NLR		355685	310606	554069	374798	606542	627783	455893	396606
A0A096LP01	A0A096LP01		SMIM26		1.77243e+06	2.30668e+06	1.96055e+06	1.55513e+06	2.49614e+06	6.22161e+06	1.93091e+06	6.36142e+06
A0A0B4J1X5	A0A0B4J1X5		IGHV3-74			7.55862e+06						2.06963e+06
A0A0B4J2A2	A0A0B4J2A2		PPIAL4C		1.69435e+08	1.95e+08	1.66868e+08	2.39394e+08	1.79337e+08	2.2929e+08	2.02701e+08	2.17936e+08
A0A0B4J2B5	A0A0B4J2B5		IGHV3OR16-9			3.9888e+07	1.09951e+06	1.2067e+06			1.14236e+06	1.06248e+07
A0A0B4J2F0	A0A0B4J2F0		PIGBOS1		5.30619e+06	4.73173e+06	4.05256e+06	5.12686e+06	4.91927e+06	6.55146e+06	4.29863e+06	5.25827e+06
A0A0C4DGP1	A0A0C4DGP1		SMIM10L3		1.62702e+06	1.09749e+06	1.25181e+06	1.46606e+06	1.61008e+06	1.08109e+06	1.75022e+06	855817
A0A0C4DH29	A0A0C4DH29		IGHV1-3		1.73954e+06	2.19892e+06						2.34882e+06
A0A0C4DH41	A0A0C4DH41		IGHV4-61			7.8467e+06						1.64987e+06
A0A0C4DH72	A0A0C4DH72		IGKV1-6			2.59648e+06						810495
A0A804HLA8	A0A804HLA8		GNG5B		2.90424e+06	2.48797e+06	3.90807e+06	4.80916e+06		4.67227e+06	3.88162e+06	
A0ABB0MV19	A0ABB0MV19				4.26761e+07	5.68782e+07	3.03029e+07	2.69625e+07	7.10455e+07	3.08482e+07	5.84294e+07	5.12783e+07
A0AVF1	A0AVF1		IFT56		1.32002e+06	1.79647e+06	1.46383e+06	1.5154e+06	1.62843e+06	1.38882e+06	1.90262e+06	1.58223e+06
A0AVI4	A0AVI4		TMEM129		1.3158e+06	768665	1.5523e+06	1.45625e+06	1.31059e+06	3.30403e+06	2.15329e+06	4.04161e+06
A0AVT1	A0AVT1		UBA6		9.33635e+06	1.28348e+07	1.17848e+07	1.47492e+07	8.40954e+06	9.0211e+06	1.09546e+07	9.2016e+06
A0FGR8	A0FGR8		ESYT2		2.74778e+07	1.91544e+07	2.73892e+07	2.68118e+07	2.11213e+07	2.83395e+07	2.22724e+07	2.42219e+07
A0JLT2	A0JLT2		MED19			770852		510578				
A0JNW5	A0JNW5		BLTP3B		984077	1.64185e+06	1.13092e+06	1.49194e+06	1.07652e+06	1.02562e+06	1.44067e+06	1.01449e+06
A0MZ66	A0MZ66		SHTN1		1.56366e+06	1.28355e+06	1.34423e+06	1.12009e+06	1.94424e+06	1.15344e+06	1.45752e+06	1.06638e+06
A0PJW6	A0PJW6		TMEM223		2.05927e+07	2.2789e+07	1.79115e+07	2.01213e+07	2.14444e+07	3.42669e+07	2.22919e+07	3.6084e+07
A0PJZ3	A0PJZ3		GXYLT2		253411	162756	206402	255498	376222	308337	253692	343162
A0PK00	A0PK00		TMEM120B		2.09136e+06	1.99083e+06	2.11882e+06	1.68421e+06	1.83035e+06	3.24911e+06	2.1044e+06	2.60707e+06
A1A4S6	A1A4S6		ARHGAP10		3.08218e+06	4.16451e+06	3.34023e+06	3.77808e+06	3.82161e+06	2.6917e+06	3.71653e+06	2.61687e+06
A1A5D9	A1A5D9		BICDL2			631137						
A1L020	A1L020		MEX3A		1.81727e+06	2.03306e+06	1.69814e+06	1.88689e+06	1.85073e+06	2.08047e+06	1.99071e+06	2.62782e+06
A1L0T0	A1L0T0		ILVBL		2.35142e+07	3.09878e+07	2.5193e+07	2.49442e+07	2.79089e+07	3.40457e+07	3.1844e+07	4.00529e+07
A1L390	A1L390		PLEKHG3		4.69148e+06	3.54226e+06	5.0234e+06	5.0365e+06	3.76183e+06	5.00419e+06	4.07552e+06	3.66917e+06
A1X283	A1X283		SH3PXD2B		9.61144e+06	1.10868e+07	8.39895e+06	8.84739e+06	9.3695e+06	6.8514e+06	9.23885e+06	7.56392e+06
A2A2Y4	A2A2Y4		FRMD3		1.348e+07	1.23891e+07	1.47521e+07	1.60718e+07	1.3733e+07	1.40014e+07	1.56707e+07	1.37724e+07
A2RRP1	A2RRP1		NBAS		1.50474e+07	1.54087e+07	1.82323e+07	1.79288e+07	1.43363e+07	2.01616e+07	1.81356e+07	1.93756e+07
A2RU67	A2RU67		FAM234B		2.47015e+07	2.9758e+07	2.7615e+07	2.72458e+07	2.59572e+07	2.81182e+07	2.81624e+07	2.7378e+07
A2RUS2	A2RUS2		DENND3		711234	788007	985711	972607	657393	573544	749087	571289
A2VDJ0	A2VDJ0		TMEM131L		787511	1.00478e+06	844036	939168	1.41619e+06	1.42651e+06	1.28578e+06	1.62088e+06
A3KMH1	A3KMH1		VWA8		2.8038e+07	1.90601e+07	2.52871e+07	1.54062e+07	2.52047e+07	2.25844e+07	2.41645e+07	2.22904e+07
A3KN83	A3KN83		SBNO1		1.91986e+06	4.82592e+06	3.29505e+06	5.3989e+06	2.50483e+06	3.73118e+06	3.18131e+06	3.0721e+06
A4D1E9	A4D1E9		GTPBP10		1.16584e+07	9.36322e+06	1.0808e+07	5.45923e+06	1.45918e+07	1.1789e+07	1.35439e+07	1.45266e+07
A4D1P6	A4D1P6		WDR91		4.29458e+06	4.96023e+06	4.8566e+06	5.20578e+06	4.60758e+06	5.37331e+06	5.11387e+06	4.95389e+06
A4D1S5	A4D1S5		RAB19		9.46876e+06	5.09294e+06	7.38594e+06	3.63608e+06	1.61947e+06	1.11498e+07	5.44561e+06	1.33044e+07
A4D1U4	A4D1U4		DENND11		3.46033e+06	2.91009e+06	4.20594e+06	3.61486e+06	3.11566e+06	4.6514e+06	3.5033e+06	4.05344e+06
A5D8V6	A5D8V6		VPS37C		4.19497e+06	6.53347e+06	4.44672e+06	5.5455e+06	4.46448e+06	5.59047e+06	6.39969e+06	5.88157e+06
A5PLL7	A5PLL7		PEDS1		3.18383e+06	1.55135e+06	1.9304e+06	2.49384e+06	2.71363e+06	3.66252e+06	1.70914e+06	3.05912e+06
A5PLN9	A5PLN9		TRAPPC13		1.26594e+06	1.55839e+06	1.49727e+06	1.69674e+06	1.41944e+06	1.58139e+06	1.47176e+06	1.51732e+06
A5YKK6	A5YKK6		CNOT1		1.02421e+07	1.53326e+07	1.52224e+07	1.86184e+07	1.02241e+07	1.03802e+07	1.32128e+07	8.83295e+06
A6NCE7	A6NCE7		MAP1LC3B2		6.8351e+06	6.52275e+06	8.08268e+06	7.43747e+06	7.62955e+06	8.01055e+06	6.4389e+06	4.11591e+06
A6NCL7	A6NCL7		ANKRD33B		744204	921255	989438	1.10126e+06	718784	1.02406e+06	985237	862849
A6NCQ9	A6NCQ9		RNF222			2.04172e+06	2.09886e+06	2.28442e+06	1.72503e+06	2.27868e+06	1.65067e+06	1.80856e+06
A6NCS6	A6NCS6		C2orf72		6.71354e+06	2.98678e+06	6.22809e+06	4.59048e+06	3.97082e+06	5.61326e+06	5.61444e+06	4.24795e+06
A6ND36	A6ND36		FAM83G		1.0722e+06	1.76002e+06	1.23722e+06	1.01009e+06	1.8422e+06	873372	982377	961785
A6ND91	A6ND91		ASPDH		4.03881e+07	2.76042e+07	4.74582e+07	4.07188e+07	2.97929e+07	4.62866e+07	3.41348e+07	3.40762e+07
A6NDG6	A6NDG6		PGP		4.64921e+06	4.3547e+06	5.03514e+06	4.60479e+06	4.28909e+06	4.91874e+06	5.55938e+06	5.02008e+06
A6NDU8	A6NDU8		RIMOC1		2.19932e+06	6.68693e+06	5.34625e+06	7.75936e+06	2.29768e+06	3.71165e+06	4.8528e+06	3.33671e+06
A6NFQ2	A6NFQ2		TCAF2		2.01279e+07	1.04433e+07	1.50643e+07	1.10935e+07	1.33098e+07	1.34268e+07	1.18984e+07	1.13938e+07
A6NFY7	A6NFY7		SDHAF1		822499	1.1173e+06	1.08453e+06	867392	1.45507e+06	810993	1.24652e+06	789198
A6NHL2	A6NHL2		TUBAL3		4.11615e+06	9.95064e+06	7.39836e+06	1.60879e+07	6.96558e+06	7.10633e+06	7.6535e+06	7.73709e+06
A6NHR9	A6NHR9		SMCHD1		7.96412e+06	3.34284e+07	1.77508e+07	3.71408e+07	1.74605e+07	1.45343e+07	2.52994e+07	1.49362e+07
A6NIH7	A6NIH7		UNC119B		2.21711e+06	2.34044e+06	2.19529e+06	2.41738e+06	1.18979e+06	1.8846e+06	1.84669e+06	2.06533e+06
A6NJ78	A6NJ78		METTL15		1.25689e+07	1.16398e+07	9.66972e+06	5.22511e+06	1.95623e+07	8.77118e+06	1.62485e+07	1.18783e+07
A6NK58	A6NK58		LIPT2				1.25713e+06	1.09156e+06		1.40902e+06		
A6NKD9	A6NKD9		CCDC85C		3.84099e+06	2.71792e+06	3.80396e+06	3.01222e+06	3.78023e+06	4.39805e+06	3.18133e+06	3.3948e+06
A6NMY6	A6NMY6		ANXA2P2			4.64206e+07	8.80721e+07	6.17289e+07	3.66997e+07			8.362e+07
A6NNL5	A6NNL5		C15orf61		3.12576e+07	2.50555e+07	2.89874e+07	2.6923e+07	2.18672e+07	3.59332e+07	2.70955e+07	3.52634e+07
A6NNZ2	A6NNZ2		TUBB8B					2.95671e+07				
A6QL63	A6QL63		ABTB3		1.22302e+07	1.03675e+07	9.65099e+06	8.36152e+06	1.30189e+07	7.15272e+06	9.85741e+06	9.16699e+06
A7E2V4	A7E2V4		ZSWIM8		557246	794221	619096	766002	470908	645410	502551	600904
A7E2Y1	A7E2Y1		MYH7B		8.40624e+06	8.40219e+06	7.61727e+06	6.76111e+06	9.75927e+06	7.85647e+06	7.46151e+06	9.00347e+06
A7KAX9	A7KAX9		ARHGAP32		685369	1.0819e+06	709938	1.02417e+06	977000	633154	966678	678490
A8CG34	A8CG34		POM121C		1.22715e+06	1.65684e+06	1.33177e+06	1.48631e+06	1.21727e+06	1.72902e+06	1.59496e+06	1.95736e+06
A8K0Z3	A8K0Z3		WASHC1		6.11854e+06	7.10763e+06	5.69298e+06	5.89112e+06	7.44924e+06	4.54983e+06	6.40852e+06	5.50889e+06
A8K2U0	A8K2U0		A2ML1		7.18791e+06	1.35517e+07	6.21027e+06	5.43836e+06	5.46183e+06	7.96703e+06	7.68291e+06	8.20707e+06
A8MPS7	A8MPS7		YDJC		3.35625e+06	2.45514e+06	1.76685e+06	1.45571e+06		4.4406e+06		1.26439e+06
A8MTT3	A8MTT3		CEBPZOS		1.1904e+07	1.66587e+07	1.17573e+07	1.04703e+07	1.53997e+07	2.13794e+07	1.22861e+07	2.30205e+07
A8MUU1	A8MUU1		FABP5P3		1.33075e+07	1.11022e+07	1.58248e+07	1.38923e+07	1.44148e+07	2.04535e+07	1.57176e+07	1.92713e+07
A8MVW0	A8MVW0		FAM171A2		1.55047e+06	1.09078e+06	1.13222e+06	837182	1.36366e+06	932676	1.31847e+06	805760
A8MWD9	A8MWD9		SNRPGP15		2.554e+07	3.60256e+07	3.4697e+07	4.25279e+07	2.73773e+07	4.75739e+07	3.72864e+07	3.9632e+07
A8MWL7	A8MWL7		TMEM14DP		4.14025e+06	3.57807e+06	4.36225e+06	4.35314e+06	5.08597e+06	1.5563e+07	3.66674e+06	1.47968e+07
A8MWY0	A8MWY0		ELAPOR2		2.50198e+07	2.23967e+07	2.70637e+07	2.651e+07	1.84076e+07	3.38823e+07	2.52906e+07	3.30491e+07
A8MXV4	A8MXV4		NUDT19		1.03069e+08	7.14922e+07	7.96024e+07	3.85906e+07	1.00033e+08	7.89082e+07	8.89692e+07	8.03942e+07
A9UHW6	A9UHW6		MIF4GD		1.29337e+06	2.28221e+06	960763	1.69578e+06	592872	1.33431e+06	1.89806e+06	503806
B0YJ81	B0YJ81		HACD1		2.35929e+06	1.42963e+06	2.79813e+06	1.95165e+06	2.08412e+06	1.98405e+06	2.85573e+06	2.87038e+06
B1AK53	B1AK53		ESPN		942933		541414	427055	467332	312986	303866	219864
B2RTY4	B2RTY4		MYO9A		717171	837766	799406	659206	693692	543867	708395	563431
B2RUZ4	B2RUZ4		SMIM1		1.89128e+06	2.19867e+06	1.77378e+06	1.40296e+06	2.23885e+06	1.32169e+06	2.11506e+06	1.95968e+06
B3EWG3	B3EWG3		FAM25A			1.3304e+06						
B3KU38	B3KU38		IQCJ-SCHIP1		701280	500259	709432	615463	728049	593553	963691	724863
B4DH59	B4DH59		NBPF26		382048	333080	450303	304009	266837	328599	259731	78746.5
B7ZAQ6	B7ZAQ6		GPR89A		3.24931e+07	3.7753e+07	3.959e+07	4.68769e+07	4.16745e+07	5.25394e+07	3.80179e+07	4.8452e+07
B9A064	B9A064		IGLL5			3.41343e+07						8.76663e+06
C9J7I0	C9J7I0		UMAD1		125020	227704		235642		197505	176307	
C9JLW8	C9JLW8		MCRIP1		5.72007e+06	9.845e+06	7.69833e+06	7.84188e+06	8.5011e+06	5.59575e+06	8.05684e+06	7.45208e+06
C9JTQ0	C9JTQ0		ANKRD63		492372	506441	451567	562337	584082	784382	551094	
E9PAV3	E9PAV3		NACA		4.23756e+07	4.81763e+07	4.55524e+07	3.16775e+07	3.92884e+07	3.24209e+07	4.86099e+07	3.19547e+07
E9PRG8	E9PRG8		C11orf98		3.05172e+06	7.82344e+06	4.56115e+06	6.07786e+06	4.84615e+06	3.87017e+06	4.98775e+06	4.17391e+06
G2XKQ0	G2XKQ0		SUMO1P1		1.96118e+06	3.36436e+06	2.79946e+06	4.18718e+06	2.78682e+06	1.89367e+06	3.80895e+06	1.70161e+06
G9CGD6	G9CGD6		CNK3/IPCEF1		9.015e+06	7.15827e+06	7.9891e+06	7.20344e+06	1.0037e+07	8.83459e+06	7.61148e+06	7.81446e+06
H3BS89	H3BS89		TMEM178B			1.07573e+06	1.24441e+06	930826	1.51735e+06		1.79727e+06	1.08148e+06
O00115	O00115		DNASE2		6.40116e+06	3.60206e+06	6.82773e+06	3.0132e+06	6.38599e+06	4.4387e+06	7.61017e+06	4.1044e+06
O00116	O00116		AGPS		4.63787e+07	4.6263e+07	4.82952e+07	3.75596e+07	4.39181e+07	7.83848e+07	4.5361e+07	6.64307e+07
O00124	O00124		UBXN8		2.11672e+06	3.12926e+06	2.88809e+06	2.95198e+06	2.34445e+06	7.39281e+06	3.06793e+06	8.33305e+06
O00139	O00139		KIF2A		1.26593e+07	2.05585e+07	1.50873e+07	1.85684e+07	1.50747e+07	1.30687e+07	1.73463e+07	1.51848e+07
O00142	O00142		TK2		1.32291e+07	6.00802e+06	1.02167e+07	5.57945e+06	1.43843e+07	6.73388e+06	1.0395e+07	7.86067e+06
O00148	O00148		DDX39A		6.89406e+06	2.60618e+07	1.35252e+07	2.54613e+07	1.08289e+07	1.1266e+07	1.8762e+07	1.36518e+07
O00151	O00151		PDLIM1		6.3171e+07	5.7629e+07	7.81834e+07	8.13181e+07	4.14757e+07	7.10599e+07	8.93394e+07	7.00076e+07
O00154	O00154		ACOT7		7.35243e+07	5.56314e+07	6.77764e+07	4.92339e+07	7.2411e+07	3.9603e+07	6.91529e+07	4.26181e+07
O00159	O00159		MYO1C		1.5643e+08	1.18386e+08	1.2566e+08	1.07871e+08	1.38428e+08	1.14792e+08	1.17023e+08	1.12181e+08
O00161	O00161		SNAP23		9.97696e+07	6.85305e+07	1.16214e+08	1.04313e+08	7.59154e+07	1.22211e+08	9.53412e+07	9.00871e+07
O00165	O00165		HAX1		3.64914e+07	4.95023e+07	3.6242e+07	3.67525e+07	4.89823e+07	6.8256e+07	4.12021e+07	7.47283e+07
O00170	O00170		AIP		2.80972e+07	6.59565e+07	5.09547e+07	7.005e+07	4.12303e+07	3.58929e+07	5.39425e+07	3.96206e+07
O00178	O00178		GTPBP1		4.53698e+06	5.6564e+06	5.44693e+06	6.58818e+06	4.60632e+06	4.46956e+06	5.91065e+06	4.6431e+06
O00180	O00180		KCNK1		375505	246715	337560	351309	331372	422923	335466	449994
O00186	O00186		STXBP3		2.29925e+07	2.32779e+07	2.33976e+07	1.72452e+07	2.23783e+07	1.87599e+07	2.22413e+07	1.92439e+07
O00189	O00189		AP4M1		1.81467e+06	2.22392e+06	2.14731e+06	2.62417e+06	1.58825e+06	1.74134e+06	1.50671e+06	1.37787e+06
O00192	O00192		ARVCF		9.42476e+07	5.86604e+07	8.20641e+07	6.0924e+07	8.32784e+07	8.09133e+07	8.37508e+07	8.07105e+07
O00193	O00193		SMAP		959738	2.1773e+06	1.15493e+06	1.51421e+06	1.10432e+06	982577	1.42059e+06	936810
O00194	O00194		RAB27B		5.27186e+06	1.42128e+07	3.95018e+06	2.49333e+06	2.24023e+07	6.99598e+06	9.67395e+06	1.05252e+07
O00203	O00203		AP3B1		1.2994e+07	1.59158e+07	1.61661e+07	2.04695e+07	1.11042e+07	1.3486e+07	1.45845e+07	1.17608e+07
O00204	O00204		SULT2B1		1.35872e+06	2.53088e+06	1.5012e+06					
O00213	O00213		APBB1		1.89078e+06	2.00587e+06	2.09191e+06	2.79148e+06	1.82366e+06	2.08814e+06	2.20125e+06	1.4442e+06
O00214	O00214		LGALS8		3.85632e+07	3.14102e+07	3.32021e+07	2.70094e+07	3.36894e+07	4.45562e+07	2.7353e+07	3.68394e+07
O00217	O00217		NDUFS8		2.03653e+08	1.83427e+08	1.91231e+08	1.77775e+08	1.86247e+08	2.47524e+08	1.86403e+08	2.39239e+08
O00220	O00220		TNFRSF10A		7.76114e+06	5.72202e+06	1.13792e+07	8.02907e+06	8.23805e+06	1.14663e+07	8.16639e+06	9.79988e+06
O00221	O00221		NFKBIE		578041	590162	655505	870572	532196	801761	593572	622011
O00222	O00222		GRM8		1.93068e+06	1.75577e+06	1.31772e+06	1.00153e+06	798342	1.84935e+06	1.83456e+06	6.29051e+06
O00231	O00231		PSMD11		1.07955e+07	2.03728e+07	1.52624e+07	2.12118e+07	1.04107e+07	1.27927e+07	1.44969e+07	1.18636e+07
O00232	O00232		PSMD12		9.92492e+06	1.83029e+07	1.57837e+07	2.1427e+07	1.12092e+07	1.33372e+07	1.4556e+07	1.27493e+07
O00233	O00233		PSMD9		6.50487e+06	7.42302e+06	7.04727e+06	6.85085e+06	7.20578e+06	6.11452e+06	8.28934e+06	8.03101e+06
O00244	O00244		ATOX1		7.5735e+06	6.8848e+06	6.62202e+06	4.58527e+06	7.72575e+06	5.9441e+06	1.00644e+07	7.3857e+06
O00255	O00255		MEN1		1.91252e+06	2.95487e+06	2.60816e+06	3.88619e+06	2.82544e+06	1.67517e+06	3.56757e+06	1.87891e+06
O00257	O00257		CBX4		2.28515e+06	1.53171e+06	2.54459e+06	2.15649e+06	1.94058e+06	1.6318e+06	1.52432e+06	2.69247e+06
O00258	O00258		GET1		3.61929e+06	4.09521e+06	4.22819e+06	4.37597e+06	3.797e+06	5.3596e+06	3.83321e+06	5.45096e+06
O00264	O00264		PGRMC1		1.58928e+08	1.56617e+08	1.80505e+08	1.94524e+08	1.70997e+08	2.89102e+08	1.96331e+08	2.69882e+08
O00267	O00267		SUPT5H		3.72719e+06	9.17137e+06	6.70407e+06	1.20967e+07	4.03625e+06	6.87934e+06	5.85102e+06	5.6835e+06
O00268	O00268		TAF4		1.0499e+06	1.29759e+06	824911	1.2686e+06		1.74694e+06	1.19797e+06	1.31344e+06
O00273	O00273		DFFA		4.69994e+06	7.83286e+06	6.31414e+06	5.98468e+06	5.2056e+06	5.8353e+06	7.74638e+06	6.75336e+06
O00287	O00287		RFXAP		122769	295235	173165	221833	162236	166077	233051	214643
O00291	O00291		HIP1		2.90745e+07	2.50499e+07	2.3528e+07	2.45244e+07	2.56191e+07	2.56841e+07	2.01847e+07	1.92685e+07
O00299	O00299		CLIC1		3.92401e+08	2.4934e+08	3.54372e+08	3.0418e+08	3.4456e+08	3.52266e+08	3.95737e+08	3.42951e+08
O00300	O00300		TNFRSF11B		4.24195e+06	1.70965e+06	2.32731e+06	1.99998e+06	1.15612e+06	1.917e+06	876474	1.24618e+06
O00303	O00303		EIF3F		7.35609e+07	1.37668e+08	1.23869e+08	1.75121e+08	7.89682e+07	1.13842e+08	1.08287e+08	9.68965e+07
O00308	O00308		WWP2		2.19742e+06	2.09491e+06	2.4157e+06	1.86067e+06	2.38536e+06	2.82475e+06	2.11825e+06	2.38702e+06
O00329	O00329		PIK3CD		2.65911e+06	3.28912e+06	2.69869e+06	3.22384e+06	2.75437e+06	2.70487e+06	2.19195e+06	2.08297e+06
O00330	O00330		PDHX		5.1241e+07	3.8028e+07	5.0484e+07	2.67852e+07	6.32055e+07	3.35067e+07	5.96525e+07	3.59889e+07
O00391	O00391		QSOX1		5.38792e+06	5.55031e+06	6.0477e+06	5.24609e+06	5.72028e+06	7.21021e+06	4.57612e+06	4.80223e+06
O00399	O00399		DCTN6		2.99739e+06	3.93506e+06	3.08534e+06	3.17806e+06	3.23089e+06	2.71442e+06	3.05512e+06	2.93326e+06
O00400	O00400		SLC33A1		1.90299e+07	1.75797e+07	1.92166e+07	1.94582e+07	2.43065e+07	2.41747e+07	1.76617e+07	2.08373e+07
O00401	O00401		WASL		1.8048e+07	2.23271e+07	1.97446e+07	2.15468e+07	1.66063e+07	2.26096e+07	1.81441e+07	2.29178e+07
O00410	O00410		IPO5		2.43668e+07	3.00691e+07	3.89709e+07	5.27578e+07	2.41882e+07	3.97466e+07	3.20678e+07	3.50532e+07
O00411	O00411		POLRMT		5.47667e+07	3.03348e+07	5.96896e+07	3.18341e+07	7.4815e+07	4.97586e+07	6.53179e+07	5.55926e+07
O00422	O00422		SAP18		4.53513e+06	7.94527e+06	6.37164e+06	7.71218e+06	5.34404e+06	6.15654e+06	7.61568e+06	6.77593e+06
O00425	O00425		IGF2BP3		1.72778e+07	1.22553e+07	1.78585e+07	1.70725e+07	1.25694e+07	7.07681e+06	1.41963e+07	6.71915e+06
O00429	O00429		DNM1L		1.91984e+07	4.4943e+07	3.66769e+07	4.96396e+07	2.76157e+07	3.96056e+07	3.75606e+07	4.21811e+07
O00442	O00442		RTCA		4.12767e+06	3.81806e+06	4.42568e+06	3.96872e+06	3.47025e+06	3.12665e+06	3.76739e+06	2.67117e+06
O00443	O00443		PIK3C2A		8.56964e+06	9.84583e+06	9.03542e+06	8.611e+06	6.64462e+06	6.79585e+06	7.96985e+06	6.34625e+06
O00458	O00458		IFRD1		21795.3	29462.2	57379.3	58660.9		30242	26483.6	17149.3
O00459	O00459		PIK3R2		9.93756e+06	1.14356e+07	1.06136e+07	1.12513e+07	1.1637e+07	8.56398e+06	1.0858e+07	1.10999e+07
O00461	O00461		GOLIM4		2.45269e+07	2.03273e+07	2.22031e+07	2.73125e+07	2.47309e+07	3.50518e+07	2.40053e+07	2.55718e+07
O00468	O00468		AGRN		1.66811e+07	4.56833e+06	1.14948e+07	7.35547e+06	1.44645e+07	9.84937e+06	8.05607e+06	6.7492e+06
O00469	O00469		PLOD2		6.05156e+07	1.5525e+07	3.01468e+07	1.98197e+07	7.46805e+07	3.39733e+07	2.84222e+07	2.64568e+07
O00471	O00471		EXOC5		1.41922e+07	1.43824e+07	1.42498e+07	1.74131e+07	1.36192e+07	1.26091e+07	1.30523e+07	1.28118e+07
O00478	O00478		BTN3A3		1.89609e+07	1.87691e+07	1.77442e+07	1.26754e+07	2.54189e+07	1.55203e+07	2.44805e+07	2.11907e+07
O00483	O00483		NDUFA4		3.30213e+08	2.98391e+08	3.42539e+08	4.24814e+08	1.70548e+08	5.54398e+08	3.00607e+08	4.35753e+08
O00487	O00487		PSMD14		1.3035e+07	2.37073e+07	2.00443e+07	2.8387e+07	1.58917e+07	1.63843e+07	1.98638e+07	1.60513e+07
O00499	O00499		BIN1		1.30125e+07	1.12123e+07	1.31122e+07	1.32004e+07	1.24081e+07	8.89341e+06	1.22047e+07	6.93244e+06
O00505	O00505		KPNA3		7.31614e+06	1.23484e+07	1.29147e+07	1.97503e+07	7.52498e+06	1.1961e+07	1.07954e+07	9.57137e+06
O00506	O00506		STK25		1.87792e+06	2.08366e+06	1.37762e+06	1.44385e+06	1.98796e+06	2.0086e+06	1.44921e+06	2.24759e+06
O00512	O00512		BCL9		2.42066e+06	4.4123e+06	3.32878e+06	3.471e+06	2.93927e+06	4.4047e+06	3.80233e+06	5.37625e+06
O00515	O00515		LAD1			1.40792e+06						
O00522	O00522		KRIT1		6.29129e+06	5.85766e+06	5.3237e+06	5.11522e+06	5.31772e+06	6.29854e+06	4.93822e+06	6.33429e+06
O00534	O00534		VWA5A		3.24209e+06	3.93493e+06	4.01428e+06	3.1907e+06	3.72455e+06	1.95451e+06	4.59625e+06	2.52749e+06
O00541	O00541		PES1		1.31242e+06	4.43476e+06	2.61874e+06	4.77962e+06	2.00663e+06	2.11985e+06	3.15355e+06	2.04103e+06
O00560	O00560		SDCBP		6.95297e+07	6.16013e+07	6.4599e+07	7.01216e+07	3.23217e+07	1.36798e+08	6.58939e+07	1.19131e+08
O00562	O00562		PITPNM1		2.66212e+07	3.51363e+07	2.72437e+07	2.81227e+07	3.41528e+07	1.97318e+07	2.80799e+07	2.13916e+07
O00566	O00566		MPHOSPH10		2.60996e+06	3.37253e+06	2.64566e+06	2.49034e+06	2.7828e+06	2.25523e+06	3.68876e+06	3.48238e+06
O00567	O00567		NOP56		6.36393e+06	1.75345e+07	1.18366e+07	1.79284e+07	1.12632e+07	9.9551e+06	1.36345e+07	9.87049e+06
O00571	O00571		DDX3X		5.00154e+07	4.02377e+07	5.36783e+07	4.5464e+07	4.176e+07	3.87543e+07	4.54727e+07	3.19304e+07
O00584	O00584		RNASET2		5.73191e+06	1.90908e+06	4.67379e+06	1.84151e+06	4.96705e+06	2.83886e+06	4.42993e+06	2.38668e+06
O00592	O00592		PODXL		2.50285e+07	1.39799e+07	2.15027e+07	1.68748e+07	1.69638e+07	1.76981e+07	1.81487e+07	1.8862e+07
O00622	O00622		CCN1		4.85384e+06	4.06893e+06	1.05692e+07	5.75845e+06	8.7763e+06	1.13951e+07	8.71392e+06	8.64673e+06
O00623	O00623		PEX12		3.2012e+06	2.64505e+06	2.89493e+06	2.30401e+06	3.6754e+06	3.15943e+06	3.45088e+06	3.63315e+06
O00625	O00625		PIR		6.41596e+06	7.31022e+06	7.35731e+06	6.60581e+06	5.98722e+06	5.96225e+06	6.98379e+06	6.04053e+06
O00629	O00629		KPNA4		1.50452e+07	3.06687e+07	2.63913e+07	4.24703e+07	1.85828e+07	2.49586e+07	2.47895e+07	1.88517e+07
O00635	O00635		TRIM38		2.61077e+06	2.62161e+06	3.70687e+06	5.57453e+06	2.30129e+06	4.34613e+06	2.94232e+06	2.72901e+06
O00712	O00712		NFIB		601713	2.69664e+06	659089	1.96287e+06	776412	816246	1.30816e+06	1.18195e+06
O00743	O00743		PPP6C		5.47216e+06	5.95123e+06	5.8477e+06	6.23867e+06	5.35178e+06	6.31911e+06	6.06665e+06	5.96925e+06
O00746	O00746		NME4		3.73874e+06	4.40238e+06	5.92997e+06	4.4995e+06	5.12376e+06	6.37644e+06	9.51974e+06	8.28581e+06
O00754	O00754		MAN2B1		1.24468e+07	5.74111e+06	1.06253e+07	4.18823e+06	1.43439e+07	8.35777e+06	1.17556e+07	7.9076e+06
O00762	O00762		UBE2C		1.02683e+07	1.15538e+07	1.06116e+07	1.43113e+07	1.05747e+07	2.92535e+07	9.86033e+06	1.84177e+07
O00764	O00764		PDXK		4.66491e+06	4.61817e+06	4.41689e+06	2.78493e+06	4.42437e+06	3.1553e+06	4.53951e+06	3.4201e+06
O00767	O00767		SCD		7.90513e+07	7.82491e+07	1.12376e+08	9.37714e+07	3.66604e+07	2.91217e+08	9.1939e+07	3.00845e+08
O14494	O14494		PLPP1		4.69644e+06	4.74418e+06	5.17239e+06	4.182e+06	4.62125e+06	5.41126e+06	4.89397e+06	5.25836e+06
O14495	O14495		PLPP3		2.27934e+07	4.29867e+07	3.12293e+07	2.11631e+07	2.23271e+07	3.80857e+07	3.8799e+07	3.90435e+07
O14497	O14497		ARID1A		2.31289e+06	1.01227e+07	3.8338e+06	9.83939e+06	3.9584e+06	3.8288e+06	5.35222e+06	4.52147e+06
O14503	O14503		BHLHE40					1.11637e+06				
O14508	O14508		SOCS2		1.98863e+06	2.75929e+06	2.78922e+06	3.25651e+06	1.24405e+06	2.16506e+06	2.3892e+06	1.67114e+06
O14514	O14514		ADGRB1		583569	528902	486477	570085	480534	408158	437845	315010
O14519	O14519		CDK2AP1		203996	399802	324537	611651		348650	438987	245965
O14521	O14521		SDHD		3.20047e+07	3.84132e+07	2.77746e+07	3.64666e+07	3.97187e+07	4.51492e+07	3.31795e+07	4.20811e+07
O14523	O14523		C2CD2L		5.10845e+06	3.58687e+06	5.17597e+06	4.47274e+06	5.26016e+06	5.96782e+06	4.6918e+06	4.5421e+06
O14524	O14524		NEMP1		1.22371e+06	1.67502e+06	1.43803e+06	1.89407e+06	1.20777e+06	2.08121e+06	1.47406e+06	1.69483e+06
O14525	O14525		ASTN1		1.77062e+06	2.0482e+06	1.71354e+06	1.36378e+06	1.45281e+06	2.28155e+06	1.6263e+06	2.12366e+06
O14530	O14530		TXNDC9		1.33843e+06	1.34955e+06	1.24405e+06	1.38057e+06	1.08748e+06	1.73825e+06	1.05411e+06	1.5371e+06
O14531	O14531		DPYSL4		1.60821e+06	1.4243e+06	1.51962e+06	1.6174e+06	1.23917e+06	1.53462e+06	1.38001e+06	1.05096e+06
O14545	O14545		TRAFD1		172301	251939	233039	263381	227472	264819	195962	206657
O14548	O14548		COX7A2L		3.59406e+07	3.42404e+07	3.8627e+07	4.61136e+07	2.93069e+07	6.77858e+07	3.08695e+07	5.83657e+07
O14561	O14561		NDUFAB1		4.63253e+07	2.59042e+07	2.97437e+07	1.89463e+07	4.88519e+07	4.1118e+07	5.11546e+07	5.11323e+07
O14562	O14562		UBFD1		2.87853e+07	3.92846e+07	3.84782e+07	4.32468e+07	4.06649e+07	3.43627e+07	3.21995e+07	2.90514e+07
O14569	O14569		CYB561D2		4.86465e+06	5.26307e+06	4.74558e+06	4.81331e+06	5.67331e+06	6.81086e+06	5.23895e+06	6.50017e+06
O14576	O14576		DYNC1I1		1.0745e+06	1.38101e+06	1.22466e+06	1.64653e+06	2.08673e+06	473864	2.05785e+06	714166
O14578	O14578		CIT		9.85477e+06	1.00453e+07	8.9139e+06	1.28944e+07	1.02567e+07	1.36373e+07	1.11668e+07	1.51974e+07
O14579	O14579		COPE		6.81379e+06	1.43598e+07	1.44137e+07	1.91698e+07	6.77186e+06	1.17534e+07	1.18323e+07	1.01322e+07
O14595	O14595		CTDSP2		426628	355449	340922	221296	399020	740895	488631	1.18146e+06
O14602	O14602		EIF1AY		6.82187e+06	8.45088e+06	6.84431e+06	6.18108e+06	5.64872e+06	5.88789e+06	8.63263e+06	6.24622e+06
O14613	O14613		CDC42EP2		3.03612e+06	2.84028e+06	2.80522e+06	2.35158e+06	2.73788e+06	2.67462e+06	2.66452e+06	2.59422e+06
O14617	O14617		AP3D1		6.69075e+06	8.75481e+06	9.27598e+06	1.13566e+07	6.00217e+06	7.43242e+06	7.64191e+06	6.60976e+06
O14618	O14618		CCS						1.52908e+06	738228		
O14640	O14640		DVL1		1.19009e+06	1.05274e+06	1.0613e+06	1.0374e+06	874824	1.09684e+06	836442	983768
O14641	O14641		DVL2		5.71099e+06	6.51046e+06	6.90196e+06	6.75822e+06	5.69745e+06	6.44702e+06	7.5563e+06	6.15189e+06
O14646	O14646		CHD1		281911	981291	710558	1.01376e+06	428630	478949	655079	361563
O14647	O14647		CHD2		1.07261e+06	2.66377e+06	1.91116e+06	2.49429e+06	1.65144e+06	1.11446e+06	2.17955e+06	2.52304e+06
O14653	O14653		GOSR2		8.34501e+06	1.01543e+07	8.76166e+06	9.72386e+06	1.24627e+07	1.41798e+07	9.07122e+06	1.57988e+07
O14656	O14656		TOR1A		1.09039e+07	9.21305e+06	1.04618e+07	1.02739e+07	1.44496e+07	1.47272e+07	1.04781e+07	1.37867e+07
O14657	O14657		TOR1B		1.25666e+07	9.08269e+06	9.5368e+06	7.67289e+06	1.77622e+07	1.60785e+07	1.06398e+07	1.45644e+07
O14662	O14662		STX16		1.90589e+07	2.07595e+07	2.01219e+07	2.23983e+07	1.98043e+07	1.94209e+07	2.02152e+07	1.99325e+07
O14672	O14672		ADAM10		1.32333e+08	9.56046e+07	1.23653e+08	1.15612e+08	1.06437e+08	1.83264e+08	1.10746e+08	1.42964e+08
O14678	O14678		ABCD4		4.82423e+06	4.78964e+06	4.13086e+06	4.10925e+06	4.28307e+06	6.60328e+06	3.98426e+06	6.87453e+06
O14681	O14681		EI24		1.12243e+07	1.28532e+07	1.26715e+07	1.33663e+07	1.35726e+07	1.88626e+07	1.46975e+07	1.7345e+07
O14682	O14682		ENC1		724707	1.43837e+06	791161	728215	1.08169e+06	886884	1.13881e+06	1.17278e+06
O14683	O14683		TP53I11		6.72499e+06	5.22158e+06	7.1981e+06	7.94013e+06	5.67605e+06	7.72349e+06	6.54524e+06	4.94461e+06
O14684	O14684		PTGES		1.10183e+07	1.7495e+07	9.01764e+06	8.50647e+06	3.63444e+07	1.71115e+07	1.30355e+07	2.01699e+07
O14713	O14713		ITGB1BP1		772032	785360	615186	685893	595987	900382	596185	911472
O14727	O14727		APAF1		7.13218e+06	6.41657e+06	5.34939e+06	7.8415e+06	4.27128e+06	6.21385e+06	6.49974e+06	6.49197e+06
O14730	O14730		RIOK3		1.45474e+06	2.01716e+06	2.23984e+06	3.05512e+06	1.68602e+06	1.74116e+06	2.18226e+06	2.22682e+06
O14732	O14732		IMPA2		876368	1.46151e+06	1.32856e+06	1.32419e+06	1.3979e+06	1.18639e+06	1.4847e+06	1.24088e+06
O14733	O14733		MAP2K7		3.05208e+06	2.7689e+06	3.35516e+06	3.62515e+06	3.37965e+06	2.59647e+06	3.34552e+06	2.6973e+06
O14734	O14734		ACOT8		1.71124e+07	1.40968e+07	1.54013e+07	8.8466e+06	2.11063e+07	1.8799e+07	1.71693e+07	1.9746e+07
O14735	O14735		CDIPT		2.25398e+07	2.43183e+07	2.672e+07	2.74021e+07	3.22811e+07	3.19148e+07	2.86868e+07	3.29241e+07
O14737	O14737		PDCD5		2.54182e+07	2.33371e+07	1.98468e+07	1.64122e+07	2.71589e+07	1.67963e+07	2.86822e+07	2.16538e+07
O14744	O14744		PRMT5		1.82625e+07	2.05726e+07	2.38125e+07	2.06189e+07	1.87965e+07	1.88631e+07	2.64082e+07	2.10441e+07
O14745	O14745		NHERF1		4.07774e+07	2.1413e+07	2.92723e+07	2.2073e+07	3.39178e+07	2.99426e+07	3.08406e+07	2.93918e+07
O14757	O14757		CHEK1		755027	1.33804e+06	1.16274e+06	1.49457e+06	920229	2.43878e+06	1.1537e+06	2.24652e+06
O14763	O14763		TNFRSF10B		3.41086e+07	1.82865e+07	2.92912e+07	2.37898e+07	4.16775e+07	2.60324e+07	2.5462e+07	1.63101e+07
O14773	O14773		TPP1		7.75245e+07	6.47011e+07	5.66133e+07	3.70332e+07	1.00411e+08	4.87254e+07	7.73764e+07	5.90572e+07
O14776	O14776		TCERG1		7.20933e+06	3.22042e+07	1.88398e+07	3.51465e+07	1.06801e+07	2.5788e+07	2.1525e+07	2.59097e+07
O14777	O14777		NDC80		1.78968e+06	2.52095e+06	2.69754e+06	4.15593e+06	2.21407e+06	3.71179e+06	2.63388e+06	3.04695e+06
O14782	O14782		KIF3C		34555.7	59831.4	74661.6	127488	40458.1	61052.8	65943.1	
O14786	O14786		NRP1		2.10009e+07	1.14827e+07	1.68558e+07	2.08949e+07	2.25446e+07	2.86522e+07	1.32995e+07	1.69846e+07
O14787	O14787		TNPO2		3.61469e+06	5.37961e+06	3.45741e+06	4.63212e+06	3.64013e+06	3.12056e+06	3.72952e+06	2.96137e+06
O14795	O14795		UNC13B		962015	1.21681e+06	1.17897e+06	1.15487e+06	721701	839896	1.25941e+06	916273
O14802	O14802		POLR3A		1.4268e+06	2.38931e+06	2.13039e+06	2.79321e+06	1.58738e+06	1.67776e+06	1.6977e+06	1.29672e+06
O14817	O14817		TSPAN4		9.75819e+06	1.01503e+07	9.07779e+06	8.32673e+06	7.55123e+06	1.38733e+07	8.91964e+06	1.29632e+07
O14818	O14818		PSMA7		2.12005e+07	3.31163e+07	2.59584e+07	2.76705e+07	2.14093e+07	2.37059e+07	2.71376e+07	2.38302e+07
O14827	O14827		RASGRF2		329650	473758	304636	329984	501015	175848	341906	210592
O14828	O14828		SCAMP3		1.98133e+07	1.45053e+07	2.0921e+07	1.98758e+07	1.25272e+07	2.40307e+07	1.55902e+07	1.77422e+07
O14832	O14832		PHYH		1.2737e+06	750462	1.06064e+06	869759	1.17478e+06	1.48499e+06	1.03722e+06	1.10961e+06
O14863	O14863		SLC30A4		407158	356718	522592	528852	284874	481202	501028	493788
O14867	O14867		BACH1		301970	359889	245514	336915	323209	293233	302942	245789
O14874	O14874		BCKDK		5.72923e+06	3.68857e+06	3.74636e+06	2.77053e+06	7.97982e+06	5.63693e+06	6.22366e+06	7.27647e+06
O14880	O14880		MGST3		1.3311e+08	9.25174e+07	9.00611e+07	8.40351e+07	1.00586e+08	1.19305e+08	8.66405e+07	1.0553e+08
O14893	O14893		GEMIN2		965079	1.44237e+06	1.3876e+06	1.79717e+06	1.21497e+06	629624	1.41856e+06	615477
O14907	O14907		TAX1BP3		1.46226e+07	1.95589e+07	1.4735e+07	1.83713e+07	2.03134e+07	2.13227e+07	1.83221e+07	2.11529e+07
O14908	O14908		GIPC1		2.24573e+07	1.61922e+07	1.83405e+07	1.68572e+07	2.17241e+07	2.58405e+07	1.73963e+07	2.21305e+07
O14910	O14910		LIN7A		6.97745e+07	3.66558e+07	6.8877e+07	4.75961e+07	5.58332e+07	7.04887e+07	5.77423e+07	5.32664e+07
O14920	O14920		IKBKB		2.00683e+06	4.00761e+06	2.94022e+06	3.84329e+06	2.21736e+06	2.12668e+06	2.82562e+06	2.38155e+06
O14924	O14924		RGS12		428474	248058	222130	139218	360311	218641	258568	219291
O14925	O14925		TIMM23		7.86224e+07	7.43548e+07	7.56068e+07	6.58545e+07	9.21496e+07	1.95877e+08	7.22923e+07	1.83956e+08
O14929	O14929		HAT1		2.31143e+06	1.45574e+07	7.31142e+06	1.47485e+07	3.86602e+06	8.63937e+06	6.93293e+06	8.75636e+06
O14933	O14933		UBE2L6		7.29121e+06	1.18403e+07	1.29839e+07	1.48919e+07	1.28933e+07	9.6496e+06	1.35805e+07	9.9296e+06
O14936	O14936		CASK		1.1413e+07	7.41462e+06	1.00923e+07	6.54325e+06	9.53444e+06	7.69132e+06	8.67925e+06	8.46972e+06
O14939	O14939		PLD2		8.54346e+06	9.61924e+06	1.00449e+07	8.89554e+06	6.69087e+06	1.10317e+07	8.39382e+06	8.95887e+06
O14949	O14949		UQCRQ		9.66759e+07	1.16625e+08	1.02861e+08	1.13128e+08	1.11444e+08	1.56881e+08	1.01919e+08	1.46865e+08
O14950	O14950		MYL12B		2.2796e+08	2.18821e+08	2.20253e+08	1.52822e+08	2.55846e+08	2.06083e+08	2.16522e+08	2.52294e+08
O14957	O14957		UQCR11		3.02283e+07	3.59536e+07	3.06221e+07	2.57481e+07	1.22637e+07	3.58887e+07	2.19599e+07	2.4743e+07
O14964	O14964		HGS		1.86482e+07	1.71684e+07	1.69957e+07	1.79803e+07	1.38599e+07	1.6602e+07	1.32403e+07	1.61084e+07
O14965	O14965		AURKA		4.92108e+06	5.21831e+06	5.33135e+06	5.78641e+06	6.24878e+06	7.28731e+06	5.3314e+06	6.49189e+06
O14966	O14966		RAB29		7.62861e+06	7.14095e+06	1.07674e+07	9.6243e+06	7.57507e+06	1.18707e+07	8.39602e+06	8.77167e+06
O14967	O14967		CLGN		9.46266e+06	1.29005e+07	1.39124e+07	1.44535e+07	9.14239e+06	1.57609e+07	1.48436e+07	1.66647e+07
O14972	O14972		VPS26C		963960	712026	709115	847944	691069	788319	695098	772953
O14974	O14974		PPP1R12A		3.08226e+07	2.90559e+07	2.8946e+07	2.00244e+07	3.01534e+07	2.03046e+07	3.21267e+07	2.65091e+07
O14976	O14976		GAK		9.95296e+06	1.79197e+07	1.42162e+07	1.89259e+07	1.07524e+07	1.28617e+07	1.42895e+07	1.3526e+07
O14979	O14979		HNRNPDL		8.4857e+06	1.2705e+07	1.4534e+07	1.79142e+07	1.48825e+07	7.3429e+06	1.80205e+07	6.52362e+06
O14980	O14980		XPO1		1.66295e+07	4.64063e+07	4.51777e+07	7.59304e+07	2.13629e+07	3.0547e+07	3.67081e+07	2.25155e+07
O14981	O14981		BTAF1		4.23054e+07	6.20655e+07	5.11957e+07	7.28101e+07	4.88312e+07	4.45849e+07	5.42536e+07	3.94128e+07
O15013	O15013		ARHGEF10		2.28471e+06	3.46994e+06	2.84635e+06	3.72304e+06	2.30224e+06	2.53458e+06	2.92167e+06	3.31816e+06
O15014	O15014		ZNF609		806013	812188	786292	873612	607679	991797	731346	792560
O15020	O15020		SPTBN2		1.45269e+07	1.54991e+07	1.35764e+07	1.06276e+07	1.55021e+07	1.09476e+07	1.35599e+07	1.08839e+07
O15021	O15021		MAST4		547006	882311	732114	1.058e+06	466149	467020	612557	569026
O15027	O15027		SEC16A		3.52311e+06	4.87345e+06	4.05219e+06	4.55576e+06	4.1462e+06	2.63203e+06	4.41132e+06	2.95858e+06
O15031	O15031		PLXNB2		7.43406e+07	5.27315e+07	6.59534e+07	5.23018e+07	6.35373e+07	6.79285e+07	5.8131e+07	5.90864e+07
O15033	O15033		AREL1		5.74949e+06	5.54887e+06	5.34674e+06	5.91622e+06	6.27145e+06	9.04359e+06	5.57007e+06	9.28376e+06
O15037	O15037		KHNYN		2.24728e+06	1.36512e+06	2.07104e+06	1.99274e+06	1.67525e+06	1.29905e+06	1.73946e+06	1.22875e+06
O15042	O15042		U2SURP		2.39022e+07	6.33563e+07	4.82831e+07	8.42999e+07	3.36468e+07	3.40693e+07	4.25397e+07	2.68222e+07
O15047	O15047		SETD1A			2.23915e+06	2.07538e+06	1.95687e+06	2.96061e+06	1.5435e+06	2.53595e+06	1.03611e+06
O15049	O15049		N4BP3		3.44887e+06	1.88004e+06	2.81354e+06	1.8066e+06	4.03138e+06	1.75743e+06	2.55195e+06	2.38598e+06
O15056	O15056		SYNJ2		7.00858e+06	8.08233e+06	6.94097e+06	8.61117e+06	6.03698e+06	4.51881e+06	5.71709e+06	4.09666e+06
O15063	O15063		GARRE1		547744	653429	627424	764447	453867	286412	638951	317833
O15066	O15066		KIF3B		613884	714863	642244	785166	664511	437828	761108	508062
O15067	O15067		PFAS		1.45028e+07	2.22345e+07	1.779e+07	1.3292e+07	1.44054e+07	1.72441e+07	2.65917e+07	2.2178e+07
O15068	O15068		MCF2L		9.37037e+07	5.11523e+07	9.99731e+07	5.35918e+07	2.42198e+07	8.4417e+07	6.4189e+07	9.48998e+07
O15069	O15069		NACAD									3.52831e+07
O15078	O15078		CEP290		272964	261884	417820	300927	359280	282216	260283	268948
O15084	O15084		ANKRD28		1.68402e+07	2.28161e+07	2.35682e+07	2.58269e+07	1.75437e+07	1.87569e+07	2.23867e+07	1.70288e+07
O15085	O15085		ARHGEF11		1.20109e+07	1.21417e+07	1.49094e+07	1.2093e+07	1.10008e+07	1.12821e+07	1.28993e+07	1.06835e+07
O15091	O15091		PRORP		3.65162e+07	1.46655e+07	3.02691e+07	1.66399e+07	4.30249e+07	2.81496e+07	3.31395e+07	2.54183e+07
O15111	O15111		CHUK		1.54774e+06	2.69949e+06	3.16116e+06	4.80434e+06	1.4876e+06	2.80057e+06	2.17294e+06	1.69832e+06
O15116	O15116		LSM1		2.29068e+06	2.48653e+06	2.74285e+06	2.3901e+06	3.00819e+06	1.91652e+06	3.37349e+06	1.88629e+06
O15118	O15118		NPC1		4.74824e+07	5.08862e+07	6.34756e+07	5.0513e+07	5.20367e+07	6.13305e+07	5.51569e+07	4.33164e+07
O15120	O15120		AGPAT2		1.87125e+07	1.62745e+07	1.88894e+07	2.19089e+07	1.67099e+07	2.48239e+07	1.73894e+07	2.17078e+07
O15121	O15121		DEGS1		1.35917e+07	7.32834e+06	1.23495e+07	1.13607e+07	1.54642e+07	2.3316e+07	1.12589e+07	1.80545e+07
O15123	O15123		ANGPT2		1.60496e+06	2.2937e+06	1.75186e+06	1.81437e+06	2.35508e+06	3.25797e+06	2.89987e+06	3.07761e+06
O15126	O15126		SCAMP1		2.25881e+07	2.82992e+07	2.62112e+07	2.87726e+07	1.87811e+07	2.51942e+07	2.33129e+07	3.11409e+07
O15127	O15127		SCAMP2		1.91364e+07	1.47443e+07	2.26352e+07	2.08856e+07	1.39532e+07	2.95725e+07	1.74141e+07	2.60706e+07
O15143	O15143		ARPC1B		2.35206e+07	2.20259e+07	2.14795e+07	2.8258e+07	1.52564e+07	2.61123e+07	1.7773e+07	1.9649e+07
O15144	O15144		ARPC2		3.30083e+07	3.80451e+07	3.03963e+07	4.07226e+07	2.54336e+07	4.11667e+07	3.06869e+07	3.38233e+07
O15145	O15145		ARPC3		4.17974e+07	4.59708e+07	3.90796e+07	4.87472e+07	3.05797e+07	4.84889e+07	3.58361e+07	4.1086e+07
O15155	O15155		BET1		1.84689e+07	2.47873e+07	1.8585e+07	2.01392e+07	2.53798e+07	2.60769e+07	1.90193e+07	2.23112e+07
O15160	O15160		POLR1C		3.14503e+06	6.93852e+06	4.76943e+06	6.54942e+06	4.24187e+06	4.64532e+06	5.02996e+06	4.65087e+06
O15162	O15162		PLSCR1		2.8496e+07	1.93653e+07	2.7276e+07	1.95009e+07	3.43273e+07	2.59623e+07	2.01716e+07	2.07432e+07
O15173	O15173		PGRMC2		9.13635e+07	9.70855e+07	9.55782e+07	8.77359e+07	1.09269e+08	1.27866e+08	1.02439e+08	1.3993e+08
O15182	O15182		CETN3		3.15342e+06	2.53974e+06	3.01496e+06	2.13235e+06	4.781e+06	2.13445e+06	2.92491e+06	2.48724e+06
O15194	O15194		CTDSPL		2.69568e+06	1.82577e+06	2.63718e+06	2.01304e+06	2.34922e+06	4.63153e+06	2.77834e+06	4.92572e+06
O15211	O15211		RGL2		2.16862e+06	2.13419e+06	2.22711e+06	2.84194e+06	1.71737e+06	1.91709e+06	2.22997e+06	1.47713e+06
O15212	O15212		PFDN6		1.25675e+07	1.73164e+07	1.38907e+07	1.26804e+07	1.16692e+07	1.32237e+07	1.86141e+07	1.22095e+07
O15226	O15226		NKRF		4.17183e+06	9.7229e+06	6.25055e+06	1.38919e+07	4.10824e+06	7.62631e+06	6.10073e+06	7.1995e+06
O15228	O15228		GNPAT		6.61446e+06	5.48819e+06	6.68425e+06	5.41862e+06	5.64273e+06	1.1432e+07	6.06211e+06	8.2649e+06
O15230	O15230		LAMA5		1.06789e+07	3.31644e+06	9.76429e+06	5.45361e+06	5.78843e+06	6.12968e+06	5.5721e+06	3.20202e+06
O15231	O15231		ZNF185		1.09807e+06	3.04096e+06	1.37554e+06	1.41724e+06	707671	979576	745148	734319
O15234	O15234		CASC3		294088	375792	320058	408975	249985	183574	436735	
O15235	O15235		MRPS12		3.33134e+07	1.62881e+07	2.67619e+07	1.12673e+07	3.81293e+07	2.01645e+07	2.85104e+07	2.07336e+07
O15239	O15239		NDUFA1		1.51948e+07	9.19776e+06	1.31112e+07	7.79114e+06	5.51797e+06	1.37676e+07	7.55259e+06	7.75359e+06
O15240	O15240		VGF		683792	339070	688796	496831	493164	1.19505e+06	1.13278e+06	561387
O15243	O15243		LEPROT		1.95276e+06	2.23319e+06	2.03791e+06	1.94901e+06	2.0326e+06	2.41998e+06	1.8921e+06	2.3027e+06
O15254	O15254		ACOX3		9.0962e+06	9.0215e+06	8.40653e+06	5.94938e+06	1.02016e+07	9.65777e+06	1.01016e+07	1.03426e+07
O15258	O15258		RER1		4.09968e+07	4.67122e+07	4.56687e+07	5.67447e+07	4.66536e+07	7.68441e+07	4.04225e+07	6.4646e+07
O15260	O15260		SURF4		7.60339e+07	7.88298e+07	8.00002e+07	9.81296e+07	1.00641e+08	1.13608e+08	8.44954e+07	1.10228e+08
O15269	O15269		SPTLC1		4.69916e+07	5.24989e+07	5.47692e+07	6.11325e+07	5.19331e+07	8.1515e+07	5.81259e+07	8.21359e+07
O15270	O15270		SPTLC2		3.48625e+07	2.90281e+07	4.09179e+07	4.70265e+07	3.39944e+07	5.4296e+07	3.80309e+07	5.06667e+07
O15287	O15287		FANCG		636999	1.29423e+06	763914	780210	656161	965619	629777	1.06592e+06
O15294	O15294		OGT		1.75644e+07	3.54619e+07	2.89327e+07	4.12978e+07	1.79023e+07	3.03053e+07	2.54002e+07	2.44675e+07
O15305	O15305		PMM2		2.7743e+06	7.3188e+06	5.0204e+06	9.26811e+06	2.99412e+06	5.62044e+06	5.00035e+06	4.07658e+06
O15321	O15321		TM9SF1		2.06608e+07	1.77953e+07	2.1564e+07	2.33339e+07	2.72942e+07	3.49336e+07	2.25238e+07	2.90677e+07
O15344	O15344		MID1		1.74861e+06	2.0079e+06	1.9359e+06	1.85356e+06	1.25063e+06	1.70944e+06	1.84631e+06	1.73625e+06
O15347	O15347		HMGB3		2.76879e+07	8.2366e+07	3.54701e+07	5.61932e+07	4.31271e+07	4.29578e+07	5.96654e+07	4.87515e+07
O15355	O15355		PPM1G		1.20651e+07	5.43968e+07	3.60054e+07	5.99436e+07	1.43172e+07	4.29358e+07	3.2717e+07	3.79395e+07
O15357	O15357		INPPL1		3.53502e+06	6.28584e+06	4.69707e+06	6.42652e+06	4.2503e+06	3.50041e+06	4.88293e+06	3.51028e+06
O15371	O15371		EIF3D		9.78673e+06	1.29826e+07	1.23676e+07	1.25488e+07	9.76152e+06	8.58578e+06	1.20719e+07	1.11376e+07
O15372	O15372		EIF3H		1.1736e+07	2.112e+07	1.87564e+07	2.47724e+07	1.20793e+07	1.52803e+07	1.59728e+07	1.40623e+07
O15375	O15375		SLC16A5		2.59876e+06	3.41731e+06	1.86451e+06	1.90654e+06	2.0562e+06	2.37602e+06	2.1147e+06	2.73753e+06
O15382	O15382		BCAT2		3.09013e+07	1.88282e+07	2.0777e+07	1.00212e+07	4.93993e+07	1.41075e+07	2.97658e+07	1.89187e+07
O15397	O15397		IPO8		2.5706e+06	7.83903e+06	5.73867e+06	9.17143e+06	3.41025e+06	6.41134e+06	5.51159e+06	5.87139e+06
O15400	O15400		STX7		2.54165e+07	2.2037e+07	2.89024e+07	2.94643e+07	1.98981e+07	3.38412e+07	2.48529e+07	3.17407e+07
O15403	O15403		SLC16A6		1.21749e+06	3.78836e+06	1.43659e+06	1.01779e+06	1.93232e+06	689008	1.52374e+06	777747
O15417	O15417		TNRC18		590388	1.93847e+06		1.42943e+06		1.29419e+06		1.63439e+06
O15427	O15427		SLC16A3		3.24108e+07	3.28626e+07	2.73904e+07	2.14262e+07	3.99364e+07	2.58699e+07	2.50456e+07	2.37372e+07
O15431	O15431		SLC31A1		2.14928e+07	1.68783e+07	2.65729e+07	2.23644e+07	1.48851e+07	2.59938e+07	2.2471e+07	2.50177e+07
O15439	O15439		ABCC4		1.61129e+07	1.85204e+07	1.76694e+07	1.49584e+07	1.85647e+07	1.84985e+07	1.77798e+07	2.0294e+07
O15440	O15440		ABCC5		9.99972e+06	8.87e+06	1.16671e+07	1.02575e+07	9.67404e+06	1.17385e+07	1.06796e+07	9.71021e+06
O15446	O15446		POLR1G		1.64521e+06	4.42072e+06	3.56729e+06	4.14452e+06	2.09121e+06	2.48168e+06	3.24867e+06	2.39257e+06
O15455	O15455		TLR3		1.32301e+07	7.52506e+06	1.27907e+07	4.00651e+06	1.69259e+07	6.32007e+06	1.28656e+07	9.57587e+06
O15460	O15460		P4HA2		6.92878e+07	1.67595e+07	3.68378e+07	2.00867e+07	7.63742e+07	2.64485e+07	3.57491e+07	2.22208e+07
O15484	O15484		CAPN5		7.82647e+06	6.61279e+06	6.66514e+06	6.23095e+06	6.60186e+06	6.51188e+06	7.72936e+06	6.23967e+06
O15498	O15498		YKT6		3.70833e+07	5.72133e+07	6.98165e+07	8.32399e+07	4.74835e+07	6.75707e+07	5.64356e+07	4.62118e+07
O15504	O15504		NUP42		1.33015e+06	2.56752e+06	1.92545e+06	2.14653e+06	2.92951e+06	1.18727e+06	3.42857e+06	2.54764e+06
O15511	O15511		ARPC5		1.19107e+08	1.0168e+08	9.82906e+07	9.50509e+07	9.41747e+07	1.14585e+08	9.59191e+07	9.3858e+07
O15514	O15514		POLR2D			841579	635884	1.11634e+06	527152	553499	844442	372236
O15525	O15525		MAFG				1.79481e+07	1.19664e+07	2.71541e+07	1.6912e+07		2.04704e+07
O15528	O15528		CYP27B1		2.55449e+06	1.3808e+06	2.0338e+06	1.10722e+06	2.73006e+06	2.22348e+06	1.9694e+06	930954
O15530	O15530		PDPK1		2.21239e+06	2.65616e+06	2.6148e+06	3.22781e+06	2.25732e+06	2.6465e+06	2.79895e+06	2.71963e+06
O15533	O15533		TAPBP		7.62028e+07	4.32877e+07	6.28645e+07	5.50346e+07	7.06914e+07	7.51053e+07	4.91233e+07	4.43221e+07
O15551	O15551		CLDN3		7.35324e+06	1.16929e+06	6.67267e+06	4.60081e+06	3.57335e+06	4.54815e+06	3.84559e+06	1.88369e+06
O15554	O15554		KCNN4		7.73103e+06	5.26348e+06	6.38214e+06	7.763e+06	6.29076e+06	9.12689e+06	5.89707e+06	9.03931e+06
O43143	O43143		DHX15		1.59986e+07	4.99468e+07	2.64369e+07	4.51933e+07	2.15832e+07	2.84429e+07	3.06005e+07	3.27482e+07
O43148	O43148		RNMT		3.34464e+06	7.49817e+06	4.6351e+06	5.94927e+06	3.94247e+06	3.23018e+06	4.65657e+06	3.47288e+06
O43149	O43149		ZZEF1		1.27655e+06	1.87614e+06	1.46167e+06	1.97908e+06	1.41072e+06	1.60566e+06	1.6221e+06	1.71347e+06
O43150	O43150		ASAP2		3.01826e+06	2.80349e+06	3.07024e+06	2.91894e+06	2.61186e+06	2.32691e+06	2.88418e+06	2.67705e+06
O43155	O43155		FLRT2		6.19484e+06	2.58938e+06	4.29483e+06	2.89309e+06	7.42853e+06	5.12639e+06	4.39386e+06	3.86466e+06
O43156	O43156		TTI1		1.80971e+06	3.19585e+06	2.61728e+06	3.76288e+06	1.94391e+06	2.46447e+06	2.74091e+06	2.5518e+06
O43157	O43157		PLXNB1		1.45714e+06	1.46534e+06	1.23994e+06	970639	2.16403e+06	1.18032e+06	1.03641e+06	1.20057e+06
O43159	O43159		RRP8		677504	1.60621e+06	1.09049e+06	1.78019e+06	982954	849712	1.32329e+06	895092
O43164	O43164		PJA2		239991	259693	171075	201186	164021	192386	219025	159512
O43166	O43166		SIPA1L1		8.65301e+06	1.16104e+07	8.93695e+06	7.73901e+06	7.18712e+06	6.11473e+06	8.30124e+06	5.97401e+06
O43169	O43169		CYB5B		1.42592e+08	1.44688e+08	1.52264e+08	1.71654e+08	1.36264e+08	2.64276e+08	1.55083e+08	2.12397e+08
O43172	O43172		PRPF4		2.52521e+06	7.88002e+06	4.74528e+06	8.31846e+06	3.80924e+06	4.04497e+06	5.15332e+06	3.58406e+06
O43175	O43175		PHGDH		9.9965e+07	1.86169e+08	2.01182e+08	2.58158e+08	1.32599e+08	1.31594e+08	1.48785e+08	1.27303e+08
O43181	O43181		NDUFS4		3.06029e+07	2.27406e+07	2.78643e+07	2.50228e+07	2.03838e+07	3.09466e+07	2.35363e+07	2.63628e+07
O43194	O43194		GPR39		4.20316e+06	1.76764e+06	2.75671e+06	1.80889e+06	3.43225e+06	2.76551e+06	2.2529e+06	2.25113e+06
O43237	O43237		DYNC1LI2		2.90564e+07	3.2359e+07	3.35181e+07	3.53448e+07	3.94236e+07	1.93971e+07	3.71478e+07	1.77535e+07
O43240	O43240		KLK10			7.93796e+06						517859
O43242	O43242		PSMD3		8.96933e+06	1.74432e+07	1.29064e+07	1.66775e+07	9.50107e+06	1.0882e+07	1.30066e+07	1.11635e+07
O43251	O43251		RBFOX2		3.66972e+07	6.34259e+07	4.78706e+07	5.44453e+07	4.70732e+07	3.72554e+07	5.97044e+07	4.69172e+07
O43252	O43252		PAPSS1		6.30402e+06	1.1944e+07	9.36454e+06	1.35465e+07	6.85972e+06	8.90928e+06	9.66831e+06	8.78042e+06
O43264	O43264		ZW10		4.74503e+07	4.92518e+07	5.9185e+07	5.98425e+07	4.58469e+07	6.18404e+07	6.05084e+07	6.05087e+07
O43278	O43278		SPINT1		4.71048e+07	1.05516e+07	2.58778e+07	1.28437e+07	1.60558e+07	1.48382e+07	1.45102e+07	1.05162e+07
O43286	O43286		B4GALT5		5.67131e+06	4.42513e+06	5.54365e+06	4.70868e+06	5.89244e+06	8.13556e+06	4.70881e+06	5.36913e+06
O43290	O43290		SART1		4.56163e+06	5.91777e+06	6.36309e+06	5.95887e+06	6.5035e+06	2.58834e+06	7.69694e+06	3.27566e+06
O43292	O43292		GPAA1		2.34519e+07	1.9992e+07	2.34995e+07	2.5638e+07	2.25225e+07	3.90405e+07	2.23512e+07	3.57062e+07
O43293	O43293		DAPK3		2.33338e+07	2.31536e+07	2.64708e+07	2.24709e+07	2.31457e+07	1.97156e+07	2.18463e+07	2.02436e+07
O43294	O43294		TGFB1I1		3.11901e+06	3.71067e+06	3.61392e+06	5.07567e+06	2.27903e+06	3.83225e+06	3.4109e+06	4.70671e+06
O43299	O43299		AP5Z1		2.76509e+06	4.50594e+06	3.30854e+06	3.77091e+06	3.45395e+06	4.21632e+06	3.4259e+06	6.03638e+06
O43301	O43301		HSPA12A		5.42212e+06	3.82755e+06	6.30955e+06	4.9007e+06	5.46436e+06	3.76707e+06	5.18653e+06	3.07063e+06
O43306	O43306		ADCY6		1.02435e+07	8.88828e+06	1.01727e+07	8.49458e+06	9.1422e+06	1.01876e+07	9.70465e+06	9.23937e+06
O43310	O43310		CTIF		1.00182e+06	1.88419e+06	1.76226e+06	1.6709e+06	1.00023e+06	998791	1.69944e+06	954704
O43312	O43312		MTSS1		677601	660068	579264	735330	827208	567765	600647	733073
O43314	O43314		PPIP5K2		2.95872e+06	4.87451e+06	3.5658e+06	4.97171e+06	3.53244e+06	2.55883e+06	4.07092e+06	3.10431e+06
O43318	O43318		MAP3K7		1.15698e+06	1.35346e+06	1.30776e+06	1.35642e+06	1.09576e+06	1.24205e+06	1.14302e+06	1.1118e+06
O43324	O43324		EEF1E1		3.08204e+07	2.91272e+07	2.60567e+07	2.35695e+07	3.8075e+07	1.73695e+07	3.15905e+07	1.95768e+07
O43325	O43325		LYRM1		9.17037e+06	3.50406e+06	6.71581e+06	1.29992e+06	8.28653e+06	3.30206e+06	5.85474e+06	2.71328e+06
O43347	O43347		MSI1		2.92794e+06	2.02601e+06	4.19204e+06	2.81833e+06	2.48427e+06	1.8829e+06	3.31105e+06	1.67978e+06
O43353	O43353		RIPK2		3.312e+06	4.82723e+06	4.92198e+06	4.9632e+06	3.96693e+06	3.76633e+06	3.77187e+06	3.65039e+06
O43379	O43379		WDR62		280155	553470	446508	605381	284147	405249	427075	426105
O43390	O43390		HNRNPR		1.28538e+07	2.46495e+07	1.89666e+07	2.52956e+07	2.11475e+07	1.11533e+07	2.76757e+07	1.22026e+07
O43395	O43395		PRPF3		1.03979e+07	1.50635e+07	1.49979e+07	1.88709e+07	1.18695e+07	1.26744e+07	1.29365e+07	1.01272e+07
O43396	O43396		TXNL1		9.01553e+06	1.60954e+07	1.18679e+07	1.24388e+07	9.34924e+06	1.46719e+07	1.43846e+07	1.73979e+07
O43399	O43399		TPD52L2		1.11985e+08	1.2261e+08	1.16242e+08	1.36753e+08	1.03528e+08	1.39269e+08	1.29966e+08	1.21966e+08
O43402	O43402		EMC8		6.56231e+07	6.98746e+07	7.32837e+07	7.83957e+07	7.24423e+07	1.03351e+08	7.10845e+07	9.41404e+07
O43405	O43405		COCH		1.88321e+06		2.41191e+06	2.23223e+06	2.7525e+06	3.53019e+06	2.33289e+06	1.4051e+06
O43414	O43414		ERI3		8.85266e+06	9.91966e+06	9.42147e+06	8.0378e+06	8.63354e+06	6.34017e+06	1.12103e+07	7.33695e+06
O43422	O43422		THAP12		1.91062e+06	4.56157e+06	2.79901e+06	4.23435e+06	2.48145e+06	2.49868e+06	3.36789e+06	2.99919e+06
O43427	O43427		FIBP		1.13082e+07	8.87002e+06	1.10367e+07	7.88534e+06	1.09125e+07	8.46596e+06	1.14421e+07	1.01653e+07
O43432	O43432		EIF4G3		7.02204e+06	9.56306e+06	7.11444e+06	7.63034e+06	6.88919e+06	4.85633e+06	7.2695e+06	5.17072e+06
O43447	O43447		PPIH		1.07318e+07	1.91767e+07	1.40976e+07	1.84085e+07	8.40991e+06	1.42463e+07	1.46301e+07	1.49249e+07
O43462	O43462		MBTPS2		477159	630799		742911	578766	942187	655859	
O43464	O43464		HTRA2		6.72211e+07	5.81995e+07	5.29445e+07	4.20447e+07	6.55536e+07	5.5651e+07	5.62045e+07	5.51349e+07
O43488	O43488		AKR7A2		1.95561e+07	1.25164e+07	1.5128e+07	5.92498e+06	2.08962e+07	8.07131e+06	2.06999e+07	1.08564e+07
O43491	O43491		EPB41L2		1.22099e+08	8.00729e+07	1.13564e+08	8.25743e+07	1.07332e+08	8.36634e+07	1.09346e+08	7.25438e+07
O43493	O43493		TGOLN2		7.88087e+06	9.73272e+06	8.93811e+06	9.12394e+06	7.40934e+06	1.55825e+07	6.94062e+06	1.21455e+07
O43504	O43504		LAMTOR5		1.72096e+07	1.03661e+07	1.40502e+07	9.79839e+06	2.15043e+07	1.68743e+07	1.49927e+07	1.49746e+07
O43505	O43505		B4GAT1		1.98468e+07	1.66689e+07	2.13098e+07	1.98614e+07	2.45108e+07	3.39182e+07	2.2399e+07	2.41187e+07
O43513	O43513		MED7		659473	1.93776e+06	1.13932e+06	2.00722e+06	1.26419e+06	1.57853e+06	1.36639e+06	1.44748e+06
O43516	O43516		WIPF1		8.39104e+06	8.19852e+06	9.07714e+06	9.58947e+06	7.50131e+06	8.86752e+06	8.46386e+06	8.73628e+06
O43520	O43520		ATP8B1		1.09827e+06	466311	1.1714e+06	1.17281e+06	393166	954392	936868	523631
O43524	O43524		FOXO3		411146	354365	362971	348578	332301	210869	342672	234154
O43529	O43529		CHST10		431278	730134	705745	622280	768297	954588	651105	1.05902e+06
O43556	O43556		SGCE		377098	393747	477121	478547	477501	736595	455320	670912
O43561	O43561		LAT		7.04734e+06	3.53309e+06	5.12996e+06	4.23801e+06	6.30724e+06	2.51353e+06	4.71059e+06	2.76898e+06
O43567	O43567		RNF13		6.76419e+06	5.62011e+06	6.92292e+06	5.90518e+06	6.17797e+06	1.04887e+07	6.9321e+06	9.90392e+06
O43570	O43570		CA12		6.18229e+06	4.96383e+06	3.95488e+06	4.15891e+06	9.53512e+06	5.66022e+06	6.44659e+06	6.8516e+06
O43572	O43572		AKAP10		9.5965e+06	1.3886e+07	1.14273e+07	1.44383e+07	1.01578e+07	9.48144e+06	1.15394e+07	8.27155e+06
O43581	O43581		SYT7		1.24908e+06	937424	1.15478e+06		1.05971e+06	1.16045e+06	1.06861e+06	1.13227e+06
O43583	O43583		DENR		1.56387e+07	1.76877e+07	1.60461e+07	1.53571e+07	2.06806e+07	9.97698e+06	2.11496e+07	1.29487e+07
O43592	O43592		XPOT		1.68527e+07	4.27478e+07	2.63544e+07	5.24546e+07	1.66651e+07	2.65164e+07	2.5814e+07	2.47561e+07
O43597	O43597		SPRY2		8.20199e+06	2.878e+06	7.53095e+06	6.05933e+06	6.91047e+06	4.32731e+06	8.04052e+06	5.52871e+06
O43598	O43598		DNPH1		7.63769e+06	7.86983e+06	8.34359e+06	6.88627e+06	6.61307e+06	6.99472e+06	1.01878e+07	6.96624e+06
O43609	O43609		SPRY1		6.00268e+06	7.9206e+06	5.52866e+06	5.80437e+06	6.92138e+06	5.06947e+06	6.51134e+06	5.66419e+06
O43615	O43615		TIMM44		1.31351e+08	1.28558e+08	1.28248e+08	7.59498e+07	1.72677e+08	8.24988e+07	1.74875e+08	1.22884e+08
O43617	O43617		TRAPPC3		6.59266e+06	9.11559e+06	7.90359e+06	8.05979e+06	8.58319e+06	7.91599e+06	8.64522e+06	1.04512e+07
O43633	O43633		CHMP2A		8.41117e+06	1.06373e+07	9.30911e+06	9.6198e+06	9.74631e+06	8.21775e+06	8.9842e+06	9.38737e+06
O43638	O43638		FOXS1			1.13786e+06	1.26682e+06		1.06191e+06			
O43639	O43639		NCK2		1.2178e+06	812273	867904	771476	960764	902952	890692	874217
O43657	O43657		TSPAN6		6.42723e+06	3.93911e+06	5.93535e+06	5.2394e+06	5.85957e+06	7.65532e+06	6.60385e+06	6.46803e+06
O43660	O43660		PLRG1		4.79473e+06	1.41994e+07	8.70425e+06	1.70272e+07	7.22357e+06	9.7009e+06	1.08973e+07	9.04412e+06
O43663	O43663		PRC1		7.40307e+06	9.31498e+06	1.08958e+07	1.19116e+07	8.2001e+06	8.69326e+06	1.22666e+07	8.67471e+06
O43665	O43665		RGS10		1.08101e+07	6.91288e+06	1.46514e+07	1.21635e+07	7.88421e+06	1.14255e+07	1.31234e+07	9.81987e+06
O43670	O43670		ZNF207		5.24981e+06	1.56012e+07	9.37924e+06	1.39301e+07	5.3419e+06	1.3695e+07	8.54861e+06	1.31522e+07
O43674	O43674		NDUFB5		4.98548e+07	4.62847e+07	4.37719e+07	4.21102e+07	4.78319e+07	7.69303e+07	4.58087e+07	7.94923e+07
O43676	O43676		NDUFB3		3.22754e+07	2.79506e+07	3.16294e+07	3.15838e+07	2.72492e+07	4.28062e+07	2.76003e+07	4.009e+07
O43678	O43678		NDUFA2		1.06183e+08	8.56157e+07	1.00664e+08	9.83423e+07	8.7802e+07	1.18639e+08	9.04015e+07	9.41858e+07
O43681	O43681		GET3		2.70759e+08	4.96122e+08	4.83507e+08	5.70941e+08	2.85996e+08	4.25443e+08	4.6268e+08	4.03022e+08
O43684	O43684		BUB3		1.04088e+07	3.02128e+07	1.7366e+07	2.87767e+07	1.18896e+07	2.69361e+07	1.53539e+07	2.5672e+07
O43688	O43688		PLPP2		3.03064e+07	2.30761e+07	3.19811e+07	3.7447e+07	2.54567e+07	5.31724e+07	2.95817e+07	4.70257e+07
O43707	O43707		ACTN4		4.22495e+08	3.2019e+08	4.42968e+08	4.06777e+08	1.98788e+08	3.94391e+08	3.12904e+08	2.77044e+08
O43708	O43708		GSTZ1		4.54468e+07	3.551e+07	4.14761e+07	1.55796e+07	6.32423e+07	2.16359e+07	5.71093e+07	3.2109e+07
O43709	O43709		BUD23		1.78074e+06	2.11971e+06	2.00865e+06	1.8141e+06	2.29108e+06	1.60341e+06	1.98804e+06	1.56018e+06
O43715	O43715		TRIAP1		1.09552e+06		895204		1.28799e+06		1.31648e+06	1.10423e+06
O43716	O43716		GATC		2.56722e+07	8.29035e+06	2.1725e+07	5.18542e+06	3.22129e+07	1.26915e+07	2.43647e+07	1.46408e+07
O43719	O43719		HTATSF1		3.15082e+06	8.11211e+06	5.41915e+06	7.399e+06	4.17862e+06	5.83482e+06	5.97818e+06	6.72956e+06
O43731	O43731		KDELR3		2.89449e+06	2.12906e+06	3.25998e+06	3.65986e+06	3.51924e+06	3.8886e+06	3.66043e+06	3.22487e+06
O43741	O43741		PRKAB2		1.70267e+07	2.47277e+07	2.55269e+07	2.93582e+07	1.61419e+07	1.80179e+07	2.34921e+07	1.62317e+07
O43747	O43747		AP1G1		1.81251e+07	1.83921e+07	2.07425e+07	2.27394e+07	1.65776e+07	2.18754e+07	1.79733e+07	1.82047e+07
O43752	O43752		STX6		1.61934e+07	1.16682e+07	1.61341e+07	1.60801e+07	1.61647e+07	1.19943e+07	1.79446e+07	1.26495e+07
O43759	O43759		SYNGR1		1.09102e+07	1.14984e+07	1.12299e+07	1.13067e+07	8.36012e+06	1.53737e+07	1.25956e+07	1.43399e+07
O43760	O43760		SYNGR2		8.88885e+06	1.01094e+07	1.21336e+07	1.31105e+07	7.86124e+06	1.38049e+07	1.02411e+07	1.04503e+07
O43761	O43761		SYNGR3		4.16367e+07	3.66355e+07	4.87007e+07	3.54819e+07	4.57154e+07	4.39608e+07	3.83694e+07	3.61414e+07
O43765	O43765		SGTA		4.86102e+06	6.25426e+06	5.63455e+06	5.24821e+06	4.4087e+06	5.80671e+06	6.47657e+06	6.63805e+06
O43766	O43766		LIAS		1.40902e+07	1.31437e+07	1.35434e+07	1.02736e+07	1.76755e+07	1.36819e+07	1.6202e+07	1.74872e+07
O43768	O43768		ENSA		8.94436e+06	6.69153e+06	7.39046e+06	4.75207e+06	1.30319e+07	4.44899e+06	1.18562e+07	4.19658e+06
O43772	O43772		SLC25A20		2.39799e+07	3.10904e+07	2.76571e+07	3.1062e+07	2.63793e+07	3.44132e+07	2.82728e+07	3.44215e+07
O43776	O43776		NARS1		2.92858e+07	4.47145e+07	3.41551e+07	2.74805e+07	3.48212e+07	2.41288e+07	4.41481e+07	2.94343e+07
O43795	O43795		MYO1B		1.22032e+08	9.47458e+07	9.40502e+07	7.83216e+07	1.02353e+08	9.05949e+07	9.55324e+07	9.72385e+07
O43808	O43808		SLC25A17		5.05598e+06	6.11705e+06	6.09357e+06	5.63216e+06	7.85293e+06	1.02975e+07	5.78217e+06	8.76957e+06
O43809	O43809		NUDT21		4.99021e+06	9.64016e+06	8.43587e+06	1.38384e+07	6.33433e+06	9.41108e+06	7.99325e+06	7.47064e+06
O43813	O43813		LANCL1		1.77783e+07	2.10411e+07	1.80497e+07	1.71417e+07	1.93066e+07	1.93921e+07	2.16236e+07	2.36348e+07
O43815	O43815		STRN		9.76804e+06	7.69705e+06	9.03327e+06	6.89518e+06	9.13288e+06	7.48203e+06	9.49134e+06	8.10656e+06
O43818	O43818		RRP9		4.48465e+06	7.79356e+06	6.25587e+06	8.47063e+06	5.16021e+06	5.87075e+06	6.23268e+06	4.75463e+06
O43819	O43819		SCO2		9.11167e+06	8.03451e+06	8.38963e+06	7.66073e+06	1.42064e+07	1.52267e+07	1.00857e+07	1.70362e+07
O43823	O43823		AKAP8			73662.8	74614.7	150512			115653	91274.4
O43824	O43824		GTPBP6		7.13761e+06	6.13353e+06	6.82865e+06	3.52143e+06	8.80395e+06	4.64238e+06	8.61616e+06	6.89278e+06
O43826	O43826		SLC37A4		1.07675e+07	1.50855e+07	1.58319e+07	1.54599e+07	1.26733e+07	2.14152e+07	1.60757e+07	1.94114e+07
O43829	O43829		ZBTB14			99262.9	106488	108634	88411.7	65156.9	116731	
O43837	O43837		IDH3B		9.12398e+07	6.40551e+07	8.65713e+07	4.59155e+07	9.39691e+07	8.0031e+07	8.66286e+07	7.41236e+07
O43847	O43847		NRDC		6.48478e+06	5.97987e+06	6.47047e+06	4.64703e+06	5.07703e+06	7.24932e+06	6.37797e+06	6.56136e+06
O43852	O43852		CALU		2.18509e+08	9.4394e+07	1.95527e+08	1.01196e+08	2.70045e+08	1.46495e+08	1.55686e+08	7.68728e+07
O43854	O43854		EDIL3		1.09515e+06	1.49646e+06	832522	454359	1.67426e+06	815753	1.78668e+06	2.69756e+06
O43861	O43861		ATP9B		1.41225e+06	1.57128e+06	1.46805e+06	1.31079e+06	921728	1.36766e+06	1.70646e+06	1.33254e+06
O43865	O43865		AHCYL1		1.54434e+08	1.04976e+08	1.16076e+08	7.44025e+07	1.5199e+08	8.44829e+07	1.22982e+08	8.24568e+07
O43896	O43896		KIF1C		306010	397985	402123	398696	292455	343819	290573	250071
O43909	O43909		EXTL3		5.80211e+06	8.78043e+06	6.32765e+06	7.8673e+06	7.99253e+06	9.39536e+06	8.49038e+06	8.43174e+06
O43913	O43913		ORC5		2.39585e+06	5.43944e+06	3.47208e+06	5.82776e+06	3.5021e+06	3.3253e+06	4.22405e+06	3.45904e+06
O43920	O43920		NDUFS5		6.07092e+07	5.4014e+07	6.18488e+07	5.84424e+07	4.72882e+07	7.60727e+07	4.94276e+07	5.94303e+07
O43924	O43924		PDE6D		1.12526e+07	1.18914e+07	1.10586e+07	8.40564e+06	1.24119e+07	1.00421e+07	1.14684e+07	1.13244e+07
O43929	O43929		ORC4		4.50824e+06	1.12242e+07	6.70948e+06	1.10842e+07	7.19111e+06	7.66309e+06	8.8117e+06	7.67763e+06
O43933	O43933		PEX1		2.93294e+06	2.67752e+06	2.80795e+06	2.38305e+06	3.91412e+06	2.96018e+06	2.60745e+06	3.04836e+06
O60216	O60216		RAD21		1.50709e+06	7.17205e+06	3.02666e+06	6.88956e+06	3.43037e+06	2.71541e+06	4.7657e+06	2.75823e+06
O60218	O60218		AKR1B10			6.72996e+06	4.20175e+06	3.28778e+06			5.21358e+06	6.67867e+06
O60220	O60220		TIMM8A		1.30807e+07	9.43777e+06	8.89282e+06	6.44728e+06	1.82777e+07	1.38347e+07	1.54578e+07	1.61482e+07
O60229	O60229		KALRN		4.10761e+06	3.83634e+06	4.23923e+06	3.76875e+06	2.32085e+06	4.38831e+06	3.10067e+06	2.7789e+06
O60231	O60231		DHX16		4.0621e+06	7.04096e+06	7.41713e+06	1.00084e+07	4.75695e+06	5.22305e+06	5.77197e+06	4.47421e+06
O60232	O60232		ZNRD2		6.44643e+06	8.11587e+06	7.56737e+06	7.18379e+06	7.36194e+06	6.38187e+06	9.70031e+06	6.87806e+06
O60238	O60238		BNIP3L		2.70014e+06	3.76575e+06	1.92984e+06	2.47801e+06	3.47988e+06	2.11112e+06	3.74839e+06	3.80018e+06
O60244	O60244		MED14		1.22252e+06	1.7532e+06	1.41633e+06	2.25274e+06	1.50175e+06	1.41721e+06	1.65762e+06	1.18031e+06
O60245	O60245		PCDH7		484365	329737	324435	294165	405441	325384	288569	318468
O60256	O60256		PRPSAP2		1.43474e+07	1.37157e+07	1.50679e+07	1.24901e+07	1.58255e+07	1.18623e+07	1.62664e+07	1.26227e+07
O60264	O60264		SMARCA5		5.10053e+06	1.82641e+07	1.35947e+07	3.02326e+07	9.22497e+06	1.06947e+07	1.48671e+07	8.36136e+06
O60266	O60266		ADCY3		1.67496e+07	1.68069e+07	1.87754e+07	1.78669e+07	1.70941e+07	2.72109e+07	1.63619e+07	2.26155e+07
O60271	O60271		SPAG9		6.08797e+06	6.75658e+06	6.35207e+06	6.75905e+06	5.86774e+06	4.36755e+06	5.68391e+06	4.24292e+06
O60279	O60279		SUSD5		2.5937e+06	2.14519e+06	2.56656e+06	1.98692e+06	4.04906e+06	2.98373e+06	3.0372e+06	3.15663e+06
O60282	O60282		KIF5C		2.93801e+06	3.66167e+06	3.00084e+06	4.14454e+06	2.55654e+06	2.44756e+06	2.67172e+06	1.94867e+06
O60287	O60287		URB1		2.31799e+06	2.92731e+06	1.79233e+06	2.68231e+06	2.17971e+06	2.07807e+06	2.63616e+06	2.95091e+06
O60291	O60291		MGRN1		1.48174e+07	1.17675e+07	1.34335e+07	1.125e+07	1.60527e+07	2.08131e+07	1.40359e+07	1.85587e+07
O60292	O60292		SIPA1L3		4.09542e+06	4.15801e+06	4.32741e+06	3.07041e+06	4.2655e+06	2.44234e+06	4.15844e+06	3.04087e+06
O60293	O60293		ZFC3H1		381326	1.69748e+06	872562	1.73757e+06	766356	699562	1.03465e+06	700318
O60294	O60294		LCMT2		878351	995949	1.025e+06	1.13637e+06	750639	1.22124e+06	1.16117e+06	1.1474e+06
O60296	O60296		TRAK2		250638	207740	225512	217603	322915	242130	283546	221556
O60299	O60299		LZTS3		720312	525667	627935		593777			620445
O60306	O60306		AQR		9.62716e+06	2.52867e+07	1.85026e+07	3.57795e+07	1.10449e+07	2.55214e+07	1.78513e+07	2.40842e+07
O60313	O60313		OPA1		1.14302e+08	1.30305e+08	1.24238e+08	1.20022e+08	1.14438e+08	1.66479e+08	1.27932e+08	1.64722e+08
O60318	O60318		MCM3AP		6.11793e+06	1.99845e+07	1.06473e+07	2.18363e+07	9.58225e+06	1.00818e+07	1.28892e+07	9.55626e+06
O60331	O60331		PIP5K1C		993027	1.1685e+06	990005	1.03462e+06	980548	1.01663e+06	976161	910167
O60333	O60333		KIF1B		2.40251e+06	2.70609e+06	2.32621e+06	2.53379e+06	3.58644e+06	2.18422e+06	3.11128e+06	1.96831e+06
O60337	O60337		MARCHF6		5.98951e+06	4.96498e+06	6.44854e+06	5.87513e+06	5.503e+06	1.09546e+07	6.44061e+06	1.02271e+07
O60341	O60341		KDM1A		3.37775e+06	1.03246e+07	6.63012e+06	1.4572e+07	6.18388e+06	6.69537e+06	7.85028e+06	5.65144e+06
O60343	O60343		TBC1D4		1.2337e+07	2.40671e+07	2.29479e+07	3.18777e+07	1.32129e+07	1.84127e+07	2.27655e+07	1.78568e+07
O60353	O60353		FZD6		1.92425e+07	1.71408e+07	1.94075e+07	1.98487e+07	1.63425e+07	2.36476e+07	2.13354e+07	2.21938e+07
O60427	O60427		FADS1		2.87279e+07	2.985e+07	2.90205e+07	3.00889e+07	2.16129e+07	6.26186e+07	2.99636e+07	6.28116e+07
O60437	O60437		PPL		2.02843e+07	2.88458e+07	1.73854e+07	1.24115e+07	1.70709e+07	2.01683e+07	1.87407e+07	1.32782e+07
O60443	O60443		GSDME		1.64321e+07	2.42366e+07	2.69456e+07	3.90518e+07	1.6184e+07	1.58852e+07	1.96642e+07	1.27573e+07
O60447	O60447		EVI5		698651	879151	986153	1.07497e+06	554128	668056	819504	550480
O60462	O60462		NRP2		2.93136e+07	1.52016e+07	2.46335e+07	2.22005e+07	3.79065e+07	2.1354e+07	2.43805e+07	1.2528e+07
O60476	O60476		MAN1A2		1.26368e+07	1.27579e+07	1.15577e+07	1.28876e+07	1.67452e+07	1.80717e+07	1.2451e+07	1.51491e+07
O60486	O60486		PLXNC1		417442		177898		316498	255439	284331	
O60488	O60488		ACSL4		1.46928e+08	1.48318e+08	1.60216e+08	1.3635e+08	1.50454e+08	2.10094e+08	1.57565e+08	2.06811e+08
O60493	O60493		SNX3		3.4459e+07	3.15395e+07	3.39371e+07	3.29935e+07	3.24594e+07	2.8584e+07	3.10003e+07	2.86473e+07
O60499	O60499		STX10		9.25293e+06	1.41972e+07	1.28559e+07	1.36996e+07	9.97938e+06	1.27439e+07	1.34987e+07	1.5059e+07
O60500	O60500		NPHS1		2.45577e+06	2.28159e+06	2.34931e+06	2.18807e+06	3.27045e+06	2.7458e+06	2.72437e+06	3.35672e+06
O60502	O60502		OGA		8.48094e+06	1.44988e+07	1.10764e+07	1.22344e+07	8.84523e+06	8.37094e+06	1.21606e+07	8.38306e+06
O60503	O60503		ADCY9		9.22588e+06	6.72222e+06	8.70806e+06	6.41318e+06	8.64533e+06	7.38436e+06	8.29866e+06	7.95323e+06
O60504	O60504		SORBS3		1.52524e+07	1.43815e+07	1.64528e+07	1.21903e+07	1.58236e+07	1.7287e+07	1.97594e+07	2.06019e+07
O60506	O60506		SYNCRIP		8.42812e+07	6.5353e+07	9.88612e+07	8.01999e+07	6.23347e+07	4.28211e+07	8.5317e+07	3.73054e+07
O60507	O60507		TPST1		6.24351e+06	8.57051e+06	6.23015e+06	6.43257e+06	9.27564e+06	8.08833e+06	8.03786e+06	7.43614e+06
O60508	O60508		CDC40		1.43679e+06	1.4942e+06	1.48204e+06	1.68036e+06	1.42467e+06	1.36132e+06	1.45698e+06	935242
O60512	O60512		B4GALT3		2.58319e+06	2.45511e+06	3.16348e+06	4.00351e+06	2.74152e+06	5.48637e+06	2.96114e+06	3.87837e+06
O60513	O60513		B4GALT4		3.92701e+06	3.68414e+06	3.84508e+06	3.68397e+06	6.17971e+06	5.62548e+06	4.3414e+06	5.6862e+06
O60518	O60518		RANBP6		4.84346e+06	6.44952e+06	4.73968e+06	5.33574e+06	8.06502e+06	1.22986e+07	5.38764e+06	1.33555e+07
O60524	O60524		NEMF		4.38927e+06	4.70246e+06	5.47413e+06	5.9774e+06	4.34886e+06	4.20423e+06	5.1147e+06	3.95518e+06
O60547	O60547		GMDS		4.04824e+06	4.08833e+06	4.20685e+06	3.48801e+06	3.76923e+06	3.61393e+06	4.93259e+06	4.26368e+06
O60551	O60551		NMT2		1.20559e+06	1.654e+06	1.61177e+06	1.64731e+06	1.4052e+06	1.36134e+06	1.98989e+06	1.96273e+06
O60563	O60563		CCNT1		5.22754e+06	4.36463e+06	3.65062e+06	3.43791e+06	4.70361e+06	5.01379e+06	3.81255e+06	4.35883e+06
O60565	O60565		GREM1		2.44317e+06	1.59466e+06	3.71037e+06	2.08055e+06	3.56334e+06	6.03366e+06	3.10368e+06	5.16998e+06
O60566	O60566		BUB1B		2.58674e+06	2.32932e+06	3.5177e+06	3.65472e+06	2.46872e+06	3.40714e+06	2.12353e+06	2.37541e+06
O60568	O60568		PLOD3		1.15382e+08	9.1745e+07	1.01923e+08	8.76715e+07	1.13031e+08	1.0563e+08	8.88943e+07	9.12933e+07
O60573	O60573		EIF4E2		4.83202e+06	7.82514e+06	5.49787e+06	7.22901e+06	4.62832e+06	4.85057e+06	5.06739e+06	4.54931e+06
O60610	O60610		DIAPH1		1.3126e+07	2.25998e+07	2.03298e+07	2.641e+07	1.2509e+07	1.68837e+07	1.77506e+07	1.58377e+07
O60613	O60613		SELENOF		1.79106e+07	6.41187e+06	1.53358e+07	7.58169e+06	1.86068e+07	1.37124e+07	1.29281e+07	1.23533e+07
O60637	O60637		TSPAN3		2.85897e+06	2.54238e+06	3.9026e+06	3.79561e+06	2.05708e+06	6.99509e+06	2.93821e+06	7.22564e+06
O60641	O60641		SNAP91		2.17366e+06	2.63452e+06	2.69874e+06	3.54354e+06	2.6712e+06	1.53035e+06	3.01786e+06	1.5516e+06
O60645	O60645		EXOC3		1.66635e+07	1.95562e+07	1.67617e+07	2.01247e+07	1.67955e+07	1.40584e+07	1.57445e+07	1.56304e+07
O60658	O60658		PDE8A		4.23672e+06	5.15812e+06	3.37984e+06	3.2638e+06	4.6382e+06	3.64601e+06	3.46531e+06	3.96895e+06
O60664	O60664		PLIN3		3.06004e+07	6.73951e+07	6.60198e+07	8.70065e+07	3.47356e+07	3.92952e+07	4.85663e+07	2.68031e+07
O60669	O60669		SLC16A7		2.53421e+06	2.48646e+06	3.02315e+06	2.79697e+06	2.07169e+06	3.36319e+06	2.21931e+06	3.07626e+06
O60674	O60674		JAK2		5.14312e+06	6.34952e+06	4.7056e+06	4.00338e+06	6.72352e+06	3.85752e+06	5.55943e+06	4.75729e+06
O60678	O60678		PRMT3		4.82734e+06	9.5239e+06	8.15405e+06	9.08518e+06	5.7864e+06	9.29758e+06	9.07904e+06	1.1106e+07
O60683	O60683		PEX10		3.48414e+06	3.09663e+06	3.11421e+06	2.74911e+06	3.29574e+06	4.4967e+06	3.24009e+06	4.58334e+06
O60684	O60684		KPNA6		7.91313e+06	1.82922e+07	1.33142e+07	1.99593e+07	9.40654e+06	1.21072e+07	1.33833e+07	1.14118e+07
O60687	O60687		SRPX2		1.45325e+06	929825		1.22085e+06			960283	621238
O60688	O60688		YPEL1			848836	599017	620451	712905	606649	705245	788170
O60701	O60701		UGDH		2.04266e+07	3.46452e+07	2.41489e+07	2.47483e+07	2.20524e+07	2.88341e+07	2.75931e+07	3.61191e+07
O60704	O60704		TPST2		3.19691e+06	2.68234e+06	3.1274e+06	2.80845e+06	4.03803e+06	4.15506e+06	3.2746e+06	3.22736e+06
O60711	O60711		LPXN		2.73525e+06	3.37127e+06	2.97314e+06	2.35746e+06	3.98909e+06	2.14858e+06	3.99055e+06	3.63954e+06
O60716	O60716		CTNND1		8.72668e+07	8.42394e+07	7.9415e+07	6.46106e+07	8.90496e+07	9.87467e+07	9.40659e+07	1.11039e+08
O60725	O60725		ICMT		1.71777e+07	1.32735e+07	1.70289e+07	1.7479e+07	1.63691e+07	3.065e+07	1.46469e+07	2.22259e+07
O60749	O60749		SNX2		1.17014e+07	1.57768e+07	1.49331e+07	1.64433e+07	1.26801e+07	1.16127e+07	1.52221e+07	1.28659e+07
O60762	O60762		DPM1		4.62797e+07	5.08002e+07	4.76375e+07	5.13092e+07	4.94991e+07	7.13717e+07	5.56296e+07	7.53393e+07
O60763	O60763		USO1		8.20164e+06	2.21099e+07	1.92609e+07	3.06543e+07	1.023e+07	1.07471e+07	1.49533e+07	8.66555e+06
O60779	O60779		SLC19A2		5.42092e+06	3.74147e+06	5.24114e+06	3.67025e+06	4.62681e+06	6.21767e+06	4.29289e+06	4.358e+06
O60783	O60783		MRPS14		2.64429e+07	8.96472e+06	2.11698e+07	9.57339e+06	2.41652e+07	1.52659e+07	1.91679e+07	1.68194e+07
O60784	O60784		TOM1		1.27128e+07	1.93122e+07	1.23937e+07	1.11859e+07	1.65591e+07	8.03705e+06	1.36211e+07	9.82983e+06
O60814	O60814		H2BC12		1.42333e+08	5.84248e+08	3.07605e+08	8.88843e+08	3.78313e+08	2.97777e+08	5.76821e+08	1.73998e+08
O60825	O60825		PFKFB2		519090	926143	555372	854855	395131	697429	565654	582431
O60826	O60826		CCDC22		2.82005e+06	3.06593e+06	2.68605e+06	3.00751e+06	2.56923e+06	2.55713e+06	2.61455e+06	2.43876e+06
O60828	O60828		PQBP1		1.23259e+06	2.86806e+06	2.30185e+06	2.35516e+06	2.20867e+06	1.85451e+06	2.33047e+06	2.46459e+06
O60830	O60830		TIMM17B		2.22494e+07	2.08607e+07	2.10899e+07	1.81883e+07	2.40426e+07	2.79986e+07	1.97047e+07	2.57673e+07
O60831	O60831		PRAF2		1.78018e+07	1.48656e+07	1.43764e+07	1.29749e+07	1.86443e+07	1.78264e+07	1.33953e+07	2.05692e+07
O60832	O60832		DKC1		3.77225e+06	7.7095e+06	5.5517e+06	7.20221e+06	5.54542e+06	4.24429e+06	5.97385e+06	3.96888e+06
O60841	O60841		EIF5B		7.20461e+06	8.77661e+06	1.01688e+07	1.04518e+07	6.8099e+06	5.71385e+06	8.16714e+06	4.08257e+06
O60858	O60858		TRIM13		2.30648e+06	2.31978e+06	2.62728e+06	3.36498e+06	3.89793e+06	3.92325e+06	3.34984e+06	4.01761e+06
O60869	O60869		EDF1		7.507e+06	7.38411e+06	6.12496e+06	6.51863e+06	7.66496e+06	6.41057e+06	6.78526e+06	6.9093e+06
O60870	O60870		KIN		2.5298e+06	2.91642e+06	3.1337e+06	3.92098e+06	2.44938e+06	2.19338e+06	2.80519e+06	2.6754e+06
O60884	O60884		DNAJA2		1.11611e+07	1.2201e+07	1.45026e+07	1.44597e+07	9.60194e+06	1.43588e+07	1.1166e+07	1.21919e+07
O60885	O60885		BRD4		2.171e+06	6.59714e+06	3.95737e+06	7.36209e+06	3.77973e+06	3.11249e+06	5.31968e+06	3.83656e+06
O60888	O60888		CUTA		6.54336e+07	4.78162e+07	5.20351e+07	2.57384e+07	8.06849e+07	3.99823e+07	8.21293e+07	5.33831e+07
O60906	O60906		SMPD2		8.6986e+06	8.07665e+06	9.29131e+06	7.63767e+06	7.83698e+06	9.50829e+06	7.96589e+06	6.47534e+06
O60911	O60911		CTSV		1.99048e+06	1.63053e+06	722198	1.14061e+06	903776	815706	1.22162e+06	1.73212e+06
O60925	O60925		PFDN1		2.94174e+06	5.99311e+06	4.63493e+06	6.16212e+06	3.70154e+06	3.27934e+06	6.08934e+06	4.95209e+06
O60927	O60927		PPP1R11		631441	794963	651816	481763	708972	486861	818592	512576
O60930	O60930		RNASEH1		1.56671e+06	1.80707e+06	1.73897e+06	1.71988e+06	2.16811e+06	2.05955e+06	2.5295e+06	1.62887e+06
O60934	O60934		NBN		1.49864e+06	3.30712e+06	1.86939e+06	2.82377e+06	2.17367e+06	1.7219e+06	2.48882e+06	1.61822e+06
O60936	O60936		NOL3		951155	992395	792663	789778	824960	576334	1.10369e+06	
O60941	O60941		DTNB		4.77157e+06	3.52885e+06	4.88746e+06	4.13509e+06	4.51852e+06	4.61867e+06	4.78481e+06	4.36691e+06
O60942	O60942		RNGTT		1.2784e+06	2.6942e+06	2.07496e+06	3.40066e+06	1.15859e+06	2.64624e+06	1.65783e+06	2.13266e+06
O75027	O75027		ABCB7		6.44342e+07	7.09295e+07	6.6657e+07	6.14419e+07	7.88448e+07	8.74275e+07	7.89516e+07	1.01628e+08
O75037	O75037		KIF21B		3.54533e+06	1.96753e+06	3.12389e+06	2.07874e+06	2.66268e+06	3.12562e+06	2.60543e+06	2.27953e+06
O75044	O75044		SRGAP2		1.17519e+08	9.23417e+07	1.1765e+08	1.0188e+08	9.09627e+07	1.01348e+08	1.05104e+08	8.3755e+07
O75051	O75051		PLXNA2		1.21571e+07	1.79664e+07	1.74418e+07	1.82716e+07	1.25072e+07	1.64589e+07	1.97166e+07	1.47556e+07
O75052	O75052		NOS1AP		3.46903e+06	2.88022e+06	3.25331e+06	2.31285e+06	2.53836e+06	2.22483e+06	2.79655e+06	2.09375e+06
O75054	O75054		IGSF3		4.01116e+07	2.02854e+07	2.96266e+07	2.336e+07	2.54999e+07	3.65433e+07	2.45468e+07	2.52801e+07
O75063	O75063		FAM20B		1.12783e+07	1.07438e+07	1.05179e+07	1.0962e+07	1.48217e+07	1.45374e+07	1.14457e+07	1.19755e+07
O75064	O75064		DENND4B		1.27377e+07	1.03367e+07	1.18648e+07	1.19058e+07	1.40606e+07	1.40148e+07	1.38747e+07	1.29255e+07
O75071	O75071		EFCAB14		9.5632e+06	9.37526e+06	1.03202e+07	1.01082e+07	9.41537e+06	1.28874e+07	1.01229e+07	1.2344e+07
O75072	O75072		FKTN		1.37765e+06	1.73741e+06	1.43606e+06	1.58622e+06	1.74806e+06	1.84712e+06	1.81961e+06	2.06617e+06
O75083	O75083		WDR1		4.2699e+07	3.68188e+07	3.91742e+07	3.47189e+07	3.10995e+07	4.08845e+07	4.17754e+07	4.00984e+07
O75093	O75093		SLIT1		1.38185e+07	1.80052e+07	1.55475e+07	2.12105e+07	2.28325e+07	2.67381e+07	2.13165e+07	2.56285e+07
O75094	O75094		SLIT3		1.91655e+06	1.05842e+06	1.60089e+06	1.11327e+06	1.53754e+06	1.25641e+06	1.89927e+06	1.37768e+06
O75096	O75096		LRP4		828786	591529	658029	381352	994964	897399	789985	876340
O75110	O75110		ATP9A		1.26763e+07	7.83968e+06	1.30301e+07	1.04714e+07	9.78477e+06	9.79398e+06	8.57771e+06	7.62673e+06
O75113	O75113		N4BP1		3.82509e+06	5.3879e+06	4.6482e+06	4.81717e+06	3.99366e+06	3.99672e+06	4.80704e+06	4.38593e+06
O75116	O75116		ROCK2		1.08324e+07	8.36987e+06	1.14117e+07	1.18517e+07	9.72249e+06	9.99867e+06	8.80196e+06	8.74593e+06
O75122	O75122		CLASP2		4.73954e+07	5.3644e+07	5.67354e+07	6.4336e+07	5.20071e+07	4.65097e+07	5.61748e+07	4.87112e+07
O75127	O75127		PTCD1		6.32293e+06	4.90309e+06	6.27022e+06	3.16278e+06	8.28678e+06	7.63949e+06	7.79493e+06	9.29695e+06
O75131	O75131		CPNE3		2.82604e+07	3.30031e+07	5.17157e+07	5.28811e+07	2.33137e+07	5.85442e+07	4.9015e+07	4.43505e+07
O75143	O75143		ATG13		2.34122e+06	2.63968e+06	2.33752e+06	2.19849e+06	2.70457e+06	2.21859e+06	2.48766e+06	2.51393e+06
O75144	O75144		ICOSLG		4.12997e+06	772771	2.4333e+06	1.08749e+06	3.1817e+06	1.36649e+06	1.56734e+06	1.07492e+06
O75145	O75145		PPFIA3		1.28601e+06	1.75008e+06	1.11992e+06	1.50488e+06	1.22948e+06	1.15738e+06	1.38068e+06	1.24794e+06
O75146	O75146		HIP1R		9.32413e+06	1.00542e+07	8.49655e+06	8.88274e+06	7.80877e+06	6.72138e+06	7.0007e+06	5.91841e+06
O75147	O75147		OBSL1		8.35995e+06	4.90238e+06	4.93805e+06	4.43078e+06	8.90698e+06	8.33409e+06	7.08094e+06	1.06714e+07
O75150	O75150		RNF40		1.67725e+06	9.13852e+06	3.3991e+06	1.00188e+07	2.86477e+06	3.80355e+06	4.27569e+06	4.01038e+06
O75152	O75152		ZC3H11A		206672	305093	380320	397362	272097	144314	532511	150041
O75153	O75153		CLUH		1.07403e+07	1.42659e+07	1.43734e+07	1.49811e+07	1.37315e+07	1.40371e+07	1.53267e+07	1.34169e+07
O75155	O75155		CAND2		1.09943e+06	1.7833e+06	2.24357e+06	3.69163e+06	1.1477e+06	1.42185e+06	1.58064e+06	1.0557e+06
O75157	O75157		TSC22D2		2.12873e+06	1.73612e+06	2.42162e+06	1.89842e+06	1.93393e+06	1.61001e+06	2.2643e+06	1.7356e+06
O75159	O75159		SOCS5		274646	272903	207538	158442			239302	267150
O75164	O75164		KDM4A		2.12771e+06	1.53443e+06	1.57554e+06	919716	1.85811e+06	1.37418e+06	1.96783e+06	1.75692e+06
O75165	O75165		DNAJC13		2.07053e+07	2.51357e+07	2.49757e+07	3.24597e+07	1.77358e+07	2.1086e+07	2.09304e+07	1.91625e+07
O75167	O75167		PHACTR2		652795	500920	586292	706208	654299	1.03614e+06	553029	699781
O75170	O75170		PPP6R2			1.162e+07		1.30712e+07	4.80132e+07		3.12511e+07	
O75175	O75175		CNOT3		7.60815e+06	9.39221e+06	8.24592e+06	8.60856e+06	7.69197e+06	5.54594e+06	9.11959e+06	4.92808e+06
O75179	O75179		ANKRD17		2.38267e+06	2.45028e+06	2.47783e+06	2.08888e+06	2.95901e+06	2.1796e+06	2.87838e+06	2.26701e+06
O75190	O75190		DNAJB6		1.25954e+07	1.61415e+07	1.37097e+07	1.67697e+07	1.13608e+07	1.74808e+07	1.10858e+07	1.56825e+07
O75197	O75197		LRP5		2.93056e+06	1.55475e+06	2.34244e+06	1.53695e+06	3.19768e+06	2.76373e+06	2.44094e+06	3.07638e+06
O75204	O75204		TMEM127		430306	321607	545710	407586	425771	734583	407785	963896
O75208	O75208		COQ9		1.81032e+07	8.76061e+06	1.10696e+07	4.91897e+06	2.43601e+07	5.53705e+06	1.633e+07	7.65445e+06
O75223	O75223		GGCT		5.02011e+06	8.01646e+06	5.11565e+06	3.69782e+06	3.87949e+06	4.75387e+06	4.89195e+06	4.73656e+06
O75251	O75251		NDUFS7		1.766e+08	1.49246e+08	1.63127e+08	1.52283e+08	1.55359e+08	2.23886e+08	1.60684e+08	1.99878e+08
O75298	O75298		RTN2		8.71353e+06	4.74783e+06	9.68636e+06	9.25187e+06	7.04542e+06	1.03845e+07	8.6689e+06	9.5305e+06
O75306	O75306		NDUFS2		1.67291e+08	1.44514e+08	1.52375e+08	1.39674e+08	1.4645e+08	1.93311e+08	1.51069e+08	1.78754e+08
O75312	O75312		ZPR1		7.08578e+07	1.17905e+08	9.76636e+07	1.09734e+08	7.36337e+07	1.00392e+08	1.1135e+08	1.01343e+08
O75317	O75317		USP12		967784	436458	658748	533691	880203	932783	633729	878233
O75323	O75323		NIPSNAP2		1.08647e+08	8.51938e+07	8.29119e+07	6.20455e+07	1.27984e+08	9.83809e+07	9.26022e+07	1.11895e+08
O75326	O75326		SEMA7A		4.33947e+07	1.02653e+07	2.93486e+07	2.86994e+07	2.67763e+07	3.32891e+07	1.8959e+07	1.79794e+07
O75330	O75330		HMMR		9.8506e+06	1.08824e+07	1.14713e+07	1.03626e+07	1.08642e+07	1.30783e+07	1.18108e+07	1.31658e+07
O75339	O75339		CILP		2.67178e+06	3.38662e+06	2.8779e+06	3.53031e+06	3.06852e+06	4.28194e+06	2.80089e+06	5.21377e+06
O75340	O75340		PDCD6		2.51622e+07	5.96758e+07	4.40835e+07	5.54557e+07	3.37345e+07	3.88291e+07	4.34693e+07	3.98367e+07
O75342	O75342		ALOX12B		1.18456e+07	2.91379e+07	9.80501e+06	1.65138e+07	9.47467e+06	9.39063e+06	1.59259e+07	1.39872e+07
O75347	O75347		TBCA		1.91352e+07	2.00405e+07	2.30151e+07	1.53872e+07	1.73621e+07	1.55106e+07	2.75409e+07	1.41819e+07
O75348	O75348		ATP6V1G1		1.26572e+07	1.84951e+07	1.52405e+07	1.59137e+07	1.34469e+07	2.18991e+07	1.7336e+07	2.58531e+07
O75351	O75351		VPS4B		1.43048e+07	3.21979e+07	2.36629e+07	2.9827e+07	1.70906e+07	2.8689e+07	2.27483e+07	3.08791e+07
O75352	O75352		MPDU1		3.89873e+07	5.50885e+07	3.97058e+07	4.49929e+07	5.74222e+07	6.45395e+07	5.79359e+07	8.76884e+07
O75354	O75354		ENTPD6		7.14158e+06	8.17415e+06	9.11657e+06	8.93002e+06	7.56758e+06	1.18913e+07	9.81494e+06	1.18205e+07
O75356	O75356		ENTPD5		1.65528e+06	748667	1.64186e+06	723446	1.94499e+06	1.25041e+06	1.18115e+06	870322
O75362	O75362		ZNF217		274457	1.28909e+06	522066	1.18497e+06	645296	512369	1.01984e+06	433594
O75365	O75365		PTP4A3		1.91573e+06	1.1119e+06	1.75831e+06	1.48555e+06	1.29622e+06	1.28456e+06	1.48345e+06	1.17727e+06
O75367	O75367		MACROH2A1		1.10417e+07	4.97345e+07	2.27495e+07	5.01944e+07	3.17919e+07	1.62965e+07	4.27629e+07	1.30263e+07
O75368	O75368		SH3BGRL		1.09131e+07	1.27975e+07	1.04457e+07	8.24691e+06	1.04215e+07	8.17254e+06	1.35471e+07	8.96585e+06
O75369	O75369		FLNB		4.75715e+07	4.04765e+07	6.01809e+07	3.96953e+07	3.88761e+07	4.09203e+07	3.94905e+07	3.35448e+07
O75379	O75379		VAMP4		7.14733e+06	6.17788e+06	7.63919e+06	7.33392e+06	5.82733e+06	8.11315e+06	7.00233e+06	7.77487e+06
O75380	O75380		NDUFS6		5.95969e+07	5.08436e+07	5.88956e+07	5.77875e+07	5.33886e+07	6.67722e+07	5.21643e+07	5.73469e+07
O75381	O75381		PEX14		1.20863e+07	1.01167e+07	1.32103e+07	9.33343e+06	1.46569e+07	1.08867e+07	1.41925e+07	8.99947e+06
O75382	O75382		TRIM3		4.40934e+06	4.84608e+06	4.2901e+06	4.28169e+06	4.55202e+06	4.03388e+06	4.82527e+06	4.71933e+06
O75386	O75386		TULP3		614938	374112	584087	532762	703045	904760	502924	466436
O75387	O75387		SLC43A1		8.57592e+06	7.58151e+06	8.22138e+06	7.56556e+06	9.13963e+06	1.08322e+07	9.01032e+06	1.15587e+07
O75390	O75390		CS		6.13014e+08	3.60519e+08	5.11307e+08	2.03864e+08	7.67946e+08	3.84493e+08	6.38962e+08	4.55521e+08
O75391	O75391		SPAG7		2.13974e+06	3.6651e+06	3.03837e+06	2.99108e+06	3.65318e+06	2.03994e+06	3.81835e+06	2.52464e+06
O75394	O75394		MRPL33		1.90563e+07	1.72089e+07	1.55042e+07	1.0307e+07	2.57952e+07	1.83578e+07	2.20099e+07	2.18078e+07
O75396	O75396		SEC22B		1.32801e+08	1.34881e+08	1.59797e+08	1.67953e+08	1.512e+08	2.10231e+08	1.52038e+08	1.8314e+08
O75400	O75400		PRPF40A		3.84059e+06	5.97996e+06	5.08844e+06	7.74536e+06	6.07395e+06	4.61081e+06	5.45515e+06	5.00589e+06
O75410	O75410		TACC1		3.66573e+06	3.69615e+06	4.40544e+06	3.43429e+06	3.94364e+06	3.1677e+06	5.33185e+06	4.70739e+06
O75414	O75414		NME6		7.60581e+06	4.74811e+06	5.04694e+06	2.41464e+06	9.59094e+06	4.31852e+06	7.17581e+06	5.90089e+06
O75425	O75425		MOSPD3		182392	286830	295377	230435	142775	412958	248378	277386
O75427	O75427		LRCH4		2.03237e+07	2.24114e+07	2.41233e+07	2.76565e+07	2.08307e+07	2.67608e+07	2.30562e+07	2.8888e+07
O75431	O75431		MTX2		7.1643e+07	7.30235e+07	7.22262e+07	6.7534e+07	7.7252e+07	9.30318e+07	7.20931e+07	9.45504e+07
O75436	O75436		VPS26A		4.90098e+07	3.01289e+07	3.80088e+07	2.64476e+07	3.76265e+07	3.19154e+07	3.20687e+07	2.76931e+07
O75438	O75438		NDUFB1		4.71226e+07	5.38134e+07	4.14683e+07	5.38295e+07	4.94833e+07	5.85833e+07	4.43373e+07	6.04401e+07
O75439	O75439		PMPCB		4.77107e+07	2.51379e+07	4.10869e+07	1.17458e+07	6.26697e+07	2.02091e+07	5.5315e+07	2.8473e+07
O75448	O75448		MED24		2.77071e+06	5.91148e+06	3.11198e+06	6.74435e+06	3.08764e+06	3.71555e+06	3.7812e+06	4.48494e+06
O75449	O75449		KATNA1		6.79522e+06	7.14736e+06	1.01147e+07	1.15774e+07	5.50174e+06	5.71847e+06	6.50335e+06	4.36846e+06
O75460	O75460		ERN1		1.22442e+07	1.09856e+07	1.51937e+07	1.17374e+07	1.12668e+07	1.23755e+07	1.34662e+07	1.12084e+07
O75475	O75475		PSIP1		1.15587e+07	5.5072e+07	2.57594e+07	5.18497e+07	2.95405e+07	1.7748e+07	5.09698e+07	1.81346e+07
O75477	O75477		ERLIN1		3.63485e+07	4.11354e+07	4.8851e+07	5.26109e+07	4.42706e+07	7.55795e+07	4.77861e+07	6.31658e+07
O75487	O75487		GPC4		4.73385e+07	2.81223e+07	4.1099e+07	3.45826e+07	3.28437e+07	5.14465e+07	4.27046e+07	5.03664e+07
O75489	O75489		NDUFS3		1.40904e+08	1.18979e+08	1.25362e+08	1.17751e+08	1.31194e+08	1.66364e+08	1.18871e+08	1.45342e+08
O75494	O75494		SRSF10		2.98922e+06	4.25258e+06	3.98848e+06	5.24171e+06	4.22867e+06	2.48966e+06	5.51566e+06	3.07933e+06
O75503	O75503		CLN5		7.62968e+06	6.11666e+06	7.14992e+06	2.87192e+06	9.90449e+06	6.84617e+06	1.16533e+07	9.2201e+06
O75508	O75508		CLDN11		1.08498e+07	1.24627e+07	1.54434e+07	1.29359e+07	1.42599e+07	1.95355e+07	1.57868e+07	2.56614e+07
O75509	O75509		TNFRSF21		2.7727e+06	2.20238e+06	1.90171e+06	1.51889e+06	2.30499e+06	2.45146e+06	2.33685e+06	3.63543e+06
O75521	O75521		ECI2		4.00311e+07	3.30045e+07	4.174e+07	2.72435e+07	6.12479e+07	4.89824e+07	5.11432e+07	4.76881e+07
O75528	O75528		TADA3		541119	1.44921e+06	741633	1.43327e+06	684128	556200	925374	
O75530	O75530		EED		770910	2.29528e+06	1.28114e+06	1.96568e+06	1.16377e+06	1.59353e+06	1.77456e+06	1.3208e+06
O75531	O75531		BANF1		4.93853e+07	4.93105e+07	3.76451e+07	3.58514e+07	8.97129e+07	3.4374e+07	6.69744e+07	5.01926e+07
O75533	O75533		SF3B1		1.96129e+07	4.79247e+07	3.51441e+07	5.49191e+07	2.7118e+07	2.80717e+07	3.82198e+07	3.11896e+07
O75534	O75534		CSDE1		1.01561e+07	8.62083e+06	1.07048e+07	9.10568e+06	9.48687e+06	8.94407e+06	1.01735e+07	7.71742e+06
O75558	O75558		STX11		611695	334993	531848	445932	341825	510249	273810	259465
O75569	O75569		PRKRA		6.43243e+06	7.5643e+06	7.27565e+06	7.00057e+06	7.03519e+06	4.81446e+06	7.96809e+06	5.21853e+06
O75570	O75570		MTRF1		3.10385e+06	3.63745e+06	2.83633e+06	1.65482e+06	4.10545e+06	1.8442e+06	3.76709e+06	2.83495e+06
O75578	O75578		ITGA10		8.88446e+06	1.41766e+07	1.01751e+07	6.7829e+06	7.30273e+06	8.31452e+06	1.57372e+07	1.72584e+07
O75581	O75581		LRP6		3.71205e+06	2.32235e+06	3.22943e+06	2.32994e+06	4.11837e+06	4.82465e+06	3.9549e+06	4.71552e+06
O75582	O75582		RPS6KA5		1.22861e+06	6.21836e+06	3.81205e+06	4.79101e+06	2.75719e+06	3.6565e+06	3.93174e+06	4.11682e+06
O75586	O75586		MED6		7.98604e+06	1.70638e+07	1.08796e+07	1.42116e+07	1.14072e+07	1.11144e+07	1.14361e+07	1.27038e+07
O75592	O75592		MYCBP2		5.53111e+06	8.32109e+06	7.861e+06	7.92063e+06	5.55169e+06	5.29336e+06	6.54566e+06	5.45709e+06
O75600	O75600		GCAT		2.19961e+07	1.20981e+07	1.96642e+07	1.01387e+07	2.56863e+07	1.12283e+07	2.36544e+07	1.41755e+07
O75607	O75607		NPM3		1.90491e+06	9.5404e+06	6.00552e+06	1.13016e+07	3.08846e+06	7.25096e+06	5.86537e+06	6.6461e+06
O75608	O75608		LYPLA1		6.62137e+07	4.40237e+07	4.93904e+07	3.77738e+07	9.37307e+07	3.52364e+07	6.24409e+07	3.71117e+07
O75616	O75616		ERAL1		1.18507e+07	8.10885e+06	1.16014e+07	4.95638e+06	1.77743e+07	1.08959e+07	1.5642e+07	1.52905e+07
O75635	O75635		SERPINB7		1.29788e+06	3.1123e+06						
O75643	O75643		SNRNP200		4.6623e+06	1.28144e+07	9.02073e+06	1.51931e+07	6.91289e+06	7.17858e+06	9.14014e+06	6.59887e+06
O75648	O75648		TRMU		1.04534e+07	7.70902e+06	8.02752e+06	3.45028e+06	1.5237e+07	7.79416e+06	1.15184e+07	1.03905e+07
O75663	O75663		TIPRL		7.28111e+06	1.249e+07	1.35807e+07	1.76256e+07	7.27792e+06	1.11417e+07	1.10534e+07	9.0296e+06
O75665	O75665		OFD1		584906	482758	667857	496333	709163	493484	582473	394718
O75674	O75674		TOM1L1		8.89848e+06	8.98821e+06	8.12188e+06	8.22173e+06	1.01547e+07	7.81232e+06	8.77634e+06	8.83279e+06
O75683	O75683		SURF6		209111	878037	319903	695350	327840	334456	406695	421543
O75688	O75688		PPM1B		5.14837e+06	4.88531e+06	5.4186e+06	4.25444e+06	4.07005e+06	4.12879e+06	5.90338e+06	3.67948e+06
O75691	O75691		UTP20		9.97998e+06	7.12463e+06	7.53169e+06	7.14537e+06	9.52196e+06	7.37518e+06	8.1798e+06	8.05487e+06
O75694	O75694		NUP155		1.23936e+07	2.89933e+07	2.03326e+07	2.64192e+07	2.63236e+07	2.50429e+07	3.05894e+07	3.11399e+07
O75695	O75695		RP2		1.52381e+07	9.39005e+06	1.30668e+07	1.09945e+07	9.0805e+06	1.44825e+07	1.10266e+07	1.31923e+07
O75716	O75716		STK16		3.16964e+06	3.46945e+06	3.42937e+06	3.52836e+06	2.87886e+06	3.42104e+06	3.88597e+06	4.19557e+06
O75717	O75717		WDHD1		6.15494e+06	7.45246e+06	8.2555e+06	1.06428e+07	9.61261e+06	5.53521e+06	1.05486e+07	4.53731e+06
O75718	O75718		CRTAP		4.29527e+07	1.45849e+07	4.22115e+07	1.87036e+07	5.27274e+07	3.78423e+07	3.58132e+07	2.77695e+07
O75746	O75746		SLC25A12		1.27938e+08	1.20247e+08	1.22354e+08	1.2266e+08	1.23779e+08	1.87514e+08	9.89752e+07	1.44592e+08
O75752	O75752		B3GALNT1		4.43755e+06	3.27949e+06	4.72245e+06	5.91693e+06	3.62533e+06	7.66884e+06	6.07174e+06	5.37688e+06
O75762	O75762		TRPA1		1.00846e+07	1.20874e+07	8.97109e+06	9.5664e+06	1.10718e+07	1.67576e+07	9.78556e+06	2.2686e+07
O75781	O75781		PALM		6.19111e+06	1.02074e+06	4.83522e+06	3.36152e+06	3.74314e+06	2.26478e+06	3.37098e+06	953295
O75787	O75787		ATP6AP2		8.80802e+06	8.72216e+06	1.01047e+07	1.05807e+07	1.1234e+07	2.124e+07	9.88333e+06	1.6962e+07
O75792	O75792		RNASEH2A		6.48379e+06	1.36805e+07	9.61763e+06	1.21895e+07	8.30605e+06	9.14174e+06	1.05836e+07	9.73419e+06
O75794	O75794		CDC123		3.04296e+06	3.5526e+06	3.89374e+06	5.28171e+06	2.98408e+06	6.3804e+06	3.19488e+06	3.93093e+06
O75808	O75808		CAPN15			777956	539629		774405	607236	607163	
O75815	O75815		BCAR3		1.31478e+07	2.01222e+07	1.55508e+07	1.77014e+07	1.01683e+07	1.31186e+07	1.59594e+07	1.62059e+07
O75821	O75821		EIF3G		9.35496e+07	1.43952e+08	1.25397e+08	1.52484e+08	9.45569e+07	8.98781e+07	1.21984e+08	8.84765e+07
O75822	O75822		EIF3J		9.87939e+06	1.49165e+07	1.37452e+07	1.70697e+07	8.53542e+06	1.1858e+07	1.21443e+07	1.14668e+07
O75828	O75828		CBR3		5.34197e+07	5.50039e+07	4.81082e+07	3.16381e+07	5.78271e+07	3.12056e+07	6.41105e+07	4.91079e+07
O75832	O75832		PSMD10		2.76417e+07	3.40045e+07	2.89839e+07	3.24219e+07	2.38853e+07	2.69621e+07	3.62389e+07	3.36225e+07
O75843	O75843		AP1G2		1.18677e+06	1.19369e+06	1.34015e+06	1.14456e+06	1.49662e+06	1.53114e+06	1.656e+06	2.27363e+06
O75844	O75844		ZMPSTE24		6.48351e+07	7.9129e+07	8.24349e+07	8.83561e+07	7.60746e+07	1.46361e+08	7.86046e+07	1.26556e+08
O75865	O75865		TRAPPC6A		169103	446662	361688	316433	289962		412589	249933
O75874	O75874		IDH1		1.54639e+07	1.3972e+07	1.52481e+07	1.179e+07	1.08171e+07	1.24303e+07	1.55128e+07	1.13045e+07
O75879	O75879		GATB		2.06702e+07	9.40459e+06	1.90271e+07	6.90298e+06	2.54295e+07	1.11131e+07	2.29651e+07	1.2677e+07
O75880	O75880		SCO1		7.63194e+07	1.41841e+08	8.54616e+07	8.40103e+07	1.10606e+08	1.24991e+08	1.37536e+08	1.81063e+08
O75882	O75882		ATRN		4.71003e+06	3.6675e+06	4.35944e+06	3.24022e+06	5.36137e+06	6.46391e+06	4.32641e+06	5.23052e+06
O75884	O75884		RBBP9		1.0117e+06	1.27831e+06	1.38981e+06	1.42488e+06	1.2326e+06	1.41955e+06	1.09073e+06	1.03613e+06
O75886	O75886		STAM2		1.00516e+07	7.81556e+06	8.40433e+06	8.10391e+06	6.76875e+06	7.43138e+06	6.91713e+06	7.08528e+06
O75907	O75907		DGAT1		1.39783e+07	1.24542e+07	1.49822e+07	1.31697e+07	1.31218e+07	1.74133e+07	1.21918e+07	1.06052e+07
O75909	O75909		CCNK		2.34233e+06	8.71934e+06	5.39608e+06	1.0646e+07	3.83396e+06	9.81263e+06	5.45353e+06	7.80434e+06
O75911	O75911		DHRS3		1.68142e+07	3.23341e+07	2.0746e+07	2.42821e+07	3.18486e+07	2.88413e+07	2.54197e+07	2.69388e+07
O75915	O75915		ARL6IP5		6.15812e+07	3.6793e+07	6.3192e+07	6.41547e+07	5.50625e+07	8.7765e+07	5.38112e+07	6.55496e+07
O75925	O75925		PIAS1		311695	1.52682e+06	920521	1.73407e+06	858744	1.47916e+06	917640	1.0859e+06
O75934	O75934		BCAS2		3.31826e+06	5.93613e+06	4.43609e+06	6.18867e+06	4.4809e+06	4.26958e+06	5.44368e+06	4.03987e+06
O75935	O75935		DCTN3		7.67051e+06	8.22127e+06	7.37139e+06	6.21924e+06	7.59015e+06	5.37038e+06	5.99327e+06	5.50683e+06
O75936	O75936		BBOX1		399403	377918	274452	335734	296083	321413	370924	397376
O75937	O75937		DNAJC8		1.04481e+07	1.16482e+07	1.23434e+07	9.00541e+06	1.41252e+07	6.88604e+06	1.43753e+07	8.9475e+06
O75940	O75940		SMNDC1		3.90718e+06	4.44998e+06	5.9394e+06	4.86852e+06	3.51115e+06	2.90984e+06	5.00552e+06	2.67049e+06
O75947	O75947		ATP5PD		4.7637e+08	5.54274e+08	4.98631e+08	5.17771e+08	5.78521e+08	7.52202e+08	5.60245e+08	8.3472e+08
O75954	O75954		TSPAN9		2.38771e+07	1.38477e+07	1.50256e+07	1.18776e+07	2.24517e+07	1.56912e+07	1.41219e+07	1.45099e+07
O75955	O75955		FLOT1		3.34617e+07	2.29597e+07	3.21843e+07	2.53717e+07	2.70074e+07	3.41834e+07	2.89515e+07	2.97056e+07
O75962	O75962		TRIO		5.55845e+06	7.69891e+06	5.89851e+06	7.18342e+06	6.29586e+06	4.85234e+06	6.25265e+06	5.62078e+06
O75964	O75964		ATP5MG		1.59746e+09	1.81479e+09	1.47608e+09	1.49577e+09	1.72313e+09	2.41075e+09	1.7452e+09	2.36942e+09
O75970	O75970		MPDZ		2.93391e+07	2.71159e+07	3.24413e+07	2.46432e+07	3.06116e+07	2.20711e+07	3.56255e+07	2.54215e+07
O75973	O75973		C1QL1		1.63185e+06	736266	1.35312e+06	1.08905e+06	1.44056e+06	3.46194e+06	981326	1.73245e+06
O75976	O75976		CPD		1.65372e+07	2.2659e+07	1.91764e+07	1.69401e+07	2.23049e+07	2.04417e+07	2.62936e+07	2.51298e+07
O76003	O76003		GLRX3		1.98023e+07	2.98207e+07	3.41057e+07	4.68854e+07	1.65566e+07	2.91627e+07	2.64092e+07	2.17252e+07
O76021	O76021		RSL1D1		1.22751e+07	3.02968e+07	2.09962e+07	3.86409e+07	1.47134e+07	1.7426e+07	2.37619e+07	1.4164e+07
O76024	O76024		WFS1		3.59719e+07	2.89647e+07	3.87863e+07	3.6019e+07	4.22514e+07	4.79655e+07	3.904e+07	4.30616e+07
O76027	O76027		ANXA9			716299						
O76031	O76031		CLPX		3.53679e+07	2.2132e+07	3.21606e+07	1.94687e+07	4.22557e+07	2.89579e+07	3.89636e+07	3.36855e+07
O76054	O76054		SEC14L2		1.92781e+07	2.1985e+07	1.38336e+07	1.7402e+07	2.01268e+07	1.62635e+07	1.47316e+07	1.7163e+07
O76061	O76061		STC2		2.20522e+07	1.95995e+07	1.68548e+07	1.23567e+07	3.48502e+07	1.97887e+07	1.96395e+07	1.87643e+07
O76062	O76062		TM7SF2		4.39035e+06	4.83787e+06	3.09297e+06		7.00319e+06		4.4287e+06	5.49264e+06
O76071	O76071		CIAO1		8.11651e+06	9.70691e+06	1.13164e+07	1.33269e+07	8.31227e+06	8.60702e+06	1.03197e+07	7.31074e+06
O76075	O76075		DFFB			413585	406832	286804		332003	467385	311696
O76080	O76080		ZFAND5		383748	355684	293976	188022	335069	182728	377826	252384
O76081	O76081		RGS20		1.0905e+07	1.13545e+07	1.17929e+07	1.31543e+07	9.77679e+06	1.1283e+07	1.20502e+07	1.22344e+07
O76094	O76094		SRP72		1.3431e+07	2.37836e+07	2.31143e+07	3.15905e+07	1.46454e+07	1.83993e+07	2.1143e+07	1.86546e+07
O76095	O76095		JTB		3.35148e+06	3.78008e+06	3.5688e+06	4.04314e+06	3.28921e+06	7.97661e+06	3.50337e+06	6.30299e+06
O94760	O94760		DDAH1		1.42706e+07	1.30015e+07	1.75118e+07	1.4428e+07	7.60782e+06	1.49102e+07	1.65168e+07	1.2464e+07
O94761	O94761		RECQL4		438264	666528	588493	563001	492492	574796	611190	663091
O94763	O94763		URI1		2.52135e+06	3.64833e+06	3.25306e+06	2.75214e+06	3.37099e+06	2.17173e+06	3.39378e+06	2.26078e+06
O94766	O94766		B3GAT3		8.09391e+06	6.58782e+06	6.38008e+06	5.83165e+06	1.79799e+07	8.2975e+06	7.20481e+06	8.08448e+06
O94768	O94768		STK17B		752491	1.98591e+06	1.16941e+06	2.05086e+06	1.0561e+06	1.17541e+06	1.23224e+06	1.18403e+06
O94776	O94776		MTA2		2.04111e+07	1.14149e+08	4.90765e+07	1.32571e+08	4.01984e+07	4.71791e+07	6.23171e+07	4.30577e+07
O94782	O94782		USP1		232751	436168	382872	609297	259180	656672	242515	580072
O94788	O94788		ALDH1A2		2.26602e+06	1.00393e+06	2.76338e+06	2.29924e+06	1.84266e+06	2.573e+06	1.8078e+06	1.35017e+06
O94804	O94804		STK10		1.91842e+07	1.64737e+07	1.68696e+07	1.75515e+07	2.08199e+07	1.48475e+07	1.81977e+07	1.67268e+07
O94806	O94806		PRKD3		3.34989e+06	4.435e+06	4.53495e+06	5.36236e+06	2.85467e+06	3.77983e+06	4.43072e+06	3.63192e+06
O94808	O94808		GFPT2		2.77371e+07	3.39561e+07	3.02169e+07	3.62134e+07	3.35318e+07	1.91755e+07	2.26953e+07	1.69327e+07
O94813	O94813		SLIT2		3.33265e+06	2.37103e+06	2.68413e+06	1.47264e+06	6.28614e+06	2.96791e+06	3.91932e+06	4.43991e+06
O94822	O94822		LTN1		8.61125e+06	1.50033e+07	1.20704e+07	1.81931e+07	9.2832e+06	9.28598e+06	1.11458e+07	7.98921e+06
O94826	O94826		TOMM70		1.60212e+08	1.9816e+08	1.69981e+08	1.63285e+08	2.07803e+08	2.36919e+08	2.02292e+08	2.99575e+08
O94827	O94827		PLEKHG5		759847	716817	721788	1.28014e+06	549524	702520	692465	724031
O94829	O94829		IPO13		1.16081e+06	4.1464e+06	3.38263e+06	4.57893e+06	1.10126e+06	2.52729e+06	1.95568e+06	1.76401e+06
O94830	O94830		DDHD2		893087	1.10773e+06	993447	895606	937836	904359	1.14864e+06	912220
O94832	O94832		MYO1D		2.64205e+07	1.9677e+07	1.96166e+07	1.7067e+07	1.47006e+07	1.58454e+07	1.3945e+07	1.14027e+07
O94842	O94842		TOX4		859898	1.74773e+06	1.27283e+06	1.62608e+06	1.22239e+06	1.28718e+06	1.66634e+06	1.11632e+06
O94851	O94851		MICAL2		1.05366e+07	9.936e+06	1.02532e+07	6.51942e+06	1.41665e+07	9.42241e+06	1.01523e+07	9.3601e+06
O94855	O94855		SEC24D		9.9201e+06	1.02462e+07	1.02105e+07	1.24649e+07	1.05956e+07	1.02313e+07	1.13256e+07	9.60028e+06
O94864	O94864		SUPT7L		333091	1.52408e+06	865768	1.58586e+06	509931	1.02648e+06	917895	376901
O94874	O94874		UFL1		5.83265e+07	5.06346e+07	6.17793e+07	5.99706e+07	5.77002e+07	5.81812e+07	5.8132e+07	5.68522e+07
O94875	O94875		SORBS2		8.11675e+06	8.72053e+06	1.1817e+07	4.99476e+06	7.08826e+06	4.77096e+06	5.17941e+06	4.41793e+06
O94876	O94876		TMCC1		2.30882e+06	1.9967e+06	2.92173e+06	2.79676e+06	3.04026e+06	2.77132e+06	3.41272e+06	1.95099e+06
O94880	O94880		PHF14		1.48725e+06	4.22935e+06	2.35338e+06	5.04367e+06	2.79735e+06	2.25252e+06	3.76713e+06	1.97636e+06
O94886	O94886		TMEM63A		5.80353e+06	4.83244e+06	5.54956e+06	5.02798e+06	4.98991e+06	6.18934e+06	4.66132e+06	5.42031e+06
O94887	O94887		FARP2		5.55652e+06	6.05371e+06	4.06939e+06	3.07544e+06	7.91312e+06	4.30564e+06	6.17806e+06	5.46369e+06
O94888	O94888		UBXN7		3.80562e+06	8.2378e+06	6.42177e+06	8.67322e+06	4.5125e+06	4.67533e+06	6.0283e+06	4.53313e+06
O94898	O94898		LRIG2		3.81634e+06	5.66719e+06	5.25338e+06	4.60264e+06	5.11503e+06	7.12386e+06	6.6292e+06	8.42762e+06
O94901	O94901		SUN1		7.91028e+06	5.69396e+06	6.99904e+06	8.57874e+06	5.56194e+06	1.28057e+07	6.64198e+06	9.49537e+06
O94903	O94903		PLPBP		6.58162e+06	5.24882e+06	5.95104e+06	3.62811e+06	9.3613e+06	3.54245e+06	8.44689e+06	4.74954e+06
O94905	O94905		ERLIN2		5.11909e+07	8.36706e+07	6.5476e+07	7.17226e+07	7.52045e+07	9.36182e+07	8.85964e+07	1.17031e+08
O94906	O94906		PRPF6		5.7913e+06	1.83424e+07	1.20389e+07	1.9246e+07	8.73589e+06	1.07681e+07	1.24889e+07	1.14274e+07
O94907	O94907		DKK1		229340	346456	308280	198743	446388	596435	715940	1.47547e+06
O94910	O94910		ADGRL1		759837	523322	737454	562423	908806	695524	841724	764825
O94913	O94913		PCF11		911622	4.90729e+06	2.69473e+06	5.98495e+06	1.39373e+06	4.2912e+06	2.04315e+06	4.82054e+06
O94915	O94915		FRYL		8.29902e+06	8.96957e+06	8.95329e+06	1.02764e+07	1.01305e+07	5.65905e+06	9.68711e+06	5.99867e+06
O94916	O94916		NFAT5		905165	1.17603e+06	853818	1.18505e+06	754947	590178	769075	564702
O94919	O94919		ENDOD1		1.48472e+07	1.30958e+07	1.66435e+07	1.64851e+07	1.40652e+07	2.17266e+07	1.69847e+07	2.12577e+07
O94923	O94923		GLCE		7.65384e+06	8.43058e+06	8.73576e+06	9.14041e+06	8.61648e+06	1.23616e+07	7.75753e+06	9.49712e+06
O94925	O94925		GLS		9.28428e+07	6.70035e+07	8.67936e+07	4.73674e+07	1.21978e+08	7.72319e+07	1.12563e+08	8.03314e+07
O94927	O94927		HAUS5		3.48799e+06	5.03615e+06	4.33518e+06	5.0141e+06	4.62911e+06	2.877e+06	4.54555e+06	2.98525e+06
O94929	O94929		ABLIM3		542002	1.00195e+06	686782	691687	392330	334968	657460	389989
O94952	O94952		FBXO21			4.07342e+06	4.79167e+06	4.43125e+06	3.69285e+06	2.8655e+06		4.71479e+06
O94953	O94953		KDM4B		245803	362284	215479	451437	235945	259373	339670	337614
O94955	O94955		RHOBTB3		1.27323e+07	1.42509e+07	1.29613e+07	1.07833e+07	1.56341e+07	2.12452e+07	1.82334e+07	2.20405e+07
O94964	O94964		MTCL2		815866	861602	996099	1.08411e+06	651092	738506	818988	641220
O94966	O94966		USP19		3.50366e+06	5.0595e+06	5.08652e+06	6.00891e+06	3.93509e+06	6.54317e+06	5.29934e+06	5.77262e+06
O94967	O94967		WDR47		376963	558176	503864	863236	480257	499245	519780	457165
O94973	O94973		AP2A2		2.2736e+08	2.53082e+08	1.63452e+08	2.06191e+08	2.29233e+08	1.60031e+08	1.72267e+08	1.65598e+08
O94979	O94979		SEC31A		9.49339e+06	1.71273e+07	1.34272e+07	1.81645e+07	1.0103e+07	1.15003e+07	1.29387e+07	1.34282e+07
O94985	O94985		CLSTN1		4.75852e+06	3.47287e+06	4.29161e+06	4.32837e+06	5.15829e+06	5.47168e+06	4.39947e+06	5.73827e+06
O94986	O94986		CEP152		3.04902e+06	2.44306e+06	3.03081e+06	2.49317e+06	3.89444e+06	3.32815e+06	2.48136e+06	2.83071e+06
O94992	O94992		HEXIM1		1.25973e+06	1.43023e+06	1.36743e+06	1.69577e+06	1.17871e+06	1.44329e+06	1.44339e+06	1.49133e+06
O95049	O95049		TJP3		513398	421260	458230	416136	393736	139695	485580	
O95059	O95059		RPP14		724062	1.44035e+06	796855	1.03136e+06	939344	890285	1.15993e+06	1.17352e+06
O95067	O95067		CCNB2		5.78289e+06	5.20373e+06	3.90367e+06	6.19914e+06	5.98444e+06	9.36139e+06	5.61169e+06	7.56019e+06
O95070	O95070		YIF1A		1.46258e+07	1.59518e+07	1.34301e+07	1.69262e+07	1.70116e+07	1.80164e+07	1.24742e+07	1.89965e+07
O95071	O95071		UBR5		4.22993e+06	8.14821e+06	6.0006e+06	8.91442e+06	3.99673e+06	6.02938e+06	4.37948e+06	4.89555e+06
O95081	O95081		AGFG2		991639	1.53793e+06	1.52602e+06	1.74155e+06	1.08425e+06	1.24852e+06	1.47249e+06	1.53717e+06
O95084	O95084		PRSS23		3.34623e+06	3.21053e+06	2.60553e+06	1.98721e+06	6.30534e+06	3.87882e+06	2.92808e+06	4.7195e+06
O95104	O95104		SCAF4		3.56403e+06	1.13872e+07	7.26124e+06	1.30182e+07	3.92489e+06	6.62413e+06	6.60876e+06	6.28947e+06
O95136	O95136		S1PR2		1.091e+06	845542	880274	656504	1.11076e+06	955029	839974	652618
O95139	O95139		NDUFB6		3.62307e+07	3.52557e+07	3.48593e+07	3.08803e+07	4.09946e+07	6.08916e+07	3.76821e+07	9.69012e+07
O95140	O95140		MFN2		4.25056e+07	4.97559e+07	4.36314e+07	4.40676e+07	6.55913e+07	6.34068e+07	4.77974e+07	6.6556e+07
O95155	O95155		UBE4B		6.20232e+06	1.46836e+07	1.3388e+07	2.14463e+07	6.32816e+06	1.2183e+07	1.02085e+07	9.39361e+06
O95158	O95158		NXPH4		199047	530063	471043	446168	465860	1.36171e+06	435021	1.39711e+06
O95159	O95159		ZFPL1		3.99157e+07	4.01503e+07	3.84499e+07	3.7904e+07	5.60075e+07	4.9994e+07	4.06748e+07	4.00789e+07
O95163	O95163		ELP1		9.42151e+06	1.63121e+07	1.36399e+07	1.67088e+07	1.00773e+07	1.1101e+07	1.43831e+07	1.25791e+07
O95164	O95164		UBL3		3.24533e+06	2.82735e+06	2.89703e+06	2.74091e+06	2.62748e+06	3.41471e+06	2.98317e+06	2.66805e+06
O95166	O95166		GABARAP		2.71521e+06	4.35532e+06	3.72005e+06	3.96963e+06	3.08273e+06	4.29492e+06	3.75069e+06	4.35548e+06
O95167	O95167		NDUFA3		1.6379e+07	1.62135e+07	1.63084e+07	1.55463e+07	1.08723e+07	3.01605e+07	1.38397e+07	1.58951e+07
O95168	O95168		NDUFB4		8.4116e+07	7.59375e+07	7.90752e+07	7.75803e+07	6.02022e+07	1.04053e+08	6.81561e+07	8.57173e+07
O95169	O95169		NDUFB8		9.2667e+07	7.76108e+07	8.53384e+07	8.29695e+07	6.49338e+07	1.22558e+08	7.3514e+07	1.20371e+08
O95171	O95171		SCEL			3.2347e+06						
O95178	O95178		NDUFB2		1.33999e+06	883640	1.45042e+06	1.51997e+06	915781	1.47569e+06	932918	1.00142e+06
O95182	O95182		NDUFA7		2.78565e+07	2.39317e+07	2.86325e+07	2.76051e+07	2.14802e+07	3.33384e+07	2.32571e+07	2.65018e+07
O95183	O95183		VAMP5		2.55295e+07	1.63573e+07	1.97046e+07	2.39766e+07	1.7544e+07	2.85772e+07	1.88243e+07	2.26774e+07
O95197	O95197		RTN3		4.91709e+07	4.11801e+07	4.66998e+07	4.71915e+07	5.45884e+07	6.75075e+07	5.18783e+07	6.95096e+07
O95202	O95202		LETM1		2.06756e+08	2.50655e+08	2.24108e+08	1.93417e+08	2.51913e+08	2.52425e+08	2.51349e+08	2.94864e+08
O95208	O95208		EPN2		4.39901e+07	2.29728e+07	2.97414e+07	2.3626e+07	4.24431e+07	2.36459e+07	2.64497e+07	2.07159e+07
O95210	O95210		STBD1		4.61836e+06	1.96561e+06	4.1158e+06	2.65662e+06	3.44527e+06	1.46585e+06	4.14725e+06	1.69874e+06
O95214	O95214		LEPROTL1		1.63935e+06	2.40662e+06	2.16446e+06	2.15962e+06	2.75459e+06	3.4933e+06	2.80684e+06	4.43134e+06
O95218	O95218		ZRANB2		297823	357468	326642	304531	202917	439692	341280	314735
O95219	O95219		SNX4		6.37833e+06	6.31174e+06	7.55554e+06	8.48452e+06	5.58068e+06	5.52272e+06	6.5911e+06	5.28071e+06
O95232	O95232		LUC7L3		4.37294e+06	7.11046e+06	5.11805e+06	8.49761e+06	5.89801e+06	8.18335e+06	5.43927e+06	7.80254e+06
O95235	O95235		KIF20A		1.20177e+06	1.91745e+06	1.38438e+06	2.10497e+06	1.44886e+06	1.75246e+06	1.98658e+06	2.40495e+06
O95239	O95239		KIF4A		1.82225e+06	5.45922e+06	3.0595e+06	7.61086e+06	2.3453e+06	4.37283e+06	5.08669e+06	4.75579e+06
O95248	O95248		SBF1		2.88095e+06	2.42128e+06	2.63649e+06	2.47566e+06	2.40851e+06	2.50209e+06	2.16212e+06	2.50171e+06
O95249	O95249		GOSR1		1.21681e+07	1.38261e+07	1.47844e+07	1.51023e+07	1.53541e+07	2.43929e+07	1.69935e+07	2.41351e+07
O95251	O95251		KAT7			3.34218e+06		3.58709e+06	2.76924e+06	1.81637e+06	2.86724e+06	2.23814e+06
O95258	O95258		SLC25A14		1.04497e+07	1.43181e+07	9.13887e+06	9.67388e+06	8.7971e+06	1.17616e+07	1.05721e+07	1.4348e+07
O95260	O95260		ATE1		1.85275e+06	1.66279e+06	1.9302e+06	1.44803e+06	1.40462e+06	1.42744e+06	1.61608e+06	1.341e+06
O95263	O95263		PDE8B		2.88007e+06	2.52707e+06	2.92344e+06	2.8091e+06	2.48764e+06	2.09012e+06	2.18318e+06	2.12628e+06
O95271	O95271		TNKS		1.36228e+06	1.24455e+06	1.02706e+06	1.07847e+06	1.27372e+06	986069	1.19825e+06	944101
O95273	O95273		CCNDBP1		521499	1.05099e+06	1.158e+06	1.65438e+06	511637	1.51148e+06	943558	997144
O95292	O95292		VAPB		4.21423e+07	4.21255e+07	4.17198e+07	4.76521e+07	5.1227e+07	5.56972e+07	4.67052e+07	6.20499e+07
O95294	O95294		RASAL1			5.83418e+06	4.53692e+06	6.2984e+06	5.02446e+06	5.61459e+06	5.8917e+06	1.64794e+06
O95295	O95295		SNAPIN		2.36618e+06	2.25769e+06	2.40132e+06	2.60561e+06	2.39397e+06	2.71912e+06	2.95122e+06	2.25775e+06
O95297	O95297		MPZL1		5.32958e+07	3.14413e+07	5.28395e+07	3.96666e+07	3.97676e+07	5.79785e+07	3.59626e+07	4.27498e+07
O95298	O95298		NDUFC2		7.2868e+07	7.46154e+07	7.34267e+07	7.5215e+07	6.25966e+07	9.06427e+07	6.33062e+07	7.76785e+07
O95299	O95299		NDUFA10		8.09402e+07	7.83056e+07	8.19817e+07	7.70788e+07	6.76751e+07	9.33543e+07	7.32236e+07	8.20342e+07
O95302	O95302		FKBP9		2.401e+07	8.20088e+06	2.01857e+07	1.25083e+07	2.47846e+07	2.0034e+07	1.9817e+07	1.36761e+07
O95319	O95319		CELF2		44664.1		51826.9	69841.3		35287.8		
O95336	O95336		PGLS		9.37278e+06	2.05902e+07	1.12619e+07	1.48982e+07	1.06907e+07	9.62982e+06	1.40534e+07	1.32232e+07
O95340	O95340		PAPSS2		9.41546e+06	1.35635e+07	1.48843e+07	2.50689e+07	8.32553e+06	1.49079e+07	1.26914e+07	1.07037e+07
O95342	O95342		ABCB11		1.18406e+06		1.37824e+06	1.09133e+06	338491	1.65673e+06		
O95347	O95347		SMC2		2.532e+07	4.27269e+07	3.45654e+07	5.22999e+07	2.597e+07	3.74982e+07	3.24994e+07	3.45408e+07
O95352	O95352		ATG7		7.11902e+06	9.82578e+06	8.98379e+06	1.0991e+07	8.2902e+06	7.72729e+06	9.99449e+06	7.83063e+06
O95359	O95359		TACC2		1.2991e+06	2.13919e+06	1.90536e+06	1.5308e+06	1.51018e+06	1.01335e+06	1.96339e+06	1.3146e+06
O95361	O95361		TRIM16			2.95137e+06		1.56347e+06			1.01996e+06	1.29012e+06
O95363	O95363		FARS2		1.0442e+07	8.36075e+06	1.00139e+07	5.48926e+06	1.34252e+07	8.52645e+06	1.2917e+07	9.8469e+06
O95365	O95365		ZBTB7A		479108	1.13412e+06	688263	1.87899e+06	683984	668001	769229	464164
O95372	O95372		LYPLA2		3.32242e+07	6.12764e+07	4.6146e+07	6.59972e+07	3.78688e+07	4.25946e+07	4.48129e+07	3.90281e+07
O95373	O95373		IPO7		1.47945e+07	2.81509e+07	2.69395e+07	4.44556e+07	1.86785e+07	2.87877e+07	2.3289e+07	2.45338e+07
O95376	O95376		ARIH2		3.29935e+06	3.79466e+06	4.43608e+06	4.77899e+06	2.77481e+06	3.84563e+06	4.11987e+06	3.37283e+06
O95379	O95379		TNFAIP8		935756	1.37372e+06	929289	1.15826e+06	1.20675e+06	695804	1.32224e+06	861081
O95391	O95391		SLU7		947851		865738	946796				
O95394	O95394		PGM3		9.71519e+06	9.45224e+06	1.10898e+07	1.2294e+07	8.20239e+06	8.89445e+06	9.50182e+06	7.2106e+06
O95396	O95396		MOCS3		787175	1.57922e+06	1.04277e+06	1.73847e+06	858099	1.48088e+06	1.17398e+06	1.57709e+06
O95400	O95400		CD2BP2			2.66879e+06	1.62397e+06	2.58598e+06	1.00801e+06	1.87083e+06	1.57614e+06	1.69044e+06
O95405	O95405		ZFYVE9		1.22085e+06	912968	978072	988729	948300	771318	1.09672e+06	815244
O95415	O95415		BRI3		5.70401e+06	4.85997e+06	5.60851e+06	4.56472e+06	4.48729e+06	8.41635e+06	5.85133e+06	5.78962e+06
O95425	O95425		SVIL		1.10042e+07	1.0199e+07	9.00454e+06	9.29607e+06	9.35304e+06	6.83878e+06	9.65801e+06	8.61953e+06
O95427	O95427		PIGN		1.11676e+07	1.2423e+07	8.43008e+06	7.85944e+06	1.46645e+07	1.01954e+07	1.1047e+07	1.281e+07
O95429	O95429		BAG4		790371	1.31219e+06	977705	1.04576e+06	994496	1.05775e+06	1.22045e+06	1.61412e+06
O95433	O95433		AHSA1		3.4547e+07	6.52269e+07	6.88978e+07	9.81287e+07	4.61978e+07	6.18803e+07	5.51444e+07	5.34508e+07
O95453	O95453		PARN		1.15574e+06	2.20556e+06	1.46177e+06	2.42597e+06	1.08499e+06	1.29867e+06	1.74237e+06	1.12492e+06
O95456	O95456		PSMG1		9.91921e+06	1.59004e+07	1.17439e+07	1.41107e+07	8.99046e+06	1.30925e+07	1.33438e+07	1.70241e+07
O95466	O95466		FMNL1		1.03581e+07	6.12034e+06	1.03912e+07	9.27252e+06	6.52809e+06	9.37646e+06	4.75803e+06	3.73846e+06
O95470	O95470		SGPL1		3.19245e+07	2.78517e+07	2.93682e+07	3.17516e+07	3.40058e+07	3.87588e+07	2.51109e+07	3.11193e+07
O95476	O95476		CTDNEP1		1.12736e+07	1.06814e+07	1.0616e+07	1.18637e+07	1.35181e+07	2.05945e+07	1.10763e+07	2.04848e+07
O95477	O95477		ABCA1		2.20938e+06	2.4989e+06	2.18985e+06	1.28667e+06	2.65603e+06	1.15215e+06	2.47504e+06	1.14958e+06
O95479	O95479		H6PD		1.71383e+07	7.48252e+06	1.20209e+07	6.32556e+06	2.00786e+07	5.99765e+06	1.14796e+07	6.35327e+06
O95486	O95486		SEC24A		2.22832e+07	1.9405e+07	2.34065e+07	2.4984e+07	1.8453e+07	2.83263e+07	2.0227e+07	2.50498e+07
O95487	O95487		SEC24B		1.33146e+07	1.43646e+07	1.3514e+07	1.50103e+07	1.3179e+07	1.53538e+07	1.20509e+07	1.44317e+07
O95490	O95490		ADGRL2		1.16221e+07	6.71922e+06	1.12528e+07	9.57429e+06	7.85515e+06	1.47946e+07	8.5022e+06	8.90258e+06
O95528	O95528		SLC2A10		1.78394e+06	910565	1.29476e+06	1.27209e+06	1.1129e+06	1.33302e+06	1.38866e+06	1.27008e+06
O95551	O95551		TDP2		2.63111e+06	4.85576e+06	3.97413e+06	6.43169e+06	2.19201e+06	4.04903e+06	3.17272e+06	2.88113e+06
O95562	O95562		SFT2D2		9.41189e+06	8.96786e+06	1.0433e+07	9.19393e+06	7.69769e+06	1.47244e+07	6.8812e+06	1.33239e+07
O95563	O95563		MPC2		5.59024e+07	5.1822e+07	5.49282e+07	5.23955e+07	4.94337e+07	7.32282e+07	5.72286e+07	6.61087e+07
O95571	O95571		ETHE1		4.63608e+07	1.7891e+07	2.67552e+07	7.43692e+06	7.23434e+07	1.27513e+07	3.2796e+07	1.64467e+07
O95573	O95573		ACSL3		5.53225e+08	6.69577e+08	5.89898e+08	6.03805e+08	5.40929e+08	8.93872e+08	6.40326e+08	9.2652e+08
O95602	O95602		POLR1A		2.24999e+06	6.15778e+06	4.05553e+06	6.99995e+06	2.62891e+06	3.62136e+06	3.73706e+06	3.55291e+06
O95613	O95613		PCNT		6.6007e+06	5.67998e+06	6.31806e+06	5.26926e+06	7.381e+06	4.61369e+06	6.17401e+06	5.24836e+06
O95619	O95619		YEATS4		1.00154e+06	1.31943e+06	1.24311e+06	1.61854e+06	1.0665e+06	1.24143e+06	1.39013e+06	1.04326e+06
O95620	O95620		DUS4L		534066	643848	613316	572398	682042	526025	759979	469941
O95625	O95625		ZBTB11			678514	435295	877255	218838	516172	383674	472789
O95628	O95628		CNOT4		830259	761224	875757	829694	653168	669943	803562	486385
O95630	O95630		STAMBP		5.26462e+06	7.61368e+06	5.78219e+06	7.79709e+06	4.46319e+06	5.3043e+06	5.30305e+06	6.00374e+06
O95631	O95631		NTN1		2.22498e+06	1.61308e+06	1.28368e+06	959430	3.64537e+06	1.68296e+06	1.90472e+06	1.54233e+06
O95639	O95639		CPSF4		637057	1.20702e+06	1.06293e+06	1.533e+06	879009	731481	1.59219e+06	941145
O95671	O95671		ASMTL		1.74717e+06	2.45889e+06	2.07923e+06	1.89374e+06	2.0199e+06	1.30933e+06	2.61435e+06	1.70603e+06
O95674	O95674		CDS2		2.49832e+07	2.55994e+07	2.37586e+07	2.61267e+07	2.50174e+07	3.01708e+07	2.02473e+07	2.24227e+07
O95677	O95677		EYA4		288538	762876	344990	859145	298064	576246	582045	
O95678	O95678		KRT75		1.17579e+06	1.87938e+06	1.37504e+06	1.48134e+06	1.33661e+06	1.59813e+06		
O95684	O95684		CEP43		3.51944e+06	1.74308e+06	2.07185e+06	1.58046e+06	3.28131e+06	1.3937e+06	2.38655e+06	1.55818e+06
O95685	O95685		PPP1R3D			2.3401e+06	2.45288e+06	2.77359e+06	2.07941e+06	2.05859e+06	2.86171e+06	2.26958e+06
O95696	O95696		BRD1		55168.5	277407	275280	620236	254909	177983	353324	73638.9
O95714	O95714		HERC2		1.51383e+07	2.14732e+07	2.08796e+07	2.60668e+07	1.57521e+07	2.21766e+07	1.83664e+07	1.73427e+07
O95721	O95721		SNAP29		9.92358e+06	7.72686e+06	9.71176e+06	6.87774e+06	9.13014e+06	1.06558e+07	8.64923e+06	9.38481e+06
O95747	O95747		OXSR1		2.67224e+07	4.30793e+07	4.61261e+07	5.3979e+07	3.25944e+07	3.02524e+07	4.13825e+07	3.15119e+07
O95749	O95749		GGPS1		461933	383963	479742	314953	382662	295270	491290	210261
O95754	O95754		SEMA4F		687578	1.30144e+07	635224	431807	578525	534825	585726	2.22685e+06
O95757	O95757		HSPA4L		6.31168e+06	7.45762e+06	8.28261e+06	7.26854e+06	5.99242e+06	6.61635e+06	7.42625e+06	5.94574e+06
O95758	O95758		PTBP3		4.00081e+06	5.00706e+06	4.91549e+06	5.67344e+06	3.90778e+06	2.78511e+06	4.8936e+06	3.11676e+06
O95759	O95759		TBC1D8		2.57431e+06	3.23781e+06	2.62652e+06	4.17419e+06	2.06788e+06	2.21532e+06	2.99427e+06	2.23884e+06
O95772	O95772		STARD3NL		1.26715e+07	9.49571e+06	1.1712e+07	9.61339e+06	1.2888e+07	1.81006e+07	1.03652e+07	1.37102e+07
O95777	O95777		LSM8		5.66076e+06	7.13951e+06	6.12582e+06	7.54291e+06	5.92227e+06	5.59841e+06	6.82956e+06	5.20517e+06
O95782	O95782		AP2A1		7.48499e+07	8.55571e+07	5.935e+07	7.84751e+07	7.27194e+07	6.25799e+07	5.67839e+07	5.89305e+07
O95785	O95785		WIZ		1.14558e+06	932689	838964	1.0544e+06	850144	891717	1.02785e+06	1.02796e+06
O95786	O95786		RIGI		1.03183e+06	1.95821e+06	1.32222e+06	1.13212e+06	1.93738e+06	1.21054e+06	1.06604e+06	1.21508e+06
O95793	O95793		STAU1		1.94435e+07	1.7936e+07	1.96093e+07	1.69303e+07	1.88711e+07	1.78804e+07	1.98775e+07	1.54103e+07
O95801	O95801		TTC4		3.15966e+06	7.33481e+06	7.96559e+06	1.12761e+07	4.11281e+06	7.62345e+06	6.43212e+06	6.64905e+06
O95807	O95807		TMEM50A		2.05151e+06	1.60106e+06	1.43876e+06	1.46041e+06	1.64307e+06	2.20606e+06	2.31601e+06	3.46217e+06
O95816	O95816		BAG2		4.30604e+07	4.27667e+07	5.94617e+07	5.7983e+07	4.21116e+07	9.009e+07	6.09956e+07	6.54905e+07
O95817	O95817		BAG3		1.19042e+07	1.21003e+07	1.05044e+07	9.74739e+06	1.05387e+07	1.1967e+07	1.34276e+07	1.32054e+07
O95819	O95819		MAP4K4		1.81153e+07	1.34652e+07	1.62077e+07	1.48073e+07	1.41939e+07	1.29033e+07	1.4544e+07	1.1445e+07
O95822	O95822		MLYCD		6.6777e+06	5.96487e+06	4.83521e+06	2.8928e+06	9.06571e+06	4.82384e+06	6.60706e+06	6.84567e+06
O95825	O95825		CRYZL1		4.24581e+06	4.32669e+06	4.21619e+06	3.14651e+06	4.38975e+06	3.41839e+06	4.85326e+06	3.61229e+06
O95831	O95831		AIFM1		2.78556e+08	3.28338e+08	2.94022e+08	2.75133e+08	3.45936e+08	3.59634e+08	3.48677e+08	3.80087e+08
O95833	O95833		CLIC3			8.88911e+06						
O95834	O95834		EML2		9.48954e+06	9.63494e+06	9.89878e+06	8.08318e+06	8.59259e+06	6.64758e+06	9.7375e+06	5.35544e+06
O95835	O95835		LATS1		1.62346e+06	1.30763e+06	1.36065e+06	1.53732e+06	1.7133e+06	1.55519e+06	1.54444e+06	1.63211e+06
O95857	O95857		TSPAN13		2.50479e+07	1.33516e+07	3.06827e+07	3.33275e+07	2.08729e+07	4.15122e+07	2.68659e+07	3.45066e+07
O95858	O95858		TSPAN15		7.17438e+06	3.72356e+06	6.36772e+06	5.29727e+06	4.40811e+06	6.63715e+06	4.45815e+06	5.38965e+06
O95861	O95861		BPNT1		5.4953e+06	6.55702e+06	6.97337e+06	8.28234e+06	5.93634e+06	5.64762e+06	6.32737e+06	4.78663e+06
O95864	O95864		FADS2		4.80545e+07	3.10727e+07	5.39541e+07	5.6854e+07	1.82574e+07	1.49899e+08	4.05108e+07	1.12958e+08
O95865	O95865		DDAH2		1.50604e+07	1.47901e+07	1.277e+07	1.10675e+07	1.45713e+07	9.18639e+06	1.70759e+07	9.41707e+06
O95870	O95870		ABHD16A		1.57565e+07	1.5272e+07	1.61872e+07	1.50242e+07	1.63567e+07	2.24876e+07	1.61248e+07	1.94361e+07
O95873	O95873		C6orf47		2.57167e+06	1.69029e+06	2.28764e+06	2.36116e+06	3.17652e+06	3.81487e+06	2.5142e+06	3.58777e+06
O95881	O95881		TXNDC12		1.35116e+08	4.12262e+07	1.26866e+08	5.66046e+07	1.34217e+08	9.41141e+07	8.0161e+07	4.87789e+07
O95900	O95900		TRUB2		9.85459e+06	6.90326e+06	9.52618e+06	5.32574e+06	1.13562e+07	1.0682e+07	1.14507e+07	1.25744e+07
O95905	O95905		ECD		1.46873e+06	2.59378e+06	2.51318e+06	2.65232e+06	1.4391e+06	3.39372e+06	1.69644e+06	2.57251e+06
O95954	O95954		FTCD		2.55582e+06	2.33624e+06	2.96778e+06	2.36648e+06	4.30932e+06	2.45838e+06	3.80292e+06	3.60241e+06
O95980	O95980		RECK		7.04751e+06	5.16724e+06	6.9999e+06	6.30347e+06	5.79852e+06	6.59873e+06	7.17737e+06	6.7506e+06
O95983	O95983		MBD3		660679	3.16728e+06	1.87099e+06	3.71799e+06	1.97222e+06	1.18148e+06	2.52025e+06	1.28025e+06
O95985	O95985		TOP3B		1.25027e+06	1.51767e+06	1.63099e+06	1.57645e+06	1.34055e+06	661779	1.7479e+06	932821
O95989	O95989		NUDT3		4.37502e+06	4.70605e+06	4.97926e+06	4.46511e+06	4.68419e+06	4.24765e+06	5.53774e+06	5.22235e+06
O95997	O95997		PTTG1		1.55716e+06	1.66042e+06	1.17922e+06	951836	1.82819e+06	2.01607e+06	1.83788e+06	2.08072e+06
O95999	O95999		BCL10		2.12211e+06	2.43334e+06	2.32095e+06	2.39116e+06	2.32966e+06	2.25751e+06	2.46022e+06	3.08579e+06
O96000	O96000		NDUFB10		1.58262e+08	1.40316e+08	1.42097e+08	1.32484e+08	1.45086e+08	2.514e+08	1.38176e+08	2.82232e+08
O96005	O96005		CLPTM1		1.72994e+07	1.64146e+07	2.10777e+07	2.45668e+07	2.14627e+07	5.43192e+07	2.15929e+07	4.69628e+07
O96007	O96007		MOCS2		2.04029e+06	1.97116e+06	2.57378e+06	1.72019e+06	2.1032e+06	2.83601e+06	2.81839e+06	3.23044e+06
O96008	O96008		TOMM40		3.17025e+08	3.52845e+08	3.33297e+08	3.33294e+08	2.87268e+08	5.50929e+08	3.56248e+08	5.35061e+08
O96011	O96011		PEX11B		1.27031e+07	1.58438e+07	1.5933e+07	1.54568e+07	1.53265e+07	2.36877e+07	1.79596e+07	2.06365e+07
O96013	O96013		PAK4		9.79691e+06	8.0674e+06	8.94757e+06	8.97009e+06	9.02572e+06	9.37418e+06	9.63377e+06	1.04207e+07
O96014	O96014		WNT11		4.29437e+07	3.29487e+07	3.75625e+07	1.82632e+07	4.71495e+07	3.72878e+07	4.03062e+07	4.13629e+07
O96017	O96017		CHEK2		292925	814445	612627	893309	373920	442778	531519	295502
O96018	O96018		APBA3		4.39912e+06	4.45466e+06	4.73766e+06	4.33432e+06	4.68198e+06	4.62857e+06	5.21053e+06	4.65078e+06
O96019	O96019		ACTL6A		5.4831e+06	1.18398e+07	8.08923e+06	1.32389e+07	8.20056e+06	7.10803e+06	1.18836e+07	8.26555e+06
O96028	O96028		NSD2		7.29779e+06	1.21011e+07	8.82872e+06	1.6902e+07	5.47574e+06	1.07534e+07	1.3304e+07	1.50803e+07
P00156	P00156		MT-CYB		2.36788e+07	3.18254e+07	2.64913e+07	3.09231e+07	3.56904e+07	3.30408e+07	2.65882e+07	3.49553e+07
P00167	P00167		CYB5A		3.59718e+07	3.55372e+07	4.23423e+07	3.80535e+07	4.14084e+07	6.07618e+07	4.31191e+07	5.23965e+07
P00338	P00338		LDHA		3.46248e+08	3.68336e+08	2.95453e+08	2.91189e+08	4.05096e+08	3.1531e+08	3.9578e+08	4.21138e+08
P00367	P00367		GLUD1		4.42838e+08	3.51043e+08	3.44659e+08	2.04997e+08	4.55009e+08	4.27037e+08	3.83277e+08	4.42875e+08
P00374	P00374		DHFR		2.63909e+06	2.59133e+06	2.97687e+06	2.29426e+06	3.08637e+06	5.70737e+06	3.52339e+06	5.94659e+06
P00387	P00387		CYB5R3		1.05242e+08	1.00077e+08	1.04893e+08	1.02502e+08	1.03996e+08	1.45559e+08	1.08868e+08	1.45436e+08
P00390	P00390		GSR		2.02382e+07	1.65186e+07	1.92282e+07	1.11291e+07	2.95747e+07	1.81453e+07	2.70269e+07	2.37606e+07
P00395	P00395		MT-CO1		6.95042e+07	5.73557e+07	7.00427e+07	8.09506e+07	5.59092e+07	8.32082e+07	5.80392e+07	8.47281e+07
P00403	P00403		MT-CO2		1.08301e+09	8.30233e+08	1.00937e+09	1.05361e+09	6.61739e+08	1.43051e+09	8.29024e+08	1.16028e+09
P00414	P00414		MT-CO3		9.1741e+06	8.90424e+06	9.47069e+06	1.17398e+07	7.42086e+06	1.29617e+07	7.53344e+06	1.02736e+07
P00441	P00441		SOD1		1.97455e+07	1.65119e+07	1.80947e+07	1.02564e+07	1.76159e+07	7.71502e+06	2.52281e+07	1.21843e+07
P00450	P00450		CP		964284	2.22344e+06	1.22038e+06	1.17254e+06	1.26531e+06	1.32019e+06	499363	2.67111e+06
P00491	P00491		PNP		2.37237e+07	2.27263e+07	2.51771e+07	1.95052e+07	1.76581e+07	2.1628e+07	2.40035e+07	1.50436e+07
P00492	P00492		HPRT1		1.87064e+07	2.19574e+07	2.13656e+07	2.09308e+07	2.0381e+07	1.91016e+07	2.61339e+07	2.05646e+07
P00505	P00505		GOT2		5.06828e+08	3.73503e+08	4.05072e+08	2.75851e+08	4.59784e+08	5.51548e+08	4.40179e+08	5.62891e+08
P00519	P00519		ABL1		1.21895e+06	1.05466e+06	1.30151e+06	1.22088e+06	1.56716e+06	1.17622e+06	1.54678e+06	1.46321e+06
P00533	P00533		EGFR		4.56809e+07	6.26668e+07	5.27424e+07	4.08134e+07	4.84257e+07	6.54226e+07	5.21019e+07	6.91371e+07
P00558	P00558		PGK1		2.711e+08	2.21717e+08	2.13888e+08	1.80819e+08	2.65939e+08	1.59652e+08	2.74013e+08	2.05018e+08
P00568	P00568		AK1		6.4896e+06	9.08937e+06	7.9113e+06	8.1359e+06	6.45485e+06	7.26458e+06	8.08419e+06	7.69624e+06
P00734	P00734		F2		2.12462e+06	911051	2.18032e+06	1.43944e+06	3.18221e+06	2.14922e+06	2.13233e+06	2.98376e+06
P00738	P00738		HP		2.89467e+06	1.03837e+07		491554		1.40008e+06	1.02291e+06	6.46109e+06
P00747	P00747		PLG		2.70358e+06	1.97233e+06	2.5921e+06	2.36486e+06	3.79772e+06	2.23974e+06	2.80005e+06	2.52055e+06
P00749	P00749		PLAU		5.33091e+07	1.56191e+07	5.24362e+07	3.86548e+07	4.49178e+07	4.5563e+07	2.68089e+07	1.45455e+07
P00750	P00750		PLAT		8.10977e+06	2.95348e+06	5.13838e+06	3.63871e+06	5.68079e+06	5.42803e+06	5.1649e+06	4.83984e+06
P00751	P00751		CFB		372014	877222		243381	411415	397466	444271	737303
P00813	P00813		ADA		1.07624e+07	8.99162e+06	9.89824e+06	8.5751e+06	7.65024e+06	6.77252e+06	8.85935e+06	6.41505e+06
P00846	P00846		MT-ATP6		1.74847e+08	1.9195e+08	1.78543e+08	1.97346e+08	2.38569e+08	2.77073e+08	2.35981e+08	2.72413e+08
P00918	P00918		CA2		1.75757e+07	2.58541e+07	2.37927e+07	2.95128e+07	2.03377e+07	3.19751e+07	2.39467e+07	2.99655e+07
P00966	P00966		ASS1		5.47671e+06	7.08821e+06	5.90601e+06	2.4979e+06	8.93824e+06	4.83373e+06	6.43229e+06	6.58222e+06
P01008	P01008		SERPINC1		818483	954305	692861			644136		1.41016e+06
P01009	P01009		SERPINA1		4.9001e+06	5.75681e+06	3.06199e+06	2.95182e+06	3.22154e+06	3.77032e+06	4.72972e+06	8.52544e+06
P01011	P01011		SERPINA3		1.48398e+07	1.3396e+07	1.32901e+07	6.08903e+06	1.51649e+07	1.77642e+06	7.14263e+06	1.02198e+07
P01023	P01023		A2M		6.44756e+06	2.0881e+07	6.406e+06	7.72879e+06	8.05058e+06	7.63363e+06	7.14613e+06	1.99705e+07
P01024	P01024		C3		6.32375e+06	2.29107e+07	8.37365e+06	5.21624e+06	7.57048e+06	8.4413e+06	8.17842e+06	1.55545e+07
P01031	P01031		C5			1.46853e+06						
P01033	P01033		TIMP1		2.22107e+07	7.14932e+06	1.26989e+07	7.65037e+06	4.42205e+07	1.56593e+07	1.31029e+07	8.43976e+06
P01034	P01034		CST3		9.06734e+06	6.40976e+06	6.27478e+06	5.36647e+06	9.56641e+06	7.5181e+06	7.03172e+06	8.44485e+06
P01040	P01040		CSTA		3.23431e+06	2.75645e+07	4.1853e+06	3.80183e+06	3.5256e+06	6.66147e+06	4.45314e+06	3.84319e+06
P01042	P01042		KNG1		193121	725134	146839	65843.5	123711	128994	114941	584621
P01111	P01111		NRAS		1.16025e+07	8.91108e+06	1.07075e+07	1.00923e+07	1.02948e+07	1.11336e+07	1.09442e+07	1.01023e+07
P01112	P01112		HRAS		1.51048e+07	2.4129e+07	1.53214e+07	1.48505e+07	1.96152e+07	3.05594e+07	2.24499e+07	3.12988e+07
P01116	P01116		KRAS		1.59046e+09	5.55336e+08	1.33718e+09	8.98231e+08	1.2717e+09	1.12237e+09	1.07355e+09	1.05767e+09
P01130	P01130		LDLR		2.39117e+07	1.67696e+07	1.77019e+07	1.54912e+07	1.44011e+07	2.72837e+07	1.6908e+07	2.21347e+07
P01137	P01137		TGFB1		1.00707e+07	7.37103e+06	8.04833e+06	7.01402e+06	1.26864e+07	1.57799e+07	9.31872e+06	1.30575e+07
P01344	P01344		IGF2		3.93626e+06	1.85965e+06	3.54568e+06	2.90226e+06	2.5294e+06	3.18635e+06	2.25255e+06	2.37697e+06
P01583	P01583		IL1A		5.05682e+06	2.20501e+06	4.4728e+06	5.10201e+06	3.13387e+06	3.03022e+06	2.45486e+06	3.82502e+06
P01584	P01584		IL1B		1.14775e+06		1.27814e+06		1.02454e+06			
P01591	P01591		JCHAIN			1.55351e+06	421039					4.31473e+06
P01619	P01619		IGKV3-20			1.92798e+07						5.26421e+06
P01700	P01700		IGLV1-47			5.74433e+06						1.66557e+06
P01721	P01721		IGLV6-57			947828						157305
P01780	P01780		IGHV3-7		1.22194e+06	3.54621e+06	1.32393e+06		1.42397e+06	999231	1.72289e+06	1.43186e+06
P01833	P01833		PIGR		1.72531e+06	2.01428e+06	1.47457e+06	2.55429e+06	1.2578e+06	1.54657e+06	1.21637e+06	2.02204e+06
P01834	P01834		IGKC			8.62385e+07					570814	2.82516e+07
P01857	P01857		IGHG1		5.94015e+06	5.38939e+08	1.06484e+07	8.42956e+06	8.63054e+06	8.51742e+06	7.07564e+06	1.75582e+08
P01859	P01859		IGHG2			3.08945e+07	1.77208e+06	1.48608e+06	2.78447e+06	1.17536e+06	1.62841e+06	1.33017e+07
P01860	P01860		IGHG3			9.20916e+06					324012	1.03857e+06
P01861	P01861		IGHG4			6.21583e+06						2.85678e+06
P01871	P01871		IGHM		497197	5.78296e+06	482714	306853	4.96371e+06	401920	428496	1.43508e+06
P01876	P01876		IGHA1		3.88342e+06	1.79825e+07	1.77146e+06	4.79536e+06	3.01921e+06	4.01191e+06	1.37113e+06	1.4062e+07
P01877	P01877		IGHA2		1.37325e+06	2.71824e+06	1.94253e+06					1.2645e+06
P01889	P01889		HLA-B		7.99345e+07	6.01503e+07	7.15515e+07	5.62598e+07	7.57393e+07	7.08017e+07	5.5638e+07	4.87332e+07
P01893	P01893		HLA-H		2.18396e+07	1.37464e+07	2.0652e+07	1.5814e+07	2.16932e+07	2.0125e+07	1.90289e+07	1.58125e+07
P01903	P01903		HLA-DRA			2.28057e+06						
P01911	P01911		HLA-DRB1		1.03522e+06	1.28293e+06	1.24471e+06	1.14895e+06	1.18098e+06	2.81871e+06	1.33809e+06	2.19857e+06
P02452	P02452		COL1A1		6.21585e+06	4.29777e+06	2.89577e+06	1.81649e+06	9.16735e+06	7.96336e+06	4.59816e+06	1.77915e+07
P02458	P02458		COL2A1		1.19085e+06	1.00136e+06	1.33811e+06	1.09511e+06	1.40412e+06	1.60735e+06	921117	1.09213e+06
P02461	P02461		COL3A1		1.72212e+06	1.15133e+06	2.06413e+06	2.11422e+06	1.36781e+06	1.9536e+06	1.22086e+06	1.16834e+06
P02462	P02462		COL4A1		2.32277e+07	1.14407e+07	1.64794e+07	1.53103e+07	1.87674e+07	2.44578e+07	9.90068e+06	1.59092e+07
P02533	P02533		KRT14		1.38369e+07	2.50505e+09	2.33229e+07	5.49357e+07	2.37721e+07	1.16317e+07	5.09951e+07	2.36002e+07
P02538	P02538		KRT6A		1.47372e+06	1.65841e+09	2.94741e+06	1.18362e+07	4.42235e+06	2.18193e+06	8.65322e+06	3.81588e+06
P02545	P02545		LMNA		1.21148e+08	2.68465e+08	1.15268e+08	2.38294e+08	1.1669e+08	1.44926e+08	1.42388e+08	1.24933e+08
P02647	P02647		APOA1		3.89536e+06	1.67532e+07	3.94493e+06	3.4117e+06	4.09903e+06	4.00499e+06	3.93385e+06	4.4029e+07
P02649	P02649		APOE		1.16418e+07	6.92218e+06	1.04773e+07	8.49544e+06	8.73091e+06	1.32251e+07	1.12153e+07	9.91658e+06
P02652	P02652		APOA2			1.20277e+06						7.02882e+06
P02656	P02656		APOC3		2.2848e+06	1.4518e+06	2.77053e+06	1.64806e+06	2.20491e+06	4.94837e+06	2.53926e+06	5.01413e+06
P02671	P02671		FGA		5.41224e+06	8.93743e+06	5.58918e+06	5.0551e+06	4.73526e+06	5.5761e+06	6.32715e+06	8.26072e+06
P02675	P02675		FGB		6.93328e+06	1.89932e+07	7.51029e+06	7.1459e+06	7.24902e+06	6.93841e+06	7.5031e+06	1.18665e+07
P02679	P02679		FGG		3.2873e+06	1.27838e+07	3.57427e+06	3.6295e+06	3.32613e+06	3.92843e+06	3.74456e+06	7.52757e+06
P02686	P02686		MBP		1.28485e+07	1.17644e+07	1.25414e+07	1.1338e+07	1.33357e+07	1.27671e+07	1.26443e+07	1.45444e+07
P02743	P02743		APCS		814694	788183	694969	708051	818441	758946		762088
P02746	P02746		C1QB			1.08559e+06	332937					720846
P02747	P02747		C1QC			1.59224e+06	163209	146497	194131	256090	229080	1.15873e+06
P02751	P02751		FN1		1.91683e+07	2.90659e+07	1.16627e+07	1.69743e+07	3.25099e+07	1.93504e+07	1.47289e+07	3.10765e+07
P02753	P02753		RBP4		1.65334e+06	1.17103e+06	1.41976e+06	845809	1.48787e+06	997624	1.48592e+06	1.14546e+06
P02763	P02763		ORM1			4.0146e+06			5.66337e+06			4.09752e+06
P02765	P02765		AHSG		3.9114e+06	3.89085e+06	7.63647e+06	4.91515e+06	6.66371e+06	5.0395e+06	4.93583e+06	1.04815e+07
P02766	P02766		TTR		915719	1.70456e+06				494016		2.3032e+06
P02768	P02768		ALB		3.69692e+07	2.37511e+08	4.22942e+07	3.60965e+07	4.0374e+07	5.46145e+07	4.78966e+07	9.8959e+08
P02774	P02774		GC		394131	200718	413258	142778	528987	286800	370472	437398
P02786	P02786		TFRC		1.74532e+08	1.55898e+08	2.54037e+08	1.98469e+08	2.3188e+08	3.61552e+08	2.21403e+08	2.66991e+08
P02787	P02787		TF			1.1863e+07	4.99945e+06	4.2176e+06	4.86739e+06	6.47348e+06	4.40521e+06	5.93952e+06
P02788	P02788		LTF		1.66933e+07	1.47121e+07	1.68978e+07	1.39902e+07	2.92293e+07	2.3566e+07	2.27756e+07	3.42646e+07
P02790	P02790		HPX		2.81787e+06	4.4508e+06	1.10771e+06		3.61527e+06		2.77552e+06	4.78146e+06
P02792	P02792		FTL		1.64683e+07	1.10103e+07	1.69682e+07	1.20646e+07	1.52655e+07	1.17906e+07	2.84493e+07	1.31874e+07
P02794	P02794		FTH1		6.69394e+07	5.87573e+07	5.88501e+07	3.68109e+07	9.00345e+07	3.33792e+07	9.62937e+07	4.12211e+07
P02795	P02795		MT2A		4.51548e+07	8.12076e+06	5.7424e+07	4.58783e+07	4.70811e+07	4.2823e+07	4.35829e+07	6.23273e+07
P02812	P02812		PRB2									681687
P03886	P03886		MT-ND1		5.21572e+07	4.37179e+07	5.03199e+07	4.49984e+07	4.1805e+07	5.86471e+07	4.51469e+07	5.83258e+07
P03891	P03891		MT-ND2		1.61303e+07	1.64185e+07	1.7169e+07	1.61876e+07	1.4551e+07	1.94313e+07	1.69137e+07	2.11229e+07
P03897	P03897		MT-ND3		1.3776e+07	1.70869e+07	1.11115e+07	1.40761e+07	1.24146e+07	1.1905e+07	1.56189e+07	1.61117e+07
P03905	P03905		MT-ND4		4.37543e+07	4.24369e+07	4.01586e+07	4.46899e+07	3.96827e+07	5.22373e+07	3.7276e+07	5.00678e+07
P03915	P03915		MT-ND5		1.10658e+07	9.29852e+06	1.14009e+07	1.07555e+07	8.557e+06	1.30718e+07	9.16142e+06	1.14545e+07
P03923	P03923		MT-ND6		1.09992e+07	1.05057e+07	9.17328e+06	1.31399e+07	9.12553e+06	1.27207e+07	1.05706e+07	1.29099e+07
P03928	P03928		MT-ATP8		1.77985e+07	1.74646e+07	1.58245e+07	2.43873e+07	1.75074e+07	2.7912e+07	1.94423e+07	1.48052e+07
P03956	P03956		MMP1		2.34535e+07	2.32428e+07	2.5229e+07	3.06048e+07	3.34059e+07	2.8093e+07	2.23714e+07	1.81211e+07
P04003	P04003		C4BPA			2.41314e+06						648210
P04004	P04004		VTN		1.46414e+07	1.18914e+07	2.25203e+07	1.43933e+07	3.34803e+07	2.31441e+07	2.61707e+07	2.61896e+07
P04035	P04035		HMGCR		5.49227e+06	4.15442e+06	6.4835e+06	7.11196e+06	5.39866e+06	8.21885e+06	5.88091e+06	8.02863e+06
P04040	P04040		CAT		2.85555e+07	1.61274e+07	1.89125e+07	1.22073e+07	2.78541e+07	2.95401e+07	2.31626e+07	3.03081e+07
P04049	P04049		RAF1		8.36704e+06	5.87397e+06	6.67452e+06	6.93498e+06	8.13602e+06	8.65739e+06	6.71872e+06	7.46282e+06
P04062	P04062		GBA1		1.11643e+07	1.02464e+07	9.09863e+06	6.84181e+06	1.1105e+07	1.26666e+07	9.53895e+06	1.0998e+07
P04066	P04066		FUCA1		2.17132e+07	5.02797e+06	1.53021e+07	3.41529e+06	1.81828e+07	9.047e+06	1.66625e+07	8.85049e+06
P04075	P04075		ALDOA		4.66137e+08	4.4745e+08	4.15569e+08	4.03312e+08	4.07414e+08	4.59218e+08	5.06987e+08	5.03281e+08
P04080	P04080		CSTB		1.86459e+07	3.20959e+07	1.69738e+07	1.39483e+07	1.66128e+07	1.55826e+07	2.03996e+07	1.52303e+07
P04083	P04083		ANXA1		1.0696e+08	1.80901e+08	2.05411e+08	1.38654e+08	7.64164e+07	2.9052e+08	2.41246e+08	3.50663e+08
P04085	P04085		PDGFA		1.22112e+06		674398		1.13134e+06	742145		
P04114	P04114		APOB		2.66948e+07	2.8313e+07	2.59996e+07	2.49923e+07	2.65404e+07	4.2164e+07	2.57417e+07	3.50978e+07
P04150	P04150		NR3C1		8.99067e+06	6.62103e+06	8.34111e+06	5.30625e+06	8.03711e+06	8.47032e+06	8.12918e+06	8.14454e+06
P04156	P04156		PRNP		6.19413e+07	6.14136e+07	6.35286e+07	4.83918e+07	4.65447e+07	8.19058e+07	5.77563e+07	7.06242e+07
P04179	P04179		SOD2		2.53783e+08	1.82356e+08	1.61481e+08	3.96218e+07	7.75741e+08	8.82078e+07	2.02229e+08	7.87543e+07
P04181	P04181		OAT		1.73421e+08	5.25013e+07	1.46469e+08	3.82016e+07	1.68632e+08	8.08223e+07	1.68327e+08	7.27581e+07
P04196	P04196		HRG			3.1582e+06	1.88561e+06		1.99095e+06	1.78037e+06	2.40394e+06	2.96819e+06
P04259	P04259		KRT6B		3.13776e+07	1.29827e+10	4.49214e+07	1.43561e+08	6.42388e+07	3.97467e+07	1.17337e+08	5.94079e+07
P04264	P04264		KRT1		1.61377e+08	1.22705e+09	2.48881e+08	4.96396e+08	1.6871e+08	1.12333e+08	4.85328e+08	2.23714e+08
P04350	P04350		TUBB4A		6.5588e+07	1.02573e+08	7.32054e+07	1.20978e+08	5.7566e+07	6.84922e+07	8.12727e+07	6.66127e+07
P04406	P04406		GAPDH		2.67805e+09	2.63301e+09	2.2485e+09	1.81411e+09	3.12472e+09	2.26003e+09	3.12041e+09	2.91505e+09
P04424	P04424		ASL		4.17101e+06	4.36619e+06	3.92132e+06	3.38674e+06	3.51453e+06	3.37705e+06	3.87977e+06	3.60343e+06
P04439	P04439		HLA-A		2.94981e+08	1.98933e+08	2.428e+08	1.7536e+08	2.64113e+08	2.63878e+08	1.98202e+08	1.86391e+08
P04626	P04626		ERBB2		6.85841e+06	5.88412e+06	5.96845e+06	5.63326e+06	7.9492e+06	8.3018e+06	7.29075e+06	8.61536e+06
P04632	P04632		CAPNS1		1.76149e+07	1.73189e+07	2.00781e+07	2.07499e+07	1.26599e+07	1.57238e+07	1.90456e+07	1.46775e+07
P04637	P04637		TP53		3.91265e+06	2.64097e+07	7.93251e+06	1.49159e+07	7.11551e+06	6.8897e+06	1.14171e+07	1.11038e+07
P04792	P04792		HSPB1		7.00059e+07	1.90364e+08	5.437e+07	5.93992e+07	5.68987e+07	5.58024e+07	5.51765e+07	5.86183e+07
P04818	P04818		TYMS		1.8532e+07	1.36238e+07	2.14548e+07	2.28237e+07	2.28934e+07	5.31296e+07	2.02742e+07	4.09936e+07
P04843	P04843		RPN1		4.98868e+08	5.73459e+08	5.56262e+08	6.17998e+08	6.39677e+08	8.81372e+08	6.6507e+08	8.68424e+08
P04844	P04844		RPN2		2.36082e+08	2.62466e+08	2.46372e+08	2.68713e+08	2.77132e+08	3.359e+08	2.73183e+08	3.34816e+08
P04899	P04899		GNAI2		4.36644e+08	3.49432e+08	3.59594e+08	3.307e+08	3.37952e+08	4.0698e+08	3.76723e+08	3.87265e+08
P04908	P04908		H2AC4		3.45935e+06	1.52477e+07	6.73408e+06	2.12631e+07	4.03596e+06	1.12185e+07	2.23189e+07	1.49732e+07
P04920	P04920		SLC4A2		1.51314e+07	1.57517e+07	2.04944e+07	2.13367e+07	1.25724e+07	6.04639e+07	1.58331e+07	6.9994e+07
P04921	P04921		GYPC		2.17727e+06	2.87052e+06	2.06347e+06	2.30383e+06	2.20956e+06	2.72811e+06	2.87782e+06	3.04548e+06
P05023	P05023		ATP1A1		6.16839e+08	5.37704e+08	6.0845e+08	5.51332e+08	5.32541e+08	7.79835e+08	5.69289e+08	6.83902e+08
P05026	P05026		ATP1B1		9.61842e+07	6.52486e+07	9.47324e+07	8.48099e+07	7.40257e+07	1.29734e+08	8.47854e+07	1.03823e+08
P05067	P05067		APP		2.80562e+07	2.18617e+07	2.49009e+07	2.37018e+07	3.0421e+07	2.75524e+07	2.33894e+07	2.53281e+07
P05089	P05089		ARG1		8.29187e+06	2.35773e+07	8.17234e+06	1.09729e+07	9.57564e+06	1.37644e+07	1.17836e+07	1.17788e+07
P05091	P05091		ALDH2		6.28564e+07	3.6304e+07	5.03021e+07	1.2365e+07	5.03888e+07	1.98267e+07	6.17322e+07	2.46909e+07
P05106	P05106		ITGB3		1.18087e+08	7.69773e+07	9.75165e+07	1.22947e+08	1.04213e+08	8.45681e+07	9.49922e+07	7.20613e+07
P05107	P05107		ITGB2		1.02643e+07	9.16491e+06	9.59327e+06	7.88676e+06	7.82545e+06	1.02963e+07	8.49446e+06	7.54205e+06
P05109	P05109		S100A8		2.71927e+06	2.59737e+08	3.65616e+06	3.78091e+06	4.27182e+06	5.02051e+06	1.18139e+07	7.69446e+06
P05114	P05114		HMGN1		188843		222647	258772	166536	92224.9	142952	
P05120	P05120		SERPINB2		949833	7.71166e+06	1.46789e+06	1.67973e+06	1.78899e+06	1.56224e+06		456295
P05121	P05121		SERPINE1		3.12841e+07	1.22857e+07	3.24261e+07	2.46145e+07	4.77502e+07	2.51508e+07	1.91183e+07	1.20751e+07
P05129	P05129		PRKCG		1.97051e+06	1.81863e+06	1.03152e+06	2.03087e+06	726855	3.17612e+06	2.63168e+06	5.84292e+06
P05141	P05141		SLC25A5		3.05683e+09	3.53919e+09	3.08364e+09	3.12927e+09	3.2508e+09	5.02043e+09	3.35109e+09	5.25271e+09
P05161	P05161		ISG15		3.44668e+06	5.2216e+06	5.54461e+06	7.09367e+06	1.1788e+07	4.95577e+06	4.8457e+06	3.53678e+06
P05164	P05164		MPO		1.01743e+07	7.69843e+06	7.59247e+06	7.38241e+06	7.59012e+06	7.9578e+06	9.48681e+06	8.2376e+06
P05165	P05165		PCCA		6.59914e+07	3.15296e+07	4.72045e+07	1.46539e+07	8.09847e+07	2.0383e+07	5.71018e+07	2.70478e+07
P05166	P05166		PCCB		5.08341e+07	2.45231e+07	3.99522e+07	1.44094e+07	7.02061e+07	1.71659e+07	4.80608e+07	2.15691e+07
P05186	P05186		ALPL		3.15378e+06	2.19415e+06	3.83751e+06	3.22932e+06	3.39214e+06	3.49145e+06	3.62711e+06	3.50858e+06
P05198	P05198		EIF2S1		2.04539e+07	3.11424e+07	2.85378e+07	3.37726e+07	2.02046e+07	2.56984e+07	2.67771e+07	2.22022e+07
P05231	P05231		IL6		591944	2.78882e+06	560277		539202		1.08371e+06	
P05362	P05362		ICAM1		2.86635e+08	1.52146e+08	2.47596e+08	1.23495e+08	2.78106e+08	1.33378e+08	1.2553e+08	5.44673e+07
P05386	P05386		RPLP1		2.42103e+08	1.96599e+08	2.47407e+08	1.95021e+08	3.1961e+08	2.17131e+08	2.105e+08	1.84468e+08
P05387	P05387		RPLP2		2.57291e+08	2.10445e+08	2.69395e+08	2.12708e+08	2.57889e+08	2.64962e+08	2.49456e+08	2.45937e+08
P05388	P05388		RPLP0		1.63328e+08	1.54971e+08	1.82598e+08	1.85639e+08	1.6785e+08	1.77606e+08	1.7605e+08	1.56119e+08
P05412	P05412		JUN		1.88044e+06	3.30462e+06	2.84276e+06	4.70375e+06	2.60376e+06	2.90166e+06	2.88669e+06	2.9483e+06
P05413	P05413		FABP3		3.03539e+06	4.28152e+06	2.32387e+06	2.19165e+06	3.09592e+06	2.95143e+06	6.11024e+06	5.92106e+06
P05452	P05452		CLEC3B		2.8669e+06	678170	3.56601e+06	2.70783e+06	3.17394e+06	3.73731e+06	4.16772e+06	2.80312e+06
P05455	P05455		SSB		1.11058e+07	3.73304e+07	2.0111e+07	2.71151e+07	1.36107e+07	1.67991e+07	2.41263e+07	1.74041e+07
P05496	P05496		ATP5MC1		1.10875e+07	1.02092e+07	1.11583e+07	7.06558e+06	6.83031e+06	8.07767e+06	1.22559e+07	3.8428e+06
P05556	P05556		ITGB1		6.24472e+08	6.01325e+08	5.94121e+08	6.21753e+08	6.10854e+08	6.20207e+08	6.14086e+08	6.15155e+08
P05783	P05783		KRT18		1.9771e+07	1.04437e+07	4.4576e+07	3.97815e+07	7.81949e+06	2.55364e+07	1.59178e+07	1.39713e+07
P05787	P05787		KRT8		4.01595e+07	1.30209e+07	1.0023e+08	7.2039e+07	1.1259e+07	3.82021e+07	1.97814e+07	9.81682e+06
P05997	P05997		COL5A2		3.99245e+06	6.31256e+06	2.38663e+06	2.22912e+06	1.28389e+07	2.44274e+06	4.36321e+06	5.07089e+06
P06132	P06132		UROD		1.1586e+07	1.47487e+07	1.45496e+07	1.27944e+07	8.3855e+06	1.31476e+07	1.64332e+07	1.24937e+07
P06213	P06213		INSR		1.47652e+07	1.25863e+07	1.19318e+07	9.32647e+06	1.46591e+07	1.07343e+07	1.30078e+07	1.16043e+07
P06241	P06241		FYN		1.83992e+07	1.17923e+07	1.62334e+07	1.18101e+07	2.02988e+07	1.58245e+07	1.58799e+07	1.34225e+07
P06280	P06280		GLA		2.20738e+07	1.55855e+07	2.52689e+07	8.84598e+06	2.45716e+07	1.87859e+07	3.69826e+07	2.1389e+07
P06312	P06312		IGKV4-1		1.04301e+06	1.39329e+06	669070	458377	856456		515896	981250
P06396	P06396		GSN		2.5673e+07	3.831e+07	2.2963e+07	2.55527e+07	1.77713e+07	1.69441e+07	2.41054e+07	1.92527e+07
P06400	P06400		RB1		2.06986e+06	4.13972e+06	3.24301e+06	5.40859e+06	2.57735e+06	3.69758e+06	3.10291e+06	3.14726e+06
P06454	P06454		PTMA		1.80547e+07	3.99777e+07	2.27316e+07	1.92113e+07	1.82793e+07	2.04157e+07	3.46215e+07	1.9679e+07
P06493	P06493		CDK1		1.1502e+07	1.31026e+07	1.34545e+07	1.73843e+07	1.48194e+07	2.58208e+07	1.2827e+07	2.33892e+07
P06576	P06576		ATP5F1B		3.07427e+09	3.32355e+09	2.93121e+09	2.5574e+09	3.30757e+09	4.11889e+09	3.56076e+09	4.36859e+09
P06702	P06702		S100A9		2.49758e+06	6.42612e+08	3.11966e+06	2.95645e+06	4.25672e+06	3.91249e+06	3.34737e+06	7.47159e+06
P06703	P06703		S100A6		1.13411e+08	1.16335e+08	1.14618e+08	1.07582e+08	4.41875e+07	7.62545e+07	8.92976e+07	7.13944e+07
P06727	P06727		APOA4		290700	880872	371763		281701			1.34532e+06
P06730	P06730		EIF4E		1.99597e+07	2.92389e+07	2.78391e+07	3.13094e+07	2.19316e+07	2.18448e+07	2.57187e+07	2.37264e+07
P06733	P06733		ENO1		1.31869e+09	1.6197e+09	1.33502e+09	1.39623e+09	1.17393e+09	1.55687e+09	1.66472e+09	1.95591e+09
P06737	P06737		PYGL		3.20594e+07	3.35972e+07	3.77236e+07	3.47346e+07	2.58704e+07	2.91817e+07	3.29346e+07	2.66833e+07
P06744	P06744		GPI		6.76003e+07	1.23848e+08	8.07901e+07	1.10026e+08	7.46357e+07	1.38016e+08	1.02075e+08	1.68476e+08
P06746	P06746		POLB			2.48069e+06					2.42879e+06	
P06748	P06748		NPM1		4.71284e+07	1.4077e+08	8.17418e+07	1.28028e+08	5.72064e+07	7.72414e+07	8.07205e+07	8.15097e+07
P06753	P06753		TPM3		9.37721e+07	4.86732e+07	9.31296e+07	5.31121e+07	6.17594e+07	8.90065e+07	7.85318e+07	7.30782e+07
P06756	P06756		ITGAV		8.89412e+07	7.10055e+07	5.95079e+07	4.84916e+07	7.91456e+07	5.42566e+07	4.92697e+07	4.92355e+07
P06858	P06858		LPL		1.82031e+06	629336	1.43131e+06	1.16899e+06	2.02839e+06	2.4389e+06	1.3438e+06	1.59879e+06
P06865	P06865		HEXA		5.05185e+07	2.3972e+07	4.93235e+07	1.71228e+07	5.23263e+07	2.80929e+07	6.19154e+07	2.39885e+07
P06899	P06899		H2BC11		8.16287e+08	3.54448e+09	1.57963e+09	4.68096e+09	2.06275e+09	1.5513e+09	3.16317e+09	1.01256e+09
P07093	P07093		SERPINE2		1.41638e+07	1.66538e+07	1.30386e+07	6.26053e+06	1.80077e+07	9.87084e+06	1.33291e+07	9.59359e+06
P07099	P07099		EPHX1		9.35824e+06	1.06378e+07	9.4286e+06	8.71675e+06	1.33373e+07	1.35001e+07	1.32937e+07	1.9015e+07
P07108	P07108		DBI		2.59164e+07	2.73898e+07	1.6743e+07	1.03808e+07	1.44452e+07	1.39873e+07	2.15351e+07	1.60437e+07
P07195	P07195		LDHB		1.64398e+08	1.66563e+08	1.94716e+08	1.62181e+08	1.54364e+08	1.90685e+08	2.44216e+08	1.99721e+08
P07196	P07196		NEFL		1.17966e+06	286224	552557	384429	191267		448688	199817
P07199	P07199		CENPB		365965	1.13096e+06	733059	1.63017e+06	808427	641396	1.19546e+06	846239
P07203	P07203		GPX1		1.90854e+07	9.8008e+06	1.47039e+07	5.17141e+06	2.63077e+07	7.89186e+06	1.89474e+07	1.17344e+07
P07204	P07204		THBD		1.87844e+07	4.39707e+06	2.20075e+07	9.52852e+06	2.12658e+07	8.04511e+06	1.84846e+07	6.4465e+06
P07225	P07225		PROS1		5.06968e+06	5.57138e+06	5.12668e+06	7.14687e+06	5.27829e+06	5.49494e+06	4.26384e+06	1.81445e+06
P07237	P07237		P4HB		4.1699e+08	1.72627e+08	3.5522e+08	1.68728e+08	5.07026e+08	3.03836e+08	3.32642e+08	2.22702e+08
P07305	P07305		H1-0		1.40298e+07	5.55717e+07	2.37019e+07	7.04334e+07	3.19368e+07	1.36299e+07	2.58413e+07	8.24864e+06
P07311	P07311		ACYP1		1.11773e+07	1.02957e+07	9.97428e+06	9.60102e+06	1.35728e+07	8.42036e+06	1.40668e+07	1.00628e+07
P07339	P07339		CTSD		1.35357e+08	1.01656e+08	9.54591e+07	4.08873e+07	2.79122e+08	9.9535e+07	1.54971e+08	1.4088e+08
P07355	P07355		ANXA2		2.56732e+09	1.59871e+09	2.22085e+09	2.12288e+09	1.6271e+09	2.59262e+09	1.9541e+09	2.53324e+09
P07357	P07357		C8A		5.76947e+06	2.46341e+06	4.41521e+06	2.43157e+06	6.37034e+06	4.17977e+06	4.30381e+06	3.84838e+06
P07384	P07384		CAPN1		1.01268e+07	2.04398e+07	1.46661e+07	2.10121e+07	9.23968e+06	1.25098e+07	1.38011e+07	1.20935e+07
P07437	P07437		TUBB		6.03843e+08	1.15241e+09	8.43098e+08	1.72526e+09	5.66803e+08	9.22516e+08	8.79526e+08	7.86255e+08
P07476	P07476		IVL		6.52654e+06	7.86867e+06	5.66459e+06	3.58508e+06	6.63471e+06	7.16024e+06		6.23093e+06
P07478	P07478		PRSS2		6.83969e+06	6.63331e+06	7.5611e+06	6.37438e+06	5.13017e+06	4.59789e+06	6.09914e+06	5.87045e+06
P07602	P07602		PSAP		6.41614e+07	2.91221e+07	6.28259e+07	3.83806e+07	6.48763e+07	4.64482e+07	5.65986e+07	3.67799e+07
P07686	P07686		HEXB		3.31968e+07	1.81656e+07	3.45127e+07	1.93686e+07	3.54622e+07	2.83939e+07	4.45106e+07	2.94318e+07
P07711	P07711		CTSL		3.58369e+07	1.29382e+07	3.67281e+07	1.55921e+07	2.99302e+07	2.43981e+07	2.89484e+07	1.46113e+07
P07737	P07737		PFN1		3.27247e+08	3.57532e+08	3.58984e+08	3.20529e+08	2.72704e+08	3.20641e+08	4.30687e+08	3.60768e+08
P07741	P07741		APRT		4.03317e+07	3.89736e+07	4.32652e+07	3.42999e+07	3.69759e+07	3.53056e+07	4.81551e+07	3.69488e+07
P07814	P07814		EPRS1		5.36478e+07	4.17079e+07	4.91711e+07	3.61956e+07	5.43581e+07	2.28399e+07	5.35556e+07	2.62109e+07
P07858	P07858		CTSB		3.07695e+08	1.34284e+08	2.34312e+08	6.82971e+07	4.78236e+08	1.09369e+08	3.04767e+08	1.26959e+08
P07900	P07900		HSP90AA1		4.43049e+08	5.61172e+08	5.5536e+08	5.14871e+08	4.29151e+08	4.6179e+08	6.83305e+08	4.9617e+08
P07910	P07910		HNRNPC		3.26376e+07	6.4369e+07	6.56608e+07	9.47789e+07	6.43608e+07	3.05697e+07	1.0878e+08	2.55935e+07
P07919	P07919		UQCRH		2.05511e+08	5.48467e+08	2.40487e+08	2.68125e+08	2.74902e+08	3.86707e+08	3.36678e+08	5.01707e+08
P07942	P07942		LAMB1		1.11602e+08	5.23218e+07	9.9321e+07	5.82599e+07	1.14804e+08	9.45331e+07	9.00418e+07	8.32847e+07
P07947	P07947		YES1		4.14513e+07	2.897e+07	4.06052e+07	3.05792e+07	4.10189e+07	4.05837e+07	4.29818e+07	4.07785e+07
P07948	P07948		LYN		1.987e+07	1.27949e+07	2.01835e+07	1.4657e+07	1.41163e+07	2.70235e+07	1.41688e+07	1.85114e+07
P07951	P07951		TPM2		1.94748e+06	1.80561e+06	1.84983e+06	1.75726e+06	2.68884e+06	2.73e+06	2.58251e+06	3.27187e+06
P07954	P07954		FH		2.32526e+08	9.41939e+07	1.99091e+08	5.09036e+07	2.44542e+08	8.8687e+07	2.37444e+08	1.06428e+08
P07992	P07992		ERCC1		2.15205e+06	3.48028e+06	3.08184e+06	3.37417e+06	2.76878e+06	2.98666e+06	3.33224e+06	2.97069e+06
P07996	P07996		THBS1		5.06808e+06	6.35951e+06	4.91681e+06	4.75314e+06	5.32396e+06	1.22007e+07	5.30428e+06	1.38856e+07
P08047	P08047		SP1		187754	757130	529610	882966	318170	398421	589702	239435
P08069	P08069		IGF1R		3.52538e+07	2.56353e+07	3.31177e+07	2.91337e+07	2.89201e+07	4.24444e+07	2.53829e+07	3.10236e+07
P08133	P08133		ANXA6		1.00384e+08	1.10339e+08	1.42294e+08	1.2354e+08	6.33321e+07	9.64445e+07	1.75438e+08	9.23183e+07
P08134	P08134		RHOC		3.43512e+07	2.25715e+07	2.92688e+07	3.68117e+07	2.81583e+07	3.36655e+07	3.16006e+07	2.64922e+07
P08138	P08138		NGFR		1.11636e+06	689078	737178	638189	1.02977e+06	582352	1.02469e+06	1.02679e+06
P08174	P08174		CD55		6.16836e+07	5.43182e+07	6.07239e+07	3.80804e+07	1.02374e+08	4.05881e+07	6.41003e+07	3.97257e+07
P08183	P08183		ABCB1		7.54368e+06	3.67735e+06	8.68407e+06	6.30032e+06	3.55026e+06	1.20916e+07	3.52975e+06	5.02078e+06
P08195	P08195		SLC3A2		2.68514e+08	3.09866e+08	3.99221e+08	3.0598e+08	1.93414e+08	4.53388e+08	2.83779e+08	3.38039e+08
P08236	P08236		GUSB		2.10214e+07	1.54626e+07	1.73389e+07	1.07615e+07	2.64773e+07	2.00991e+07	2.02206e+07	2.16982e+07
P08237	P08237		PFKM		1.79704e+07	2.33673e+07	2.33592e+07	2.68326e+07	1.83124e+07	2.25189e+07	2.50414e+07	2.25695e+07
P08238	P08238		HSP90AB1		3.8042e+08	4.61108e+08	4.86169e+08	5.16407e+08	3.33122e+08	4.78895e+08	4.37333e+08	3.90765e+08
P08240	P08240		SRPRA		7.78172e+07	4.31705e+07	7.7094e+07	6.11425e+07	6.01981e+07	6.79794e+07	7.0228e+07	5.31559e+07
P08243	P08243		ASNS		9.99585e+06	2.21118e+07	2.99727e+07	3.2391e+07	6.30382e+06	2.38037e+07	2.43925e+07	2.129e+07
P08253	P08253		MMP2		1.16131e+06	816661	736099	792432	1.32409e+06	1.41777e+06	915964	1.60267e+06
P08397	P08397		HMBS		1.99246e+06	4.62413e+06	3.43077e+06	4.76008e+06	2.14108e+06	3.12062e+06	4.04312e+06	3.28667e+06
P08473	P08473		MME		3.91902e+07	2.15538e+07	6.01752e+07	4.4939e+07	1.90855e+07	6.89531e+07	3.67657e+07	3.38769e+07
P08476	P08476		INHBA		1.09623e+06	961697	1.43548e+06	1.44427e+06	2.87343e+06	737511	1.78019e+06	1.1263e+06
P08559	P08559		PDHA1		2.06428e+08	1.42004e+08	1.70151e+08	1.00497e+08	2.33956e+08	1.32483e+08	2.11565e+08	1.83727e+08
P08571	P08571		CD14		3.80471e+06	3.2345e+06	4.10156e+06	3.38356e+06	2.77147e+06	5.37277e+06	4.43926e+06	5.52531e+06
P08572	P08572		COL4A2		3.89646e+07	1.82044e+07	2.93726e+07	2.71021e+07	3.54044e+07	3.59276e+07	2.0846e+07	2.52975e+07
P08574	P08574		CYC1		1.89067e+08	5.03588e+08	2.18946e+08	2.25898e+08	2.43894e+08	3.40026e+08	2.97012e+08	4.29209e+08
P08579	P08579		SNRPB2		3.20584e+06	5.49761e+06	4.46894e+06	4.96212e+06	4.40168e+06	3.95005e+06	5.10259e+06	4.51261e+06
P08581	P08581		MET		1.56236e+07	1.03734e+07	1.47974e+07	9.32524e+06	1.34886e+07	1.45817e+07	1.32866e+07	1.36321e+07
P08582	P08582		MELTF		2.14964e+07	1.03446e+07	1.57241e+07	1.1252e+07	1.51098e+07	9.12214e+06	1.18576e+07	8.4009e+06
P08603	P08603		CFH		2.2434e+06	2.8772e+06	2.19258e+06		1.70927e+06		2.39487e+06	2.43443e+06
P08621	P08621		SNRNP70		5.42059e+07	5.2135e+07	5.47838e+07	6.45913e+07	6.09161e+07	9.97774e+07	5.7859e+07	9.23784e+07
P08648	P08648		ITGA5		8.0062e+07	4.35087e+07	8.35365e+07	8.49807e+07	8.28359e+07	7.8041e+07	6.39447e+07	4.95791e+07
P08651	P08651		NFIC		2.1509e+06	7.49039e+06	4.62829e+06	7.77633e+06	3.80145e+06	4.74498e+06	6.32655e+06	4.14884e+06
P08670	P08670		VIM		2.0324e+08	3.58126e+08	3.79106e+08	6.51683e+08	2.31944e+08	1.89457e+08	3.92424e+08	1.19848e+08
P08708	P08708		RPS17		3.55081e+07	3.55699e+07	4.4418e+07	4.02845e+07	3.08029e+07	2.42104e+07	4.31194e+07	2.55873e+07
P08754	P08754		GNAI3		3.11247e+08	2.19039e+08	2.8578e+08	2.39765e+08	1.86856e+08	3.29603e+08	2.57196e+08	3.12504e+08
P08758	P08758		ANXA5		1.26577e+08	8.92813e+07	1.83896e+08	7.46718e+07	9.68566e+07	2.52689e+08	2.24146e+08	2.32245e+08
P08779	P08779		KRT16		1.39081e+06	9.3451e+08	2.67122e+06	1.28084e+07	4.3708e+06	2.33964e+06	8.93045e+06	2.9847e+06
P08865	P08865		RPSA		1.91759e+08	1.82206e+08	2.10443e+08	1.59312e+08	1.48371e+08	1.10026e+08	2.08844e+08	1.02352e+08
P08962	P08962		CD63		4.50811e+07	2.4036e+07	5.18225e+07	5.21971e+07	2.62466e+07	6.81567e+07	4.50398e+07	6.87467e+07
P09001	P09001		MRPL3		5.50082e+07	4.28478e+07	4.67103e+07	3.07445e+07	7.12736e+07	4.99372e+07	6.23454e+07	6.32519e+07
P09012	P09012		SNRPA		1.77621e+07	1.95404e+07	2.30821e+07	2.46056e+07	2.03932e+07	2.68573e+07	2.32133e+07	2.86265e+07
P09038	P09038		FGF2		1.11052e+06	2.35277e+06	1.69456e+06	1.73693e+06	876286	2.10578e+06	2.12405e+06	2.40725e+06
P09086	P09086		POU2F2		3.29958e+06	6.55204e+06	4.41073e+06	6.79974e+06	3.7345e+06	4.08308e+06	4.95965e+06	2.93064e+06
P09104	P09104		ENO2		2.07919e+07	1.43386e+07	1.70039e+07	1.47683e+07	1.82765e+07	1.51733e+07	1.79463e+07	1.57747e+07
P09110	P09110		ACAA1		3.22734e+07	2.55279e+07	3.10318e+07	1.93701e+07	3.84411e+07	4.26206e+07	3.42177e+07	3.96243e+07
P09132	P09132		SRP19		4.04479e+06	5.10788e+06	6.0188e+06	7.28796e+06	3.81642e+06	5.12432e+06	5.43595e+06	4.17872e+06
P09211	P09211		GSTP1		8.50943e+07	1.09842e+08	8.74803e+07	5.62772e+07	7.18768e+07	6.57805e+07	1.11836e+08	7.4302e+07
P09234	P09234		SNRPC		1.99005e+07	2.28074e+07	2.46081e+07	2.86594e+07	2.20918e+07	3.66705e+07	2.30319e+07	3.02219e+07
P09382	P09382		LGALS1		5.99919e+08	2.24928e+08	4.0285e+08	2.45783e+08	2.64336e+08	2.34262e+08	3.12375e+08	2.06736e+08
P09417	P09417		QDPR		2.61867e+07	1.43504e+07	2.19031e+07	1.32728e+07	3.31609e+07	1.45587e+07	2.74629e+07	1.57328e+07
P09429	P09429		HMGB1		1.05881e+08	2.26882e+08	1.53539e+08	3.08395e+08	1.44264e+08	1.38794e+08	2.09332e+08	1.10773e+08
P09466	P09466		PAEP		795639		401792					
P09471	P09471		GNAO1		2.91141e+07	1.70546e+07	3.10758e+07	2.89192e+07	1.3681e+07	3.23691e+07	1.59136e+07	1.47391e+07
P09486	P09486		SPARC		5.29592e+07	2.15951e+07	3.38847e+07	2.03451e+07	5.69947e+07	5.96615e+07	4.27596e+07	6.21467e+07
P09488	P09488		GSTM1		1.64796e+07	1.05531e+07	1.80175e+07	1.04728e+07	9.89013e+06	1.26425e+07	1.20038e+07	9.78447e+06
P09493	P09493		TPM1		1.04473e+07	8.29206e+06	7.72844e+06	4.32312e+06	9.9006e+06	7.62206e+06	7.81508e+06	8.35984e+06
P09496	P09496		CLTA		2.38803e+07	3.12004e+07	2.0906e+07	2.47518e+07	2.09161e+07	1.76708e+07	2.28467e+07	2.32007e+07
P09497	P09497		CLTB		8.34724e+06	1.48923e+07	9.50014e+06	1.06861e+07	6.69244e+06	6.65299e+06	8.35369e+06	6.16263e+06
P09525	P09525		ANXA4		8.76885e+06	1.06158e+07	9.92116e+06	9.33701e+06	5.81834e+06	9.60889e+06	8.7478e+06	7.30134e+06
P09543	P09543		CNP		3.24951e+07	2.34931e+07	2.76808e+07	2.36127e+07	4.16285e+07	3.79946e+07	3.46379e+07	4.1143e+07
P09601	P09601		HMOX1		3.14706e+06	1.05512e+07	3.60737e+06	3.23308e+06	4.2624e+06	6.98936e+06	4.38363e+06	7.4018e+06
P09603	P09603		CSF1		772470	1.05724e+06	683635	627830	1.34241e+06	896926	1.54629e+06	818548
P09619	P09619		PDGFRB		1.82995e+06	748203	1.08212e+06	491535	715683	3.60674e+06	927754	
P09622	P09622		DLD		1.90441e+08	1.37543e+08	1.54233e+08	7.47482e+07	1.94643e+08	1.51833e+08	1.8719e+08	1.78081e+08
P09651	P09651		HNRNPA1		4.33595e+07	9.674e+07	9.40997e+07	1.14962e+08	7.1225e+07	5.0188e+07	1.32069e+08	4.61426e+07
P09661	P09661		SNRPA1		4.95516e+06	1.17697e+07	9.15119e+06	1.2161e+07	6.56817e+06	7.4431e+06	9.77762e+06	7.86034e+06
P09668	P09668		CTSH		1.42565e+06	662620	1.55454e+06	764143	1.05957e+06	1.49424e+06	1.26039e+06	1.14303e+06
P09669	P09669		COX6C		2.43313e+08	2.05039e+08	2.29228e+08	2.721e+08	1.624e+08	3.29415e+08	2.04472e+08	2.75002e+08
P09874	P09874		PARP1		9.77232e+06	2.75715e+07	2.24368e+07	4.04312e+07	1.37381e+07	1.96447e+07	2.38953e+07	1.61497e+07
P09884	P09884		POLA1		863708	1.46683e+06	1.06514e+06	1.47845e+06	822979	1.31808e+06	970253	1.24149e+06
P09913	P09913		IFIT2			765812			880712	391591		
P09914	P09914		IFIT1		1.94553e+06	3.06527e+06	3.07336e+06	3.5092e+06	2.18413e+06	2.39789e+06	2.95294e+06	2.59215e+06
P09936	P09936		UCHL1		4.5052e+07	5.15018e+07	4.07255e+07	3.01644e+07	5.70188e+07	2.87085e+07	6.06507e+07	4.24998e+07
P09958	P09958		FURIN		7.77498e+06	5.07895e+06	5.3318e+06	5.63963e+06	6.7962e+06	9.11949e+06	4.81825e+06	6.09048e+06
P09960	P09960		LTA4H		1.46966e+07	2.16254e+07	1.61732e+07	1.20957e+07	1.36549e+07	1.37804e+07	1.9432e+07	1.4803e+07
P09972	P09972		ALDOC		1.90357e+07	1.35417e+07	1.48737e+07	1.39163e+07	1.432e+07	1.21346e+07	1.78657e+07	1.3366e+07
P0C024	P0C024		NUDT7		803730	706666	1.04286e+06	873134	981764	863447	1.44255e+06	724527
P0C0L5	P0C0L5		C4B		2.31072e+06	3.50649e+06	2.89054e+06	2.33427e+06	2.39647e+06	2.52443e+06	2.51222e+06	4.13668e+06
P0C0S5	P0C0S5		H2AZ1		6.94678e+08	2.91074e+09	1.51859e+09	4.17391e+09	1.9981e+09	1.19039e+09	2.96119e+09	7.43437e+08
P0C0S8	P0C0S8		H2AC11		2.44282e+08	6.6214e+08	3.36868e+08	8.62728e+08	3.82592e+08	4.13536e+08	6.72856e+08	5.07314e+08
P0C2W1	P0C2W1		FBXO45		1.21395e+06	1.91714e+06	1.68605e+06	1.78494e+06	1.11669e+06	1.15479e+06	1.56857e+06	1.3665e+06
P0C7P0	P0C7P0		CISD3		1.13106e+07	1.04445e+07	8.90302e+06	5.63343e+06	1.45205e+07	1.01336e+07	1.34161e+07	1.45434e+07
P0C7U0	P0C7U0		ELFN1		1.26159e+07	7.67663e+06	1.12784e+07	1.20878e+07	1.08706e+07	1.15283e+07	1.02716e+07	8.56238e+06
P0C869	P0C869		PLA2G4B		840217	3.69346e+06						
P0CAP2	P0CAP2		POLR2M		149973	324728	231844	315969	137240	271666	246889	293226
P0CG12	P0CG12		DERPC		4.06289e+06	8.08921e+06	1.02277e+07	1.02626e+07	4.13394e+06	1.05214e+07	1.15506e+07	7.88825e+06
P0CG13	P0CG13		CHTF8		364307	567601	511527	847506	397342	541599	436568	423724
P0CG39	P0CG39		POTEJ		1.0492e+07	7.27246e+06	1.22897e+07	9.86214e+06	8.48996e+06	1.16871e+07	1.05056e+07	8.53626e+06
P0CK96	P0CK96		SLC35E2B		1.14566e+06	1.58667e+06	1.17235e+06	1.07074e+06	1.79566e+06	1.92585e+06	1.49944e+06	2.28645e+06
P0CW19	P0CW19		LIMS3		734551	255395	492301	439584	364969	261570	320082	152442
P0DI81	P0DI81		TRAPPC2		3.08888e+06	3.76516e+06	3.31336e+06	3.14243e+06	3.54493e+06	3.91389e+06	3.42938e+06	3.52471e+06
P0DJ07	P0DJ07		PET100		1.21667e+07	1.07543e+07	1.09126e+07	1.18077e+07	9.4179e+06	1.99741e+07	1.10625e+07	1.72075e+07
P0DJ93	P0DJ93		SMIM13		1.77512e+06	1.81215e+06	1.62217e+06	1.79824e+06	2.49974e+06	2.61936e+06	1.95167e+06	1.9508e+06
P0DKB5	P0DKB5		TPBGL		7.47258e+06	2.65112e+06	5.03195e+06	3.53932e+06	6.6662e+06	4.08501e+06	4.45156e+06	2.99689e+06
P0DMQ5	P0DMQ5		INAFM2		1.79483e+06	1.33527e+06	1.93733e+06	2.35415e+06	2.3089e+06	3.32985e+06	1.18959e+06	1.37547e+06
P0DMV8	P0DMV8		HSPA1A		5.89735e+07	8.53503e+07	4.55832e+07	3.99369e+07	4.82159e+07	4.90025e+07	4.03742e+07	4.37204e+07
P0DOY2	P0DOY2		IGLC2			1.14558e+08	7.58499e+06		6.14156e+06		7.15186e+06	5.23841e+07
P0DP23	P0DP23		CALM1		2.94402e+08	2.39445e+08	1.86194e+08	1.61971e+08	2.77477e+08	2.3796e+08	2.4733e+08	2.43423e+08
P0DPB6	P0DPB6		POLR1D		2.91758e+06	5.08434e+06	4.28515e+06	5.50233e+06	3.66487e+06	4.02185e+06	4.85402e+06	3.96599e+06
P0DPH7	P0DPH7		TUBA3C		2.3626e+07	3.78365e+07	1.5355e+07	3.30927e+07	1.96702e+07	1.16862e+07	2.18836e+07	1.52468e+07
P0DPI2	P0DPI2		GATD3		1.262e+08	5.9202e+07	8.73051e+07	2.80348e+07	1.54985e+08	3.47666e+07	1.11709e+08	5.23769e+07
P0DTL6	P0DTL6		ZFTRAF1		2.00023e+06	1.23456e+06	958220	923915	2.48506e+06	919402	705577	969537
P10071	P10071		GLI3		987040	585512	677612	727129	542801	673763	563600	983285
P10109	P10109		FDX1		1.40223e+07	5.2079e+06	1.20507e+07	2.99518e+06	1.84788e+07	6.91424e+06	1.48351e+07	8.05756e+06
P10114	P10114		RAP2A		5.50601e+06	3.86837e+06	4.42867e+06	3.47189e+06	3.90365e+06	4.4978e+06	4.0993e+06	4.51988e+06
P10155	P10155		RO60		8.85326e+06	7.95667e+06	8.21764e+06	6.7153e+06	7.8407e+06	5.7882e+06	7.6576e+06	5.17737e+06
P10176	P10176		COX8A		2.53731e+07	2.02843e+07	2.41988e+07	2.57949e+07	1.6947e+07	3.77598e+07	1.89847e+07	3.05928e+07
P10253	P10253		GAA		3.12869e+07	1.60795e+07	2.67824e+07	1.23093e+07	3.17248e+07	1.48868e+07	3.2173e+07	1.5436e+07
P10276	P10276		RARA				252061	346882		200041		155309
P10301	P10301		RRAS		7.61088e+07	5.12637e+07	6.21451e+07	4.29208e+07	6.39143e+07	4.74263e+07	5.37198e+07	3.81037e+07
P10321	P10321		HLA-C		1.82635e+08	1.12459e+08	1.54985e+08	1.25759e+08	1.67107e+08	1.70892e+08	1.37973e+08	1.50281e+08
P10398	P10398		ARAF		1.14226e+07	5.47952e+06	9.5919e+06	6.40757e+06	9.20284e+06	8.21776e+06	7.27048e+06	7.04088e+06
P10412	P10412		H1-4		6.43698e+07	2.8106e+08	1.62379e+08	4.0712e+08	1.31839e+08	1.21951e+08	2.02975e+08	8.73036e+07
P10415	P10415		BCL2		2.86063e+06	2.30972e+06	3.13812e+06	2.80943e+06	2.25393e+06	4.98159e+06	2.83805e+06	4.51663e+06
P10451	P10451		SPP1		1.32012e+06	700524	807823	595430	623718	898670	891146	1.03344e+06
P10515	P10515		DLAT		2.50182e+08	1.72777e+08	2.33771e+08	1.61777e+08	2.79568e+08	2.30873e+08	2.66658e+08	2.51335e+08
P10586	P10586		PTPRF		1.6724e+07	1.12129e+07	1.55268e+07	1.0437e+07	1.88965e+07	1.6279e+07	1.56436e+07	1.23448e+07
P10588	P10588		NR2F6		2.17226e+06	2.82059e+06	2.84311e+06	2.60626e+06	3.11799e+06	2.65218e+06	2.66856e+06	3.10172e+06
P10589	P10589		NR2F1		1.21861e+06	1.79885e+06	1.0819e+06	1.44928e+06	776573	984775	1.43986e+06	1.2691e+06
P10599	P10599		TXN		2.51353e+07	3.97209e+07	3.00296e+07	2.75145e+07	2.67885e+07	2.97498e+07	4.43414e+07	3.74105e+07
P10606	P10606		COX5B		1.49985e+08	1.02818e+08	1.38178e+08	1.53866e+08	1.01032e+08	1.99643e+08	1.23407e+08	1.58712e+08
P10619	P10619		CTSA		4.02803e+07	1.58995e+07	2.93718e+07	9.89997e+06	4.44348e+07	2.02865e+07	3.5502e+07	1.86182e+07
P10620	P10620		MGST1		1.01515e+08	1.199e+08	1.24295e+08	1.38112e+08	1.11472e+08	1.92921e+08	1.32329e+08	1.8607e+08
P10644	P10644		PRKAR1A		9.38576e+06	1.12597e+07	1.03171e+07	1.19344e+07	6.88526e+06	9.25287e+06	1.04636e+07	1.12125e+07
P10646	P10646		TFPI		1.34072e+07	1.154e+07	1.21694e+07	1.08504e+07	1.23811e+07	1.02629e+07	9.95305e+06	9.3519e+06
P10768	P10768		ESD		1.05427e+07	1.08909e+07	1.18351e+07	8.11872e+06	1.03811e+07	8.53503e+06	1.56494e+07	9.85068e+06
P10809	P10809		HSPD1		2.94811e+09	1.67865e+09	2.36799e+09	6.64871e+08	3.79758e+09	1.30074e+09	3.56007e+09	1.8672e+09
P10909	P10909		CLU		4.08772e+06	3.21762e+06	3.45783e+06	2.20112e+06	4.86473e+06	3.07577e+06	3.55111e+06	5.61218e+06
P11021	P11021		HSPA5		6.71808e+08	3.20536e+08	7.26044e+08	3.53236e+08	8.63921e+08	7.30804e+08	6.50863e+08	4.68468e+08
P11047	P11047		LAMC1		7.20046e+07	2.20248e+07	5.47883e+07	3.19349e+07	7.56937e+07	5.15016e+07	4.52418e+07	4.28637e+07
P11117	P11117		ACP2		1.13867e+07	5.76692e+06	8.22102e+06	5.23398e+06	1.76707e+07	1.39684e+07	1.09487e+07	1.50848e+07
P11142	P11142		HSPA8		4.55698e+08	5.24358e+08	5.12459e+08	4.36456e+08	4.5218e+08	6.48924e+08	5.29165e+08	7.09982e+08
P11166	P11166		SLC2A1		5.21469e+07	2.06595e+07	3.62182e+07	3.5475e+07	3.92279e+07	7.86522e+07	2.42825e+07	5.66967e+07
P11169	P11169		SLC2A3		3.84388e+07	1.55065e+07	2.7067e+07	2.13301e+07	3.75905e+07	2.82285e+07	3.01836e+07	2.21613e+07
P11171	P11171		EPB41		3.30555e+07	2.22638e+07	2.73916e+07	1.72886e+07	3.03407e+07	2.29403e+07	2.88504e+07	2.5778e+07
P11172	P11172		UMPS		2.89805e+07	3.33184e+07	3.85949e+07	3.82198e+07	3.73846e+07	3.34077e+07	3.91645e+07	3.21215e+07
P11177	P11177		PDHB		1.47616e+08	1.03588e+08	1.23437e+08	6.61879e+07	1.6829e+08	9.44116e+07	1.50427e+08	1.2233e+08
P11182	P11182		DBT		5.23076e+07	4.1148e+07	4.73723e+07	2.88376e+07	5.67608e+07	2.75747e+07	4.98785e+07	3.22625e+07
P11216	P11216		PYGB		1.10022e+07	2.17824e+07	1.02736e+07	1.12342e+07	1.45355e+07	8.17314e+06	1.59556e+07	1.25644e+07
P11233	P11233		RALA		1.1975e+08	5.70854e+07	1.02936e+08	8.18572e+07	8.24565e+07	1.19911e+08	7.90648e+07	9.59292e+07
P11234	P11234		RALB		9.99026e+07	5.77523e+07	9.09996e+07	7.92952e+07	6.98703e+07	9.12649e+07	7.77632e+07	7.69441e+07
P11274	P11274		BCR		2.74504e+06	2.02408e+06	3.42834e+06	2.24284e+06	2.8054e+06	2.6092e+06	2.29996e+06	1.94365e+06
P11277	P11277		SPTB		1.73013e+07	1.53407e+07	1.95911e+07			1.71423e+07		
P11279	P11279		LAMP1		5.02455e+07	4.1842e+07	5.28786e+07	3.46148e+07	5.48359e+07	6.41759e+07	5.74078e+07	6.21826e+07
P11310	P11310		ACADM		3.70081e+08	1.57261e+08	2.95762e+08	1.02378e+08	3.06648e+08	1.62129e+08	2.89807e+08	1.72522e+08
P11362	P11362		FGFR1		2.704e+06	2.51255e+06	2.36452e+06	2.29335e+06	3.41246e+06	3.25282e+06	3.58297e+06	4.24716e+06
P11387	P11387		TOP1		1.81413e+07	8.79939e+07	3.98562e+07	9.82147e+07	4.15803e+07	3.93203e+07	5.87554e+07	3.99318e+07
P11388	P11388		TOP2A		1.2176e+07	2.98874e+07	2.69298e+07	5.17593e+07	2.45746e+07	3.27315e+07	3.09494e+07	2.29686e+07
P11413	P11413		G6PD		3.51715e+07	4.88592e+07	3.65062e+07	3.88421e+07	3.53468e+07	3.85112e+07	4.32599e+07	4.50056e+07
P11441	P11441		UBL4A		2.8833e+06	4.92208e+06	4.59356e+06	5.56406e+06	3.27774e+06	3.84187e+06	3.99569e+06	3.98021e+06
P11474	P11474		ESRRA		239091	476108	299200	549440	468682	207241	451767	240070
P11498	P11498		PC		7.13618e+07	3.87836e+07	5.93529e+07	3.05299e+07	7.11901e+07	3.23638e+07	8.68731e+07	5.36098e+07
P11586	P11586		MTHFD1		6.46376e+07	8.73492e+07	8.20737e+07	9.57091e+07	6.59487e+07	8.77812e+07	9.02803e+07	1.0731e+08
P11678	P11678		EPX			1.02463e+06	1.50858e+06			1.95059e+06		4.0429e+06
P11717	P11717		IGF2R		3.14382e+08	2.94687e+08	3.40207e+08	3.86546e+08	1.83589e+08	3.96613e+08	2.41258e+08	2.80377e+08
P11766	P11766		ADH5		1.49268e+07	1.60796e+07	1.68483e+07	1.32511e+07	1.55689e+07	1.36719e+07	2.12581e+07	1.68462e+07
P11802	P11802		CDK4		3.69125e+06	4.13037e+06	4.35446e+06	4.67702e+06	3.99014e+06	4.87615e+06	4.09644e+06	4.21025e+06
P11831	P11831		SRF			2.00901e+06		1.94507e+06			1.43873e+06	1.85696e+06
P11908	P11908		PRPS2		9.54495e+06	9.46272e+06	1.11463e+07	8.70848e+06	9.46663e+06	8.42809e+06	1.13743e+07	9.01311e+06
P11940	P11940		PABPC1		7.68338e+07	7.32902e+07	8.93332e+07	8.06604e+07	6.91725e+07	5.38514e+07	8.24097e+07	5.33274e+07
P12004	P12004		PCNA		8.46838e+06	1.49135e+07	8.51902e+06	1.12083e+07	8.36072e+06	1.1279e+07	1.12724e+07	1.26949e+07
P12035	P12035		KRT3			3.11886e+07		1.0134e+06	933867		2.96169e+06	
P12074	P12074		COX6A1		4.47419e+07	4.05515e+07	4.32079e+07	4.47297e+07	2.78307e+07	5.84519e+07	4.06374e+07	5.42752e+07
P12081	P12081		HARS1		8.05978e+06	1.13379e+07	7.70444e+06	7.23455e+06	8.9796e+06	7.69853e+06	1.07814e+07	1.05277e+07
P12109	P12109		COL6A1		1.14325e+08	3.0093e+07	5.13048e+07	4.0013e+07	1.31606e+08	3.99787e+07	4.73111e+07	3.32268e+07
P12110	P12110		COL6A2		3.37651e+07	1.60394e+07	1.98795e+07	1.96689e+07	4.61636e+07	2.15108e+07	2.13831e+07	2.02905e+07
P12111	P12111		COL6A3		5.98369e+07	4.91345e+07	4.57578e+07	3.85444e+07	1.07723e+08	4.45075e+07	5.53035e+07	6.05294e+07
P12235	P12235		SLC25A4		1.31991e+08	1.35246e+08	1.2064e+08	1.2045e+08	1.6438e+08	1.78801e+08	1.43217e+08	1.97599e+08
P12236	P12236		SLC25A6		2.20868e+08	1.79464e+08	1.7782e+08	1.77082e+08	1.18118e+08	3.32517e+08	1.71701e+08	3.17555e+08
P12259	P12259		F5		858509		1.50699e+06	821569	1.55546e+06	1.83669e+06	1.25318e+06	1.9031e+06
P12268	P12268		IMPDH2		2.35923e+07	2.0695e+07	3.12931e+07	2.44412e+07	2.88593e+07	2.53504e+07	3.86477e+07	3.22005e+07
P12270	P12270		TPR		9.33506e+06	2.25032e+07	1.48673e+07	2.76004e+07	1.30496e+07	1.38741e+07	1.50457e+07	1.31537e+07
P12273	P12273		PIP		1.43936e+06	1.97375e+06	1.43746e+06	2.34625e+06	1.63888e+06	1.625e+06	2.22467e+06	9.87114e+06
P12277	P12277		CKB		5.20631e+07	3.13076e+07	5.524e+07	3.78548e+07	3.6457e+07	3.97666e+07	4.79384e+07	3.19744e+07
P12429	P12429		ANXA3		930878	1.38382e+06	716409		911178	612801	682757	467505
P12532	P12532		CKMT1A		3.20644e+07	3.14202e+07	3.86379e+07	2.98916e+07	1.62725e+07	5.13522e+07	2.52734e+07	2.60438e+07
P12694	P12694		BCKDHA		2.49436e+07	1.86875e+07	2.24165e+07	1.17035e+07	2.74395e+07	1.28454e+07	2.66819e+07	1.57666e+07
P12814	P12814		ACTN1		4.02897e+08	3.62075e+08	4.14188e+08	3.87451e+08	2.47488e+08	4.03621e+08	3.60116e+08	3.30822e+08
P12821	P12821		ACE		7.59852e+06	4.65686e+06	4.38994e+06	3.10892e+06	9.23852e+06	4.45628e+06	3.84654e+06	5.02837e+06
P12830	P12830		CDH1			2.6928e+06			1.9479e+06	2.87158e+06		3.10222e+06
P12931	P12931		SRC		4.24673e+07	2.62873e+07	3.65988e+07	3.07785e+07	3.83629e+07	4.08189e+07	3.60033e+07	3.69093e+07
P12955	P12955		PEPD		1.28742e+07	1.53039e+07	1.31907e+07	9.91064e+06	1.0614e+07	1.15608e+07	1.64944e+07	1.1761e+07
P12956	P12956		XRCC6		1.6345e+07	7.20944e+07	3.84655e+07	7.06664e+07	2.43242e+07	3.34694e+07	4.32612e+07	3.24444e+07
P13010	P13010		XRCC5		2.21757e+07	8.59383e+07	4.96435e+07	8.57138e+07	3.04409e+07	4.03857e+07	5.37072e+07	4.08443e+07
P13051	P13051		UNG		2.198e+07	2.41717e+07	1.86609e+07	1.32023e+07	3.19115e+07	2.33888e+07	2.55448e+07	3.28001e+07
P13073	P13073		COX4I1		1.13028e+09	9.53854e+08	1.03149e+09	1.12188e+09	9.4095e+08	1.86785e+09	9.59493e+08	1.90821e+09
P13164	P13164		IFITM1		7.74406e+06	5.30297e+06	9.16676e+06	5.52688e+06	1.26364e+07	9.08254e+06	8.80117e+06	9.90538e+06
P13196	P13196		ALAS1		6.98916e+06	4.52608e+06	6.60263e+06	3.75203e+06	1.06499e+07	8.93818e+06	8.24218e+06	8.02238e+06
P13284	P13284		IFI30		2.58825e+06	1.08218e+06	1.92557e+06		2.38182e+06	1.25295e+06	2.2758e+06	1.24494e+06
P13473	P13473		LAMP2		5.11625e+07	3.68622e+07	4.22268e+07	2.80077e+07	4.6182e+07	4.38763e+07	5.10265e+07	4.33694e+07
P13489	P13489		RNH1		3.34181e+07	5.99204e+07	5.3244e+07	6.42182e+07	3.31975e+07	3.93317e+07	5.49601e+07	3.88887e+07
P13498	P13498		CYBA		1.13724e+07	7.60451e+06	1.3718e+07	1.12054e+07	1.0121e+07	2.27618e+07	9.74694e+06	1.26773e+07
P13591	P13591		NCAM1		1.63014e+07	3.08598e+07	1.42524e+07	1.41074e+07	1.7038e+07	1.59663e+07	2.48733e+07	2.70091e+07
P13611	P13611		VCAN		3.39763e+06	1.80434e+06	2.24231e+06	1.93107e+06	2.68195e+06	2.9578e+06	2.00063e+06	2.14758e+06
P13612	P13612		ITGA4		2.22552e+07	2.756e+07	2.90701e+07	2.34208e+07	2.0723e+07	3.56256e+07	2.53868e+07	3.34688e+07
P13637	P13637		ATP1A3		4.74741e+08	3.35671e+08	4.70115e+08	4.49885e+08	3.34977e+08	5.58735e+08	3.44784e+08	3.84196e+08
P13639	P13639		EEF2		3.03821e+08	2.8562e+08	3.52244e+08	3.40899e+08	3.186e+08	3.31366e+08	3.19641e+08	3.32687e+08
P13645	P13645		KRT10		8.19614e+07	1.18497e+09	1.73643e+08	2.17056e+08	6.20147e+07	5.44147e+07	1.97245e+08	1.22406e+08
P13646	P13646		KRT13		9.28684e+06	7.44404e+06	7.50513e+06	7.52221e+06	8.37399e+06	1.18603e+07	8.07134e+06	8.54658e+06
P13647	P13647		KRT5		1.5352e+07	8.04727e+08	2.2781e+07	4.12233e+07	1.94688e+07	1.20327e+07	3.67156e+07	2.34784e+07
P13667	P13667		PDIA4		3.02033e+08	9.29873e+07	2.56558e+08	1.1286e+08	3.66378e+08	2.01863e+08	2.38395e+08	1.34332e+08
P13674	P13674		P4HA1		7.11699e+07	1.49762e+07	5.27391e+07	3.19074e+07	7.46534e+07	4.11777e+07	4.25969e+07	2.33159e+07
P13688	P13688		CEACAM1		2.3293e+06	496529	1.75742e+06	851837	1.20954e+06	1.24388e+06	695317	
P13693	P13693		TPT1		2.41838e+07	1.83748e+07	1.93224e+07	1.51211e+07	2.15772e+07	1.81174e+07	2.21812e+07	2.13805e+07
P13716	P13716		ALAD		2.85364e+06	3.00816e+06	3.32952e+06	3.11581e+06	2.39304e+06	3.64795e+06	3.91996e+06	3.30722e+06
P13726	P13726		F3		3.13764e+06	1.75895e+06	2.88145e+06	2.27075e+06	2.36935e+06	3.46434e+06	2.50374e+06	2.06274e+06
P13747	P13747		HLA-E		2.55199e+06	2.39468e+06	2.53264e+06	2.37419e+06	3.57284e+06	4.97354e+06	2.97151e+06	3.88315e+06
P13796	P13796		LCP1		2.50504e+06	6.85612e+06	2.83443e+06	3.42852e+06	2.89223e+06	2.92293e+06	2.66316e+06	3.32583e+06
P13797	P13797		PLS3		2.45837e+07	4.14516e+07	3.39875e+07	4.74498e+07	2.91315e+07	3.08478e+07	3.92223e+07	3.38145e+07
P13798	P13798		APEH		9.52715e+06	1.08953e+07	1.11776e+07	8.42165e+06	8.80756e+06	8.22204e+06	1.2998e+07	8.91708e+06
P13804	P13804		ETFA		2.55587e+07	9.44441e+06	1.66718e+07	9.56247e+06	2.0507e+07	1.22994e+07	1.64034e+07	1.12507e+07
P13807	P13807		GYS1		3.20566e+06	4.89464e+06	2.47801e+06	2.81317e+06	3.42391e+06	1.95463e+06	3.81448e+06	3.15425e+06
P13861	P13861		PRKAR2A		1.73815e+07	9.88319e+06	1.38526e+07	9.6648e+06	1.79932e+07	8.77924e+06	1.57422e+07	8.93471e+06
P13928	P13928		ANXA8			3.67337e+06			3.75324e+06			
P13929	P13929		ENO3		1.27206e+07	1.7894e+07	1.25925e+07	1.41962e+07	1.15181e+07	1.61436e+07	1.76406e+07	1.84988e+07
P13984	P13984		GTF2F2		2.30554e+06	6.13542e+06	3.64071e+06	5.30085e+06	4.30952e+06	3.07322e+06	4.83139e+06	2.81282e+06
P13987	P13987		CD59		1.40941e+08	1.57784e+08	1.22157e+08	1.52191e+08	1.41106e+08	1.38222e+08	1.39487e+08	1.30572e+08
P13995	P13995		MTHFD2		7.98649e+07	5.06629e+07	7.59152e+07	3.85013e+07	8.32413e+07	8.38445e+07	7.56537e+07	9.76918e+07
P14174	P14174		MIF		2.09717e+08	3.56556e+08	2.4247e+08	2.65552e+08	2.04808e+08	2.87117e+08	2.81692e+08	3.21553e+08
P14209	P14209		CD99		7.25743e+06	4.37167e+06	5.50806e+06	5.53454e+06	4.87954e+06	4.90704e+06	5.52087e+06	3.94369e+06
P14314	P14314		PRKCSH		2.15645e+08	1.14955e+08	1.92403e+08	8.84464e+07	3.13672e+08	1.77833e+08	2.16194e+08	1.65204e+08
P14316	P14316		IRF2		110149	443975	178006	350650	170046	118280	167256	
P14324	P14324		FDPS		2.52187e+07	1.15312e+07	2.08332e+07	1.14192e+07	1.50623e+07	1.31154e+07	1.61748e+07	9.83023e+06
P14373	P14373		TRIM27		1.35878e+06	1.91644e+06	1.55037e+06	1.88058e+06	1.69123e+06	3.4205e+06	1.89543e+06	4.48327e+06
P14384	P14384		CPM		1.07854e+07	2.34825e+07	1.15024e+07	7.0263e+06	2.08159e+07	7.3662e+06	1.17421e+07	9.39474e+06
P14406	P14406		COX7A2		2.77846e+08	2.16545e+08	2.58757e+08	2.57428e+08	1.44461e+08	3.38501e+08	1.99369e+08	2.77685e+08
P14543	P14543		NID1		1.10052e+07	2.52763e+06	8.84343e+06	4.62629e+06	8.45844e+06	7.26352e+06	5.43089e+06	4.28937e+06
P14550	P14550		AKR1A1		1.34254e+07	1.35056e+07	1.21663e+07	6.9667e+06	1.64953e+07	7.05863e+06	1.65917e+07	8.68857e+06
P14618	P14618		PKM		2.15382e+09	1.52898e+09	1.7825e+09	1.36171e+09	2.68643e+09	2.2985e+09	2.14244e+09	2.53223e+09
P14625	P14625		HSP90B1		1.55638e+09	6.57693e+08	1.44425e+09	6.70221e+08	2.01763e+09	1.23835e+09	1.58335e+09	9.45036e+08
P14635	P14635		CCNB1		6.22023e+06	8.0411e+06	6.98803e+06	8.35702e+06	9.57167e+06	9.95025e+06	7.60582e+06	8.06378e+06
P14649	P14649		MYL6B		1.38835e+07	1.39104e+07	1.61492e+07	1.16795e+07	1.69131e+07	1.32404e+07	1.56639e+07	1.61614e+07
P14678	P14678		SNRPB		3.3305e+07	4.37774e+07	4.50073e+07	5.30298e+07	3.58716e+07	6.30076e+07	4.15916e+07	5.7275e+07
P14735	P14735		IDE		1.26587e+07	2.29266e+07	1.31382e+07	8.57837e+06	1.15079e+07	9.27092e+06	1.21137e+07	8.08459e+06
P14780	P14780		MMP9		4.45769e+07	4.68131e+06	1.63118e+07	1.60561e+07	4.5796e+07	1.16772e+07	8.3263e+06	6.65785e+06
P14854	P14854		COX6B1		4.72588e+08	3.44123e+08	3.8508e+08	4.08107e+08	3.25619e+08	6.28887e+08	3.98949e+08	6.01836e+08
P14859	P14859		POU2F1		2.14346e+06	2.48619e+06	2.28418e+06	2.8916e+06	3.27758e+06	1.91593e+06	3.20175e+06	1.82672e+06
P14866	P14866		HNRNPL		1.09836e+07	2.42556e+07	2.1905e+07	3.3319e+07	1.76216e+07	9.69304e+06	2.95907e+07	8.77664e+06
P14868	P14868		DARS1		8.4623e+07	6.46559e+07	7.14365e+07	5.99802e+07	8.41819e+07	4.52841e+07	7.37807e+07	4.37718e+07
P14921	P14921		ETS1		658213	1.12218e+06	1.42648e+06	2.56376e+06	390361	1.01633e+06	1.09466e+06	859372
P14923	P14923		JUP		2.98508e+07	5.67547e+07	2.39731e+07	1.69066e+07	8.81758e+06	1.72267e+07	1.04242e+07	7.0939e+06
P14927	P14927		UQCRB		1.49149e+08	1.7424e+08	1.51539e+08	1.69995e+08	1.68167e+08	2.2442e+08	1.59712e+08	2.08561e+08
P15104	P15104		GLUL		1.05531e+07	1.3113e+07	1.34306e+07	1.06386e+07	5.78893e+06	6.38568e+06	9.9043e+06	5.43745e+06
P15121	P15121		AKR1B1		2.73568e+07	1.98141e+07	2.31469e+07	1.29586e+07	3.0298e+07	1.5046e+07	2.79966e+07	1.661e+07
P15144	P15144		ANPEP		1.25816e+08	9.59509e+07	1.2747e+08	1.27285e+08	6.38503e+07	1.36144e+08	8.21872e+07	9.12864e+07
P15151	P15151		PVR		3.7067e+07	3.46455e+07	3.94775e+07	2.88682e+07	4.29498e+07	4.24671e+07	3.75817e+07	3.582e+07
P15153	P15153		RAC2		7.17523e+07	2.76364e+07	7.07934e+07	7.07062e+07	4.11637e+07	9.39525e+07	3.90943e+07	4.82228e+07
P15170	P15170		GSPT1		1.06568e+07	1.56947e+07	1.57028e+07	1.96678e+07	1.15359e+07	1.37631e+07	1.5373e+07	1.27047e+07
P15260	P15260		IFNGR1		4.18869e+06	3.21809e+06	3.32083e+06	2.61274e+06	3.44521e+06	3.48554e+06	3.51194e+06	2.74311e+06
P15291	P15291		B4GALT1		3.89744e+06	5.22401e+06	5.38084e+06	5.07001e+06	5.26887e+06	7.45054e+06	5.18624e+06	8.38004e+06
P15309	P15309		ACP3		1.79021e+06	2.113e+06	1.71911e+06	1.7616e+06	2.08005e+06	1.34811e+06	1.99498e+06	1.85449e+06
P15311	P15311		EZR		6.33435e+07	4.5034e+07	5.00377e+07	5.13196e+07	5.20072e+07	6.42972e+07	4.31659e+07	5.2162e+07
P15313	P15313		ATP6V1B1									3.85354e+06
P15374	P15374		UCHL3		9.06053e+06	1.0915e+07	1.06826e+07	7.69003e+06	7.78991e+06	7.93383e+06	1.18928e+07	8.18605e+06
P15407	P15407		FOSL1		8.52463e+06	1.71918e+07	1.39481e+07	2.87497e+07	2.12808e+07	1.72143e+07	2.27449e+07	1.54821e+07
P15408	P15408		FOSL2		213372	1.09636e+06	304996	862599	709090	227463	570528	162354
P15509	P15509		CSF2RA		349343		404372					
P15529	P15529		CD46		2.09618e+07	1.20841e+07	1.91848e+07	1.27586e+07	1.67898e+07	2.02909e+07	1.51946e+07	1.42697e+07
P15531	P15531		NME1		1.86372e+08	2.42169e+08	2.24744e+08	2.00918e+08	2.08314e+08	3.22458e+08	2.92827e+08	3.41398e+08
P15559	P15559		NQO1		8.83382e+06	1.73612e+07	8.07855e+06	1.04317e+07	1.11973e+07	1.35407e+07	1.35209e+07	2.01602e+07
P15586	P15586		GNS		3.15661e+07	1.82788e+07	3.45752e+07	1.38089e+07	4.01222e+07	2.21601e+07	4.69553e+07	2.14927e+07
P15692	P15692		VEGFA		1.25309e+06	553993	905303	555530	1.09211e+06	760440	556841	365779
P15735	P15735		PHKG2		4.36077e+06	5.44346e+06	4.46809e+06	3.62968e+06	4.34876e+06	5.58358e+06	3.7645e+06	5.90414e+06
P15848	P15848		ARSB		7.97962e+06	3.7004e+06	5.75977e+06	4.07758e+06	8.84298e+06	7.65654e+06	5.8044e+06	7.87243e+06
P15880	P15880		RPS2		5.70079e+07	6.50394e+07	7.62959e+07	7.04588e+07	5.39548e+07	4.42153e+07	7.34237e+07	4.47716e+07
P15882	P15882		CHN1		2.07374e+06	1.71703e+06	1.91613e+06	1.6428e+06	2.45421e+06	2.13898e+06	2.20947e+06	2.43758e+06
P15907	P15907		ST6GAL1		2.25831e+06	2.1524e+06	2.79783e+06	2.66577e+06	2.50711e+06	3.01796e+06	2.64769e+06	2.45156e+06
P15924	P15924		DSP		2.113e+07	2.90845e+08	3.32442e+07	4.81295e+07	1.72517e+07	3.87706e+07	2.92107e+07	2.07988e+07
P15927	P15927		RPA2		7.27552e+06	1.79213e+07	1.19724e+07	1.94054e+07	7.61233e+06	9.89325e+06	1.2072e+07	9.71684e+06
P15954	P15954		COX7C		3.17088e+07	2.26281e+07	2.7363e+07	3.27901e+07	1.0285e+07	4.51554e+07	2.21709e+07	3.33483e+07
P16035	P16035		TIMP2		1.12775e+06	378672	512018	409754	1.23671e+06	512244	511731	
P16070	P16070		CD44		6.04694e+08	7.16727e+08	5.18984e+08	3.75189e+08	8.09062e+08	6.70184e+08	6.93202e+08	9.37428e+08
P16083	P16083		NQO2		1.33235e+06	2.32226e+06	1.54594e+06	1.72123e+06	1.20867e+06	1.35857e+06	2.0142e+06	1.51047e+06
P16144	P16144		ITGB4		4.14384e+07	1.95374e+07	2.86901e+07	1.53422e+07	2.08815e+07	1.77343e+07	2.13387e+07	1.70995e+07
P16152	P16152		CBR1		2.41668e+07	3.56235e+07	2.23592e+07	1.55843e+07	2.97526e+07	1.80346e+07	3.16995e+07	2.4345e+07
P16219	P16219		ACADS		1.39537e+07	5.75638e+06	1.28406e+07	5.9176e+06	9.66359e+06	7.6784e+06	8.79959e+06	6.78603e+06
P16220	P16220		CREB1		2.14673e+06	6.31473e+06	3.769e+06	7.75355e+06	2.83456e+06	2.46056e+06	4.04611e+06	2.83034e+06
P16234	P16234		PDGFRA		5.50827e+06	7.65536e+06	4.30783e+06	4.02631e+06	5.34227e+06	5.36488e+06	6.89446e+06	6.96686e+06
P16260	P16260		SLC25A16		2.70802e+06	4.12069e+06	2.86204e+06	3.21142e+06	4.04065e+06	6.23939e+06	3.38902e+06	6.90111e+06
P16278	P16278		GLB1		2.76493e+07	1.49786e+07	2.21091e+07	7.81211e+06	4.02313e+07	1.01832e+07	3.41717e+07	1.37218e+07
P16298	P16298		PPP3CB		5.07088e+06	5.48111e+06	6.09863e+06	6.6846e+06	3.86614e+06	6.19356e+06	5.61892e+06	6.12568e+06
P16333	P16333		NCK1		7.25157e+06	7.13883e+06	7.66062e+06	6.64002e+06	7.67404e+06	7.49355e+06	8.50806e+06	7.29405e+06
P16383	P16383		GCFC2		233334	518898	719901	1.01829e+06		630861	378387	217474
P16401	P16401		H1-5		3.09828e+07	1.28777e+08	6.95729e+07	1.60099e+08	6.56254e+07	5.96072e+07	9.10132e+07	4.3359e+07
P16402	P16402		H1-3		3.23878e+06	2.25608e+07	9.03586e+06	2.42404e+07	1.08539e+07	5.95214e+06	1.2975e+07	5.025e+06
P16403	P16403		H1-2		4.86617e+06	2.16291e+07	1.16147e+07	3.85016e+07	6.45156e+06	1.13407e+07	1.64473e+07	9.45292e+06
P16422	P16422		EPCAM		1.69641e+06	1.16487e+06	2.75293e+06	2.79494e+06	1.02387e+06	5.27883e+06	1.43403e+06	2.35828e+06
P16435	P16435		POR		3.29401e+07	3.3355e+07	3.3949e+07	3.6384e+07	2.8262e+07	4.85222e+07	3.23762e+07	4.16243e+07
P16520	P16520		GNB3								9.96704e+07	
P16591	P16591		FER		1.15481e+06	2.13251e+06	1.15398e+06	1.37085e+06	1.07959e+06	1.00777e+06	1.30389e+06	1.31085e+06
P16615	P16615		ATP2A2		1.23324e+08	1.25398e+08	1.43583e+08	1.51934e+08	1.33176e+08	2.10947e+08	1.37636e+08	1.76319e+08
P16870	P16870		CPE		982615	427887	795101	538660	1.22527e+06	763589	661262	551641
P16885	P16885		PLCG2		1.15419e+06	1.6767e+06	1.8021e+06	2.00965e+06	1.35503e+06	1.34495e+06	1.42911e+06	1.21536e+06
P16930	P16930		FAH		1.63071e+06	1.6301e+06	1.70126e+06	1.47678e+06	895857	1.52789e+06	1.69727e+06	1.60723e+06
P16949	P16949		STMN1		5.81558e+07	5.25724e+07	5.36944e+07	4.2248e+07	5.73322e+07	3.5505e+07	8.4515e+07	5.84766e+07
P16989	P16989		YBX3		7.7067e+07	6.9328e+07	9.17222e+07	6.62762e+07	6.99397e+07	4.17617e+07	8.32194e+07	3.64834e+07
P17026	P17026		ZNF22		207428	413331	401026	823961	288377	305581	556061	291692
P17029	P17029		ZKSCAN1			66574.2	42719.9	71173.1	23887.8	31379.5	66762.4	20653.7
P17050	P17050		NAGA		5.26574e+06	2.55873e+06	4.2589e+06	1.68992e+06	6.60371e+06	2.54125e+06	6.70646e+06	3.07477e+06
P17081	P17081		RHOQ		1.21917e+06	2.0784e+06	1.52287e+06	1.25588e+06	1.07664e+06	1.4025e+06	1.55906e+06	1.31231e+06
P17096	P17096		HMGA1		3.78361e+07	1.05005e+08	9.86866e+07	2.0101e+08	6.86302e+07	1.00723e+07	1.37838e+08	1.43233e+07
P17152	P17152		TMEM11		2.77854e+07	4.09972e+07	2.55077e+07	2.47395e+07	4.02361e+07	3.72561e+07	3.57786e+07	4.81141e+07
P17174	P17174		GOT1		1.1842e+07	1.24411e+07	1.32944e+07	9.07952e+06	1.00795e+07	9.50224e+06	1.52331e+07	1.04172e+07
P17181	P17181		IFNAR1		1.37895e+06	1.76806e+06	1.80807e+06	2.32331e+06	1.25677e+06	1.65753e+06	1.60696e+06	1.59329e+06
P17252	P17252		PRKCA		8.83722e+06	9.25085e+06	1.17403e+07	9.13053e+06	7.19139e+06	7.72423e+06	1.42699e+07	1.01127e+07
P17275	P17275		JUNB		1.10494e+06	1.35761e+06	1.06999e+06	1.25019e+06	943123	731434	974734	1.05468e+06
P17301	P17301		ITGA2		2.4631e+08	2.71977e+08	2.24165e+08	2.55596e+08	2.47414e+08	2.46202e+08	2.59947e+08	2.66557e+08
P17302	P17302		GJA1		3.462e+07	3.12293e+07	2.35526e+07	2.0976e+07	3.1616e+07	2.30828e+07	3.02654e+07	2.32955e+07
P17405	P17405		SMPD1		6.71879e+06	6.71693e+06	5.40638e+06	3.53534e+06	1.07928e+07	6.50918e+06	8.71898e+06	6.35583e+06
P17480	P17480		UBTF		3.17438e+06	8.20552e+06	4.33998e+06	8.28671e+06	4.01178e+06	6.57576e+06	4.78156e+06	7.30142e+06
P17483	P17483		HOXB4			2.93106e+06	4.087e+06	3.37988e+06		1.8603e+06	6.36453e+06	
P17535	P17535		JUND					3.62128e+06	3.80264e+06			2.0823e+06
P17568	P17568		NDUFB7		9.27234e+07	7.93603e+07	8.64436e+07	8.21044e+07	6.7065e+07	1.1195e+08	7.08043e+07	1.02459e+08
P17612	P17612		PRKACA		1.76275e+07	1.46927e+07	1.6612e+07	1.45838e+07	1.57463e+07	1.28552e+07	1.66084e+07	1.56653e+07
P17655	P17655		CAPN2		2.48012e+07	2.7219e+07	3.16768e+07	4.4201e+07	1.50688e+07	2.54986e+07	2.61847e+07	2.06516e+07
P17676	P17676		CEBPB		1.68691e+06	5.74103e+06	3.01317e+06	6.17939e+06	5.15585e+06	1.19596e+06	5.36569e+06	998174
P17677	P17677		GAP43		2.13462e+06	242945	1.18127e+06	994632	1.82667e+06	856438	950450	526459
P17706	P17706		PTPN2		1.31651e+07	1.48965e+07	1.64432e+07	1.65434e+07	1.8027e+07	2.41593e+07	1.80813e+07	2.45888e+07
P17707	P17707		AMD1		216411		312013	301160	345446	752464		709459
P17812	P17812		CTPS1		3.15663e+07	5.53287e+07	5.02849e+07	7.98114e+07	3.08853e+07	4.66779e+07	5.05109e+07	4.33058e+07
P17813	P17813		ENG		2.6674e+07	2.5079e+07	3.53979e+07	2.92299e+07	2.61059e+07	4.45112e+07	2.65882e+07	3.72797e+07
P17844	P17844		DDX5		1.82592e+07	4.44044e+07	3.99186e+07	6.83069e+07	2.67154e+07	3.79716e+07	3.80867e+07	2.74517e+07
P17858	P17858		PFKL		1.31193e+07	1.83702e+07	1.31793e+07	1.47382e+07	1.38254e+07	1.05313e+07	1.3046e+07	1.1608e+07
P17900	P17900		GM2A		6.59227e+06	8.13571e+06	5.29902e+06	3.13113e+06	7.50555e+06	4.20178e+06	1.03764e+07	5.3738e+06
P17931	P17931		LGALS3		2.8697e+08	1.63218e+08	1.5195e+08	1.0257e+08	2.73198e+08	1.1914e+08	1.45751e+08	1.57653e+08
P17936	P17936		IGFBP3		1.82736e+07	5.43265e+06	6.97934e+06	4.62022e+06	9.00994e+06	3.06048e+06	5.98759e+06	3.6283e+06
P17948	P17948		FLT1		5.53771e+06	1.20384e+06	4.09296e+06	4.21128e+06	3.10908e+06	5.545e+06	2.41504e+06	2.54929e+06
P17980	P17980		PSMC3		2.20114e+07	3.76801e+07	3.24014e+07	3.78712e+07	2.33077e+07	3.07966e+07	3.39488e+07	3.10742e+07
P17987	P17987		TCP1		3.46377e+07	5.46722e+07	5.24883e+07	6.42049e+07	3.12708e+07	5.35425e+07	4.76188e+07	4.23657e+07
P18031	P18031		PTPN1		5.65439e+07	5.14193e+07	6.63181e+07	6.16536e+07	5.89652e+07	8.01899e+07	6.27802e+07	7.42546e+07
P18065	P18065		IGFBP2		6.88187e+06	1.41238e+06	4.12419e+06	2.2362e+06	4.75045e+06	5.6156e+06	2.22903e+06	2.45536e+06
P18074	P18074		ERCC2		1.79344e+06	6.90776e+06	3.68713e+06	7.15447e+06	3.02287e+06	3.85318e+06	4.59125e+06	3.78283e+06
P18077	P18077		RPL35A		1.46798e+08	1.29924e+08	1.61019e+08	1.45441e+08	1.45794e+08	1.61229e+08	1.44507e+08	1.47319e+08
P18084	P18084		ITGB5		1.17048e+08	9.85601e+07	8.1969e+07	7.36409e+07	8.80216e+07	1.00551e+08	7.27997e+07	8.34912e+07
P18085	P18085		ARF4		2.60199e+07	5.60938e+07	5.53684e+07	8.84633e+07	3.65481e+07	4.77303e+07	4.76993e+07	3.76718e+07
P18124	P18124		RPL7		2.42808e+08	2.0697e+08	2.83272e+08	2.26993e+08	2.37091e+08	2.62868e+08	2.32045e+08	2.37311e+08
P18206	P18206		VCL		4.17224e+07	6.22856e+07	7.4744e+07	8.96014e+07	3.00269e+07	5.54235e+07	5.76265e+07	4.12822e+07
P18433	P18433		PTPRA		1.77008e+07	1.66667e+07	1.47611e+07	1.18697e+07	1.72425e+07	1.27222e+07	1.55282e+07	1.35465e+07
P18440	P18440		NAT1			874287	539840	916000	640349		657593	924353
P18510	P18510		IL1RN			1.04105e+07	425876	315253			328679	
P18583	P18583		SON		2.28697e+06	5.16708e+06	3.23529e+06	4.97518e+06	2.80296e+06	2.34765e+06	4.16282e+06	3.45157e+06
P18615	P18615		NELFE		954601	1.72623e+06	1.14437e+06	1.24997e+06	1.04062e+06	883212	1.21073e+06	1.16037e+06
P18621	P18621		RPL17		1.29016e+08	1.19348e+08	1.66182e+08	1.38688e+08	1.44238e+08	1.38173e+08	1.40427e+08	1.21044e+08
P18669	P18669		PGAM1		1.09839e+08	1.14956e+08	1.18288e+08	1.06686e+08	8.56546e+07	1.09675e+08	1.3307e+08	1.09815e+08
P18754	P18754		RCC1		7.10998e+06	3.0463e+07	1.76407e+07	3.8559e+07	1.67812e+07	1.38976e+07	3.24515e+07	1.20217e+07
P18827	P18827		SDC1		2.54483e+07	8.31672e+06	1.73794e+07	1.18224e+07	2.16941e+07	3.20935e+07	1.80914e+07	2.38501e+07
P18850	P18850		ATF6		2.91656e+06	1.92243e+06	3.18896e+06	2.24186e+06	3.58418e+06	5.09209e+06	2.76037e+06	4.42e+06
P18858	P18858		LIG1		2.36476e+06	6.47392e+06	4.90423e+06	8.69505e+06	3.17092e+06	5.71558e+06	4.3949e+06	5.25597e+06
P18859	P18859		ATP5PF		1.09628e+07	1.28813e+07	1.03935e+07	1.48289e+07	1.46298e+07	1.93367e+07	1.76133e+07	3.15208e+07
P18887	P18887		XRCC1		2.09964e+06	5.41544e+06	3.69754e+06	5.93101e+06	3.65611e+06	2.85333e+06	5.13186e+06	3.45548e+06
P19012	P19012		KRT15		3.36361e+06	1.36587e+07	1.29729e+06	2.0188e+06		2.73856e+06	1.29383e+06	3.93899e+06
P19013	P19013		KRT4			5.86957e+06		8.00409e+06	6.93347e+06	6.27514e+06	5.76722e+06	6.35131e+06
P19021	P19021		PAM		4.68003e+06	3.58106e+06	3.69756e+06	3.37755e+06	5.22701e+06	4.47584e+06	4.67786e+06	4.34977e+06
P19022	P19022		CDH2		3.48284e+07	3.00813e+07	3.05797e+07	2.55381e+07	3.57777e+07	3.795e+07	3.53601e+07	3.94858e+07
P19174	P19174		PLCG1		7.96422e+06	1.16724e+07	9.29758e+06	1.00994e+07	7.69142e+06	8.36552e+06	9.26674e+06	9.04575e+06
P19256	P19256		CD58		2.1324e+07	1.74723e+07	1.54075e+07	1.37406e+07	1.77622e+07	1.88973e+07	1.47106e+07	1.78841e+07
P19338	P19338		NCL		8.05517e+07	1.66841e+08	1.10234e+08	1.38941e+08	8.48173e+07	8.1014e+07	1.0492e+08	9.07071e+07
P19367	P19367		HK1		1.9019e+08	1.58061e+08	1.81998e+08	1.63287e+08	1.4441e+08	6.59167e+07	1.48848e+08	4.82837e+07
P19387	P19387		POLR2C		2.53078e+06	6.32029e+06	4.62736e+06	7.39839e+06	2.89043e+06	5.08544e+06	4.83963e+06	5.23196e+06
P19388	P19388		POLR2E		3.44382e+06	8.15296e+06	5.22217e+06	8.56714e+06	3.79331e+06	4.60646e+06	4.89146e+06	4.27746e+06
P19404	P19404		NDUFV2		1.23921e+08	8.78584e+07	1.15581e+08	1.06849e+08	1.17126e+08	1.27939e+08	1.1494e+08	1.19954e+08
P19438	P19438		TNFRSF1A		3.34766e+06	3.66664e+06	2.9633e+06	3.01448e+06	2.96995e+06	6.0069e+06	3.97362e+06	5.18226e+06
P19447	P19447		ERCC3		1.45338e+07	2.24795e+07	1.41296e+07	2.33044e+07	1.50355e+07	1.78282e+07	1.71116e+07	1.72999e+07
P19474	P19474		TRIM21		8.07442e+06	1.00203e+07	8.19016e+06	8.69684e+06	8.20855e+06	9.00556e+06	1.22248e+07	1.0704e+07
P19525	P19525		EIF2AK2		1.13962e+07	1.15846e+07	1.42321e+07	1.30876e+07	1.47174e+07	8.52969e+06	1.33417e+07	7.34735e+06
P19526	P19526		FUT1		343400	251111	334465	344292	187140	531671	246803	304063
P19623	P19623		SRM		1.70236e+07	1.74921e+07	2.04007e+07	1.5226e+07	1.42915e+07	1.82149e+07	2.19946e+07	1.68473e+07
P19634	P19634		SLC9A1		4.78289e+06	5.63547e+06	5.54036e+06	6.10236e+06	5.27599e+06	9.99343e+06	5.41566e+06	8.93069e+06
P19784	P19784		CSNK2A2		6.07374e+06	5.74445e+06	6.44775e+06	6.9437e+06	7.12777e+06	6.74792e+06	6.37875e+06	5.8645e+06
P19793	P19793		RXRA		1.08961e+06	2.61153e+06	1.18889e+06	1.19783e+06		2.67043e+06	1.46183e+06	7.19273e+06
P19823	P19823		ITIH2		1.64746e+06	2.97813e+06	2.08819e+06	1.25594e+06	2.83469e+06	2.28567e+06	2.31181e+06	4.56248e+06
P19827	P19827		ITIH1			3.27203e+06			4.01057e+06		3.19558e+06	3.12652e+06
P19838	P19838		NFKB1		3.05538e+06	4.80755e+06	4.08003e+06	5.52799e+06	3.9879e+06	3.14873e+06	3.79166e+06	2.60572e+06
P19883	P19883		FST		174785	293160	195807	100609	318048	325283	454037	474902
P19971	P19971		TYMP		6.17559e+06	3.42785e+07	6.09887e+06	4.97354e+06	5.40861e+06	3.61971e+06	4.03565e+06	
P20020	P20020		ATP2B1		7.95938e+07	7.48146e+07	7.45167e+07	6.37667e+07	8.09751e+07	7.18059e+07	7.93476e+07	7.58929e+07
P20042	P20042		EIF2S2		2.14621e+07	2.81674e+07	2.63863e+07	2.60428e+07	1.9341e+07	1.79591e+07	2.43275e+07	1.7273e+07
P20073	P20073		ANXA7		2.98035e+07	6.18802e+07	7.98195e+07	9.9181e+07	2.85015e+07	6.5663e+07	5.28171e+07	4.4761e+07
P20138	P20138		CD33		528926	1.62227e+06	490718	790682	2.61949e+06	488827	1.86697e+06	1.37628e+06
P20265	P20265		POU3F2		5.65089e+07	5.97137e+07	6.4114e+07	7.06897e+07	7.54511e+07	7.78878e+07	5.65676e+07	1.04374e+08
P20290	P20290		BTF3		1.19981e+07	1.34329e+07	1.51004e+07	1.19481e+07	1.26452e+07	1.00808e+07	1.64689e+07	1.04797e+07
P20309	P20309		CHRM3		5.18922e+06	1.51971e+06	3.30176e+06	1.91243e+06	4.64849e+06	2.60217e+06	3.58584e+06	2.81936e+06
P20336	P20336		RAB3A		614095	649928	569887	648448	591849	610697	637432	602989
P20337	P20337		RAB3B		4.91554e+06	6.20298e+06	8.05531e+06	7.36385e+06	4.42572e+06	1.16013e+07	8.76481e+06	1.38433e+07
P20338	P20338		RAB4A		2.58205e+06	2.72625e+06	2.80287e+06	2.72683e+06	1.86887e+06	3.22733e+06	2.46076e+06	3.41039e+06
P20339	P20339		RAB5A		4.64835e+07	4.6101e+07	5.11941e+07	4.93729e+07	4.37826e+07	6.37763e+07	5.0544e+07	6.14758e+07
P20340	P20340		RAB6A		5.79355e+07	5.98381e+07	5.44276e+07	6.08368e+07	7.07024e+07	7.74398e+07	6.36149e+07	8.22233e+07
P20585	P20585		MSH3		1.09842e+06	5.01747e+06	2.53922e+06	5.4517e+06	2.45615e+06	2.85088e+06	3.36607e+06	2.66489e+06
P20591	P20591		MX1			4.51459e+06						
P20594	P20594		NPR2		1.89495e+06	1.8626e+06	1.7501e+06	2.10341e+06	2.02884e+06	2.38321e+06	2.36773e+06	2.72693e+06
P20618	P20618		PSMB1		1.71961e+07	2.61899e+07	2.11938e+07	2.01754e+07	1.62155e+07	1.71789e+07	2.0804e+07	1.57376e+07
P20645	P20645		M6PR		1.78583e+07	2.29885e+07	2.35028e+07	2.76811e+07	1.40302e+07	3.07609e+07	2.06828e+07	2.65943e+07
P20674	P20674		COX5A		4.22138e+08	3.13773e+08	3.71686e+08	3.78319e+08	4.00589e+08	6.81285e+08	3.67501e+08	5.89888e+08
P20700	P20700		LMNB1		2.75292e+07	3.3114e+07	2.33349e+07	3.80063e+07	3.33985e+07	3.00993e+07	3.86999e+07	2.79663e+07
P20702	P20702		ITGAX		7.10409e+06	5.54306e+06	5.92142e+06	3.57605e+06	4.23478e+06	4.8112e+06	7.22297e+06	5.50836e+06
P20742	P20742		PZP		265827	174521	294507	423060	233912	334463	239015	249892
P20749	P20749		BCL3		2.89249e+06	3.80383e+06	2.93466e+06	3.10472e+06	3.439e+06	3.72492e+06	3.66942e+06	3.4959e+06
P20810	P20810		CAST		7.69691e+06	8.46439e+06	6.99158e+06	5.17426e+06	9.78674e+06	3.94911e+06	9.63186e+06	5.22987e+06
P20839	P20839		IMPDH1		6.6659e+06	5.32687e+06	8.05342e+06	7.39392e+06	6.5037e+06	5.34147e+06	9.58788e+06	5.74647e+06
P20908	P20908		COL5A1		5.9439e+06	5.39888e+06	3.85259e+06	2.95022e+06	8.10405e+06	2.99879e+06	4.09136e+06	4.55563e+06
P20929	P20929		NEB		5.88948e+06	1.93077e+07	1.28897e+07	2.02122e+07	8.29814e+06	1.99389e+07	1.34316e+07	1.63062e+07
P20930	P20930		FLG		196051	501835	266683	319786	139709	215001	334147	271251
P20933	P20933		AGA		2.861e+06	1.70738e+06	2.55247e+06	1.24882e+06	3.1596e+06	2.12815e+06	3.14315e+06	1.55714e+06
P20936	P20936		RASA1		1.52399e+07	2.41456e+07	1.8375e+07	2.3702e+07	1.53781e+07	1.62179e+07	2.02651e+07	1.77322e+07
P20962	P20962		PTMS		6.50662e+06	8.50187e+06	6.13948e+06	5.43068e+06	6.02563e+06	4.16147e+06	8.78064e+06	4.32906e+06
P21127	P21127		CDK11B		5.72934e+06	1.16748e+07	1.15592e+07	1.60107e+07	6.7121e+06	8.41908e+06	8.8977e+06	7.03502e+06
P21128	P21128		ENDOU		1.15209e+07	8.77748e+06	8.14234e+06	1.00562e+07	1.2065e+07	1.05581e+07	1.05052e+07	1.02054e+07
P21266	P21266		GSTM3		8.01095e+06	5.68121e+06	7.93651e+06	5.25056e+06	7.51953e+06	5.59577e+06	9.04325e+06	5.72132e+06
P21281	P21281		ATP6V1B2		1.94754e+07	2.09495e+07	2.2102e+07	1.60341e+07	1.83421e+07	2.44227e+07	2.32441e+07	2.52642e+07
P21283	P21283		ATP6V1C1		1.5395e+07	3.97801e+07	2.40106e+07	3.34183e+07	1.86617e+07	4.39881e+07	2.90824e+07	5.40584e+07
P21291	P21291		CSRP1		8.14782e+07	1.96495e+07	7.30574e+07	4.0171e+07	5.9027e+07	5.30884e+07	5.71622e+07	5.02284e+07
P21333	P21333		FLNA		1.15658e+08	2.53583e+08	1.71419e+08	1.94946e+08	1.26743e+08	1.81722e+08	1.839e+08	2.41758e+08
P21359	P21359		NF1		1.21079e+07	9.30487e+06	1.07885e+07	7.97178e+06	1.03802e+07	1.54671e+07	1.00902e+07	1.4727e+07
P21397	P21397		MAOA		9.129e+06	8.23876e+06	1.08707e+07	9.66994e+06	7.0762e+06	1.21857e+07	8.80228e+06	1.019e+07
P21399	P21399		ACO1		1.13477e+07	1.67808e+07	1.26171e+07	9.05122e+06	1.37543e+07	9.31624e+06	1.69857e+07	1.18228e+07
P21439	P21439		ABCB4		189888	183526	250900	156757		192454	227782	
P21579	P21579		SYT1		346551	419607	485214	329705	375859	186598	532538	363632
P21580	P21580		TNFAIP3		4.45431e+06	6.06954e+06	4.85358e+06	5.33539e+06	5.60788e+06	3.74868e+06	4.80336e+06	3.30479e+06
P21589	P21589		NT5E		2.04786e+08	9.38572e+07	1.32986e+08	1.20457e+08	1.29327e+08	1.15981e+08	1.21996e+08	1.18327e+08
P21741	P21741		MDK		1.48923e+06	974010	1.2549e+06	1.30626e+06	1.34132e+06	1.48935e+06	1.49578e+06	1.0594e+06
P21796	P21796		VDAC1		1.48466e+09	1.47421e+09	1.39695e+09	1.44509e+09	1.40941e+09	2.20827e+09	1.49761e+09	2.04872e+09
P21810	P21810		BGN		5.50097e+06	3.18372e+06	4.78592e+06	2.91994e+06	3.89311e+06	8.28293e+06	4.25915e+06	8.00635e+06
P21912	P21912		SDHB		2.08536e+08	2.40076e+08	1.90051e+08	2.07403e+08	2.54367e+08	2.60739e+08	2.36487e+08	3.06159e+08
P21926	P21926		CD9		3.31122e+08	1.91796e+08	2.94851e+08	2.75626e+08	1.91638e+08	2.85426e+08	2.29912e+08	2.81499e+08
P21953	P21953		BCKDHB		2.36535e+07	1.67572e+07	2.0931e+07	9.74151e+06	2.41749e+07	1.26664e+07	2.25303e+07	1.60384e+07
P21964	P21964		COMT		5.50682e+07	6.71289e+07	5.9866e+07	5.68542e+07	5.51916e+07	6.80165e+07	5.24918e+07	6.02177e+07
P21980	P21980		TGM2		1.05766e+07	8.08352e+06	8.01126e+06	4.78706e+06	5.6682e+06	6.41417e+06	3.48819e+06	5.12199e+06
P22033	P22033		MMUT		3.41575e+07	1.87968e+07	2.36995e+07	1.06541e+07	4.09156e+07	1.60546e+07	3.03223e+07	2.05551e+07
P22059	P22059		OSBP		8.48058e+06	2.00693e+07	1.31326e+07	1.96625e+07	9.32565e+06	1.78988e+07	1.54562e+07	2.02009e+07
P22061	P22061		PCMT1		1.1123e+08	9.92123e+07	1.17503e+08	1.07031e+08	1.05313e+08	7.70612e+07	1.04823e+08	6.54792e+07
P22083	P22083		FUT4		6.89518e+06	6.67373e+06	8.10401e+06	7.74228e+06	1.21985e+07	9.27135e+06	8.61953e+06	8.92782e+06
P22087	P22087		FBL		7.93985e+06	1.70099e+07	1.22704e+07	1.9545e+07	1.01499e+07	1.1275e+07	1.45214e+07	1.22297e+07
P22090	P22090		RPS4Y1		809613	1.53012e+06	886456	1.51393e+06	661778	1.24246e+06	864546	859004
P22102	P22102		GART		2.20565e+07	4.0521e+07	3.63786e+07	4.43389e+07	2.34748e+07	2.87819e+07	3.67529e+07	2.95491e+07
P22234	P22234		PAICS		5.47885e+07	1.01827e+08	7.93535e+07	9.06027e+07	7.1846e+07	7.94554e+07	1.23025e+08	1.15267e+08
P22303	P22303		ACHE		422369	183708	609043	483963	122888	574337	396648	249343
P22307	P22307		SCP2		1.15059e+08	8.76776e+07	1.03177e+08	5.64951e+07	1.04054e+08	1.07724e+08	1.06434e+08	9.58488e+07
P22314	P22314		UBA1		4.91372e+07	7.66284e+07	6.03408e+07	6.90742e+07	4.11533e+07	4.65284e+07	5.64962e+07	4.85964e+07
P22392	P22392		NME2		8.80229e+07	1.53989e+08	1.121e+08	1.41862e+08	1.2208e+08	2.08601e+08	1.68838e+08	2.49427e+08
P22413	P22413		ENPP1		2.34849e+07	2.45058e+07	1.55119e+07	1.04288e+07	1.63644e+07	1.25649e+07	1.15236e+07	1.40336e+07
P22455	P22455		FGFR4		1.09565e+06	456832	1.06784e+06	853756	819814	968312		
P22528	P22528		SPRR1B			2.62097e+06						
P22570	P22570		FDXR		1.1829e+08	5.67538e+07	8.84826e+07	3.64871e+07	1.18584e+08	5.41525e+07	8.82856e+07	5.71642e+07
P22626	P22626		HNRNPA2B1		5.04997e+07	9.67082e+07	9.8083e+07	1.38316e+08	7.49932e+07	4.50095e+07	1.38071e+08	3.89804e+07
P22670	P22670		RFX1		521966	1.14001e+06	773861	1.43018e+06	738376	585174	962774	579152
P22676	P22676		CALB2		365920	368581	570987	470745	292733	396332	409446	386769
P22681	P22681		CBL		7.9785e+06	8.64663e+06	8.23246e+06	1.04582e+07	7.78937e+06	6.99549e+06	7.96312e+06	7.05532e+06
P22692	P22692		IGFBP4		1.2186e+07	1.09335e+07	7.67434e+06	4.31334e+06	1.86953e+07	7.28615e+06	1.03556e+07	9.4866e+06
P22694	P22694		PRKACB		1.62677e+07	1.27308e+07	1.33815e+07	1.20336e+07	1.51931e+07	1.27551e+07	1.37563e+07	1.32214e+07
P22695	P22695		UQCRC2		3.092e+08	3.52328e+08	3.07443e+08	3.17614e+08	3.25127e+08	4.42099e+08	2.99813e+08	4.12667e+08
P22735	P22735		TGM1		609146	7.97142e+06	1.46367e+06	1.51937e+06	1.37752e+06	1.21973e+06	1.6763e+06	1.1966e+06
P22830	P22830		FECH		3.2089e+07	3.00817e+07	2.68816e+07	1.72612e+07	3.22284e+07	2.70905e+07	3.27584e+07	3.4949e+07
P23142	P23142		FBLN1		1.16066e+07	3.42542e+06	6.96958e+06	4.46519e+06	9.92602e+06	7.66238e+06	6.87055e+06	5.28222e+06
P23193	P23193		TCEA1		1.56975e+07	2.74051e+07	2.11959e+07	2.52663e+07	1.88611e+07	1.37e+07	2.6528e+07	1.75138e+07
P23229	P23229		ITGA6		4.35216e+07	3.4918e+07	4.67173e+07	4.22785e+07	4.06397e+07	7.57907e+07	4.41529e+07	6.50596e+07
P23246	P23246		SFPQ		1.11788e+07	3.31015e+07	2.36135e+07	3.79955e+07	1.6821e+07	2.05899e+07	2.57612e+07	1.8683e+07
P23258	P23258		TUBG1		3.05808e+07	3.36209e+07	3.17908e+07	3.58077e+07	3.09406e+07	2.99449e+07	3.06296e+07	2.87364e+07
P23284	P23284		PPIB		8.56775e+08	5.14721e+08	8.15074e+08	6.60175e+08	8.86339e+08	1.0402e+09	6.90274e+08	6.833e+08
P23368	P23368		ME2		8.6735e+07	5.06938e+07	7.02061e+07	2.80222e+07	1.03995e+08	3.68573e+07	8.71989e+07	4.90139e+07
P23378	P23378		GLDC		5.88274e+07	1.96343e+07	5.79994e+07	3.11441e+07	4.44172e+07	3.79833e+07	3.85226e+07	2.1759e+07
P23381	P23381		WARS1		3.41813e+07	5.16399e+07	5.10161e+07	4.71101e+07	2.9296e+07	3.709e+07	4.49947e+07	3.42549e+07
P23396	P23396		RPS3		1.06279e+08	1.18663e+08	1.33257e+08	1.19892e+08	9.5148e+07	7.61553e+07	1.32044e+08	7.71006e+07
P23434	P23434		GCSH		4.90102e+07	1.71487e+07	4.43102e+07	8.01988e+06	6.13317e+07	1.89867e+07	5.85111e+07	2.14564e+07
P23443	P23443		RPS6KB1		3.51971e+06	6.89913e+06	4.20022e+06	5.24159e+06	3.60182e+06	4.40867e+06	4.65083e+06	4.22786e+06
P23458	P23458		JAK1		3.03112e+07	3.04123e+07	2.5374e+07	2.00039e+07	2.90223e+07	3.23217e+07	2.75973e+07	3.0539e+07
P23468	P23468		PTPRD			1.43076e+06	1.75408e+06	1.13555e+06	1.61319e+06	1.34331e+06	1.51458e+06	1.33603e+06
P23469	P23469		PTPRE		5.59918e+06	2.55773e+06	3.59549e+06	1.71027e+06	3.98121e+06	2.05141e+06	1.83673e+06	1.4085e+06
P23470	P23470		PTPRG		1.73008e+07	1.54738e+07	1.48212e+07	1.33715e+07	1.92239e+07	1.66386e+07	1.613e+07	1.71776e+07
P23497	P23497		SP100		547829	2.00373e+06	843756	1.43814e+06	690628	871452	964312	1.15765e+06
P23508	P23508		MCC		2.23932e+06	1.81469e+06	2.42143e+06	2.46685e+06	2.51582e+06	1.83904e+06	2.24126e+06	1.69419e+06
P23526	P23526		AHCY		4.02783e+07	3.6067e+07	4.46359e+07	2.86325e+07	3.33351e+07	3.85113e+07	4.46275e+07	3.61693e+07
P23528	P23528		CFL1		4.6872e+08	3.84318e+08	4.95857e+08	3.82235e+08	3.47577e+08	5.42473e+08	4.62803e+08	5.11883e+08
P23588	P23588		EIF4B		7.93644e+06	8.81182e+06	7.97439e+06	6.14704e+06	8.80508e+06	5.61367e+06	1.0475e+07	8.3682e+06
P23610	P23610		F8A1		3.20849e+06	4.03796e+06	2.92422e+06	3.22376e+06	3.08349e+06	2.97187e+06	3.38167e+06	3.43711e+06
P23634	P23634		ATP2B4		3.82751e+07	2.88185e+07	3.06615e+07	2.7466e+07	2.1905e+07	2.50241e+07	2.7726e+07	2.29742e+07
P23677	P23677		ITPKA		774011	700098	853954	719672		802506	695606	1.50086e+06
P23743	P23743		DGKA		2.9451e+06	3.42827e+06	2.92872e+06	3.26408e+06	2.66973e+06	2.69772e+06	2.81073e+06	2.68869e+06
P23769	P23769		GATA2		45670.9	241933	138673	327609	128413	153128	259425	
P23786	P23786		CPT2		5.13082e+07	3.94018e+07	4.04432e+07	2.72273e+07	6.03991e+07	3.97723e+07	5.04145e+07	4.64654e+07
P23919	P23919		DTYMK		4.3963e+07	4.73073e+07	3.76694e+07	3.05388e+07	5.55625e+07	3.09761e+07	5.2865e+07	4.43272e+07
P23921	P23921		RRM1		6.87762e+06	1.18083e+07	9.20566e+06	9.28787e+06	1.06327e+07	1.38615e+07	1.49221e+07	1.68571e+07
P24311	P24311		COX7B		102159		273133	295319		112525		273870
P24385	P24385		CCND1		1.35372e+06	1.55839e+06	2.2183e+06	2.77209e+06	1.26602e+06	2.55496e+06	1.41705e+06	2.09286e+06
P24386	P24386		CHM		4.0599e+06	3.34219e+06	4.30938e+06	3.91018e+06	3.07176e+06	5.13085e+06	4.55186e+06	4.34382e+06
P24390	P24390		KDELR1		2.57886e+07	2.38301e+07	2.47828e+07	2.92925e+07	1.67483e+07	3.82851e+07	2.38967e+07	4.45238e+07
P24534	P24534		EEF1B2		3.51242e+07	3.99962e+07	3.77953e+07	2.90102e+07	4.16431e+07	2.18966e+07	4.65646e+07	2.24942e+07
P24539	P24539		ATP5PB		3.41729e+08	4.12917e+08	3.337e+08	3.74173e+08	3.86289e+08	5.14065e+08	4.05148e+08	5.20153e+08
P24557	P24557		TBXAS1		9.93511e+06	1.10081e+07	7.53948e+06	8.28627e+06	6.48523e+06	6.60259e+06	8.97541e+06	9.04521e+06
P24588	P24588		AKAP5		811486	206627	659461	421649	1.02368e+06	744305	700723	807653
P24592	P24592		IGFBP6		3.90473e+06	3.02519e+06	3.33131e+06	3.58154e+06	4.44767e+06	5.701e+06	4.2143e+06	4.43278e+06
P24593	P24593		IGFBP5		1.13133e+06	990631	772241	476909	543868	488360	668614	621405
P24666	P24666		ACP1		1.82984e+07	1.29355e+07	1.38718e+07	9.72753e+06	1.40942e+07	1.3158e+07	1.59819e+07	1.25809e+07
P24723	P24723		PRKCH		3.14915e+07	9.03341e+06	2.74227e+07	2.34704e+07	1.99135e+07	2.31939e+07	2.56253e+07	1.80838e+07
P24752	P24752		ACAT1		1.82165e+08	1.24679e+08	1.4708e+08	5.25227e+07	2.24874e+08	8.76174e+07	2.27874e+08	1.39855e+08
P24821	P24821		TNC		2.3512e+07	7.55161e+06	1.54134e+07	1.09596e+07	2.20143e+07	1.15974e+07	6.79327e+06	5.68112e+06
P24928	P24928		POLR2A		3.0636e+06	7.24388e+06	5.21802e+06	8.92953e+06	4.01785e+06	4.96378e+06	5.49916e+06	4.17709e+06
P24941	P24941		CDK2		4.63843e+06	5.34991e+06	5.81324e+06	7.3538e+06	5.79357e+06	8.38783e+06	4.82575e+06	6.42813e+06
P25054	P25054		APC		972200	766931	838675	667908	1.29753e+06	686842	1.03099e+06	772522
P25098	P25098		GRK2		3.09142e+07	3.04318e+07	2.7546e+07	2.83688e+07	3.00657e+07	2.42422e+07	3.09806e+07	3.15377e+07
P25101	P25101		EDNRA		3.34467e+06	3.58715e+06	2.55852e+06	2.28509e+06	3.99297e+06	1.83957e+06	3.26514e+06	2.34042e+06
P25116	P25116		F2R		2.82161e+06	2.2027e+06	2.40738e+06	1.9659e+06	2.96704e+06	2.38545e+06	2.52123e+06	2.19912e+06
P25205	P25205		MCM3		3.33377e+06	8.97114e+06	5.87402e+06	1.08767e+07	4.08496e+06	8.52679e+06	5.72486e+06	8.10852e+06
P25208	P25208		NFYB		417339	2.81744e+06	1.11965e+06	3.32803e+06	929630	1.24723e+06	1.80911e+06	1.36286e+06
P25311	P25311		AZGP1		876598	4.93847e+06	1.27996e+06	1.2085e+06	983583	1.05674e+06	1.40997e+06	2.12388e+06
P25325	P25325		MPST		2.75314e+07	1.31178e+07	2.03124e+07	7.43152e+06	3.16047e+07	1.0976e+07	2.32091e+07	1.29453e+07
P25391	P25391		LAMA1		8.22806e+06	4.91334e+06	7.17046e+06	4.98666e+06	1.21051e+07	7.53926e+06	8.73318e+06	8.36097e+06
P25398	P25398		RPS12		8.87314e+07	1.00059e+08	1.11176e+08	1.00696e+08	8.23967e+07	8.16613e+07	1.03413e+08	7.38685e+07
P25440	P25440		BRD2		862073	1.5583e+06	1.62069e+06	2.36591e+06	1.1465e+06	1.02203e+06	1.861e+06	998002
P25445	P25445		FAS		3.14791e+06	2.39236e+06	2.70868e+06	2.1553e+06	3.8024e+06	3.33564e+06	2.51513e+06	2.77995e+06
P25490	P25490		YY1		2.06647e+06	9.27218e+06	5.02876e+06	1.1428e+07	3.80503e+06	4.63335e+06	5.54014e+06	4.52582e+06
P25685	P25685		DNAJB1		9.65956e+06	1.8563e+07	1.04123e+07	1.47949e+07	9.54807e+06	1.21896e+07	1.12348e+07	1.46227e+07
P25686	P25686		DNAJB2		631285	880812	668996	616286	676976	687938	736036	798779
P25705	P25705		ATP5F1A		2.68623e+09	3.08791e+09	2.50554e+09	2.33103e+09	2.73222e+09	3.59988e+09	3.21017e+09	4.10235e+09
P25774	P25774		CTSS		8.2323e+06	2.23109e+06	5.26221e+06	2.76821e+06	3.31826e+06	5.70441e+06	1.64369e+06	2.09782e+06
P25786	P25786		PSMA1		1.76115e+07	2.62608e+07	2.33977e+07	2.13155e+07	1.69596e+07	1.63503e+07	2.24123e+07	1.5694e+07
P25787	P25787		PSMA2		1.56498e+07	2.29647e+07	1.96516e+07	1.97038e+07	1.39573e+07	1.56375e+07	2.03709e+07	1.37054e+07
P25788	P25788		PSMA3		1.48682e+07	2.35408e+07	1.92027e+07	2.04655e+07	1.54749e+07	1.74167e+07	1.99958e+07	1.39122e+07
P25789	P25789		PSMA4		2.14466e+07	3.41386e+07	2.89825e+07	3.19767e+07	1.9906e+07	2.42926e+07	2.75295e+07	2.20392e+07
P25815	P25815		S100P			1.86787e+06	237696	135158			48175.5	576481
P26006	P26006		ITGA3		7.05817e+07	4.19019e+07	6.6608e+07	5.11242e+07	4.99925e+07	7.0572e+07	4.714e+07	5.82534e+07
P26012	P26012		ITGB8		873379	820770	331460	214153	1.19302e+06	485725	497662	1.15578e+06
P26022	P26022		PTX3		4.62484e+06	3.8771e+06	4.3405e+06	2.88089e+06	6.39281e+06	6.97655e+06	4.59577e+06	4.80873e+06
P26038	P26038		MSN		1.02992e+09	4.8702e+08	5.63791e+08	5.59634e+08	1.07501e+09	6.5532e+08	6.46456e+08	7.26025e+08
P26045	P26045		PTPN3		1.66079e+06	1.51155e+06	1.41979e+06	1.60171e+06	1.50143e+06	1.2547e+06	1.53204e+06	
P26196	P26196		DDX6		3.8609e+07	5.47669e+07	4.6426e+07	6.1392e+07	3.93136e+07	3.90556e+07	4.64447e+07	3.53827e+07
P26358	P26358		DNMT1		1.21349e+06	4.19425e+06	2.53906e+06	5.24074e+06	2.58356e+06	3.73134e+06	3.70588e+06	3.75917e+06
P26368	P26368		U2AF2		1.46673e+07	2.6466e+07	2.37988e+07	3.26694e+07	1.90436e+07	1.63984e+07	2.61319e+07	1.80897e+07
P26373	P26373		RPL13		9.61214e+07	8.81721e+07	1.06774e+08	8.0065e+07	9.26708e+07	9.91148e+07	9.36795e+07	9.2672e+07
P26374	P26374		CHML		306591	544431	653462	772337	338017	603657	556929	
P26440	P26440		IVD		7.60993e+07	3.50756e+07	5.55084e+07	2.66522e+07	7.08748e+07	4.37037e+07	5.43538e+07	3.70362e+07
P26572	P26572		MGAT1		1.09418e+07	9.77251e+06	8.48741e+06	8.72321e+06	1.42003e+07	1.39542e+07	9.75962e+06	1.1236e+07
P26583	P26583		HMGB2		1.25231e+07	3.59164e+07	2.02515e+07	3.57914e+07	1.73715e+07	2.08763e+07	3.31065e+07	2.39494e+07
P26599	P26599		PTBP1		3.89049e+07	7.81223e+07	6.80182e+07	1.05899e+08	4.03689e+07	5.19091e+07	6.9647e+07	4.33834e+07
P26639	P26639		TARS1		4.47318e+07	5.57855e+07	4.93064e+07	4.29509e+07	4.87503e+07	3.96109e+07	6.21887e+07	4.80367e+07
P26640	P26640		VARS1		2.47761e+07	2.79447e+07	3.17003e+07	2.99194e+07	2.14667e+07	1.98585e+07	3.32566e+07	2.09604e+07
P26641	P26641		EEF1G		4.17951e+07	4.85968e+07	5.00207e+07	4.28757e+07	5.18776e+07	3.30552e+07	6.17467e+07	3.87402e+07
P26885	P26885		FKBP2		1.12858e+08	7.26279e+07	9.88694e+07	7.70585e+07	1.73e+08	9.56993e+07	1.08659e+08	9.2331e+07
P27037	P27037		ACVR2A		3.79763e+06	3.45861e+06	3.63082e+06	3.78651e+06	4.13732e+06	5.91696e+06	3.41407e+06	5.43746e+06
P27105	P27105		STOM		1.10254e+07	7.2582e+06	1.39427e+07	1.16461e+07	4.78971e+06	1.63519e+07	6.199e+06	8.23546e+06
P27144	P27144		AK4		1.40999e+08	6.82773e+07	1.08103e+08	6.01843e+07	1.72687e+08	5.73876e+07	1.20304e+08	5.97881e+07
P27338	P27338		MAOB		1.10129e+06	711839	828155	579423	1.05115e+06	938761	478999	1.01954e+06
P27348	P27348		YWHAQ		3.96297e+07	3.94301e+07	4.11079e+07	4.49048e+07	2.68669e+07	3.61885e+07	4.25177e+07	3.04384e+07
P27361	P27361		MAPK3		3.11612e+06	4.11666e+06	4.17597e+06	4.89603e+06	2.75481e+06	3.66744e+06	3.52908e+06	3.05752e+06
P27448	P27448		MARK3		6.09658e+06	5.94703e+06	5.64823e+06	5.84848e+06	6.6591e+06	4.71126e+06	5.81826e+06	4.58634e+06
P27449	P27449		ATP6V0C		1.94913e+07	1.95351e+07	2.25233e+07	2.15025e+07	2.11658e+07	3.68885e+07	1.93642e+07	2.95156e+07
P27482	P27482		CALML3			5.70107e+07		946644	759572	1.73309e+06	2.13559e+06	2.49702e+06
P27487	P27487		DPP4		2.33513e+06	2.71074e+06	2.54608e+06	1.73469e+06	4.07087e+06	2.19183e+06	2.41232e+06	1.66846e+06
P27540	P27540		ARNT		493037	616427	483227	690150	497849	464210	478429	420631
P27544	P27544		CERS1		2.35551e+06	1.3764e+06	2.56351e+06	2.19551e+06	2.26206e+06	3.42389e+06	1.76454e+06	2.07134e+06
P27635	P27635		RPL10		7.98637e+07	6.35543e+07	9.1682e+07	8.31637e+07	7.93712e+07	8.57569e+07	8.09687e+07	7.81552e+07
P27694	P27694		RPA1		1.45074e+07	5.14798e+07	2.80404e+07	6.05618e+07	2.1705e+07	2.86518e+07	3.27283e+07	3.04222e+07
P27695	P27695		APEX1		4.24581e+07	8.4226e+07	5.83923e+07	9.3955e+07	6.20879e+07	5.42278e+07	7.22157e+07	5.46215e+07
P27701	P27701		CD82		4.33007e+07	1.06195e+07	2.13185e+07	1.72634e+07	2.92746e+07	1.98793e+07	1.02518e+07	9.22403e+06
P27707	P27707		DCK		439440	892981	432374	832567	511386	582442	799278	1.08491e+06
P27708	P27708		CAD		2.69652e+07	2.95155e+07	3.41307e+07	3.96735e+07	2.67313e+07	2.6208e+07	3.09025e+07	2.72923e+07
P27797	P27797		CALR		1.01237e+09	3.99746e+08	8.63959e+08	4.2399e+08	1.32916e+09	7.21659e+08	8.73837e+08	5.2661e+08
P27816	P27816		MAP4		3.02345e+07	2.50094e+07	2.82927e+07	1.6361e+07	3.16238e+07	1.1855e+07	3.27596e+07	1.23192e+07
P27824	P27824		CANX		7.72904e+08	1.07483e+09	8.75646e+08	1.01018e+09	1.11962e+09	1.36489e+09	1.14038e+09	1.56261e+09
P27986	P27986		PIK3R1		2.95346e+06	3.44588e+06	3.11239e+06	3.57618e+06	2.98568e+06	3.25165e+06	3.26089e+06	3.66297e+06
P28062	P28062		PSMB8		3.15414e+06	4.65422e+06	3.07138e+06	2.478e+06	3.978e+06	2.62616e+06	3.22687e+06	2.49707e+06
P28065	P28065		PSMB9		6.61223e+06	5.37523e+06	5.10852e+06	4.15063e+06	6.00145e+06	4.64132e+06	5.90433e+06	3.80992e+06
P28066	P28066		PSMA5		2.35598e+07	3.30643e+07	3.08902e+07	3.46454e+07	2.29592e+07	2.39231e+07	3.12426e+07	2.18308e+07
P28070	P28070		PSMB4		1.06792e+07	1.81235e+07	1.36552e+07	1.43299e+07	1.24579e+07	1.18173e+07	1.55771e+07	1.18032e+07
P28072	P28072		PSMB6		1.34737e+07	2.40775e+07	1.8547e+07	2.00331e+07	1.2872e+07	1.51417e+07	2.06542e+07	1.62905e+07
P28074	P28074		PSMB5		1.10487e+07	1.94713e+07	1.446e+07	1.54373e+07	1.0733e+07	1.12663e+07	1.56414e+07	1.12501e+07
P28288	P28288		ABCD3		2.6381e+07	2.12326e+07	2.8616e+07	2.07511e+07	2.18534e+07	4.42297e+07	2.35115e+07	3.26272e+07
P28289	P28289		TMOD1		5.42673e+06	3.47208e+06	4.17806e+06	3.0284e+06	3.0581e+06	3.47254e+06	3.68546e+06	2.50938e+06
P28290	P28290		ITPRID2		1.68899e+07	1.01539e+07	1.51179e+07	1.04356e+07	1.69457e+07	7.79068e+06	1.74232e+07	9.08057e+06
P28300	P28300		LOX		7.97388e+06	8.36586e+06	4.8502e+06	4.47721e+06	9.61234e+06	6.62233e+06	1.12917e+07	6.93554e+06
P28330	P28330		ACADL		1.06113e+06	704675	1.02608e+06	319632	1.03901e+06	569187	1.19576e+06	779893
P28331	P28331		NDUFS1		1.68559e+08	1.27065e+08	1.58107e+08	1.47895e+08	1.2928e+08	1.76147e+08	1.29623e+08	1.47039e+08
P28340	P28340		POLD1		3.50465e+06	6.90666e+06	5.08165e+06	7.57414e+06	3.92064e+06	6.32401e+06	5.3769e+06	6.35502e+06
P28347	P28347		TEAD1		868037	2.03566e+06	931847	1.82958e+06	1.59009e+06	689813	1.78514e+06	1.17404e+06
P28370	P28370		SMARCA1		3.92127e+06	9.79458e+06	6.49362e+06	1.30366e+07	4.9035e+06	5.2364e+06	8.08889e+06	4.31157e+06
P28482	P28482		MAPK1		2.09002e+07	2.48804e+07	2.42106e+07	2.85357e+07	1.95838e+07	2.12118e+07	2.50542e+07	2.10116e+07
P28562	P28562		DUSP1		75332.4	163070	120614	234591	214164	160230	107291	118988
P28676	P28676		GCA		3.30717e+06	3.46224e+06	2.91137e+06	3.52112e+06	7.10589e+06	4.12656e+06	6.54474e+06	8.76348e+06
P28702	P28702		RXRB		1.6499e+06	4.2772e+06	2.38691e+06	5.84713e+06	2.14432e+06	2.27036e+06	3.46346e+06	2.40919e+06
P28715	P28715		ERCC5		342957	1.00597e+06	620041	1.31679e+06	391079	389451	602057	325250
P28749	P28749		RBL1		187443	271339	239460	329898	239417	403283	248228	312384
P28799	P28799		GRN		1.47506e+07	9.19746e+06	1.18606e+07	9.19752e+06	1.88872e+07	1.40526e+07	1.66056e+07	1.35253e+07
P28827	P28827		PTPRM		1.66388e+07	2.11296e+07	1.87677e+07	1.35362e+07	2.30696e+07	1.53878e+07	2.93839e+07	2.79842e+07
P28838	P28838		LAP3		2.76402e+08	1.61148e+08	2.69416e+08	8.57698e+07	3.42559e+08	1.18002e+08	3.52922e+08	1.57747e+08
P29033	P29033		GJB2		3.14341e+06	1.61691e+06	2.32823e+06	2.89719e+06	2.96668e+06	3.16844e+06	2.11781e+06	2.81855e+06
P29034	P29034		S100A2		978499	1.61326e+06	934821	884082	665928	798360	461247	575554
P29074	P29074		PTPN4			3.04583e+06			3.3025e+06	1.90818e+06	3.65939e+06	1.81506e+06
P29083	P29083		GTF2E1		1.79776e+06	2.95885e+06	2.26134e+06	3.45966e+06	1.8259e+06	1.95716e+06	2.16482e+06	1.74896e+06
P29084	P29084		GTF2E2		2.82777e+06	4.64454e+06	3.45601e+06	5.33823e+06	2.83493e+06	3.2907e+06	3.38331e+06	3.07968e+06
P29144	P29144		TPP2		5.45169e+06	8.6566e+06	6.03402e+06	6.24769e+06	5.19527e+06	6.04383e+06	6.94803e+06	6.73048e+06
P29218	P29218		IMPA1		8.45854e+06	1.67636e+07	1.42198e+07	2.35205e+07	9.49535e+06	1.09306e+07	1.31924e+07	8.45227e+06
P29279	P29279		CCN2		1.41574e+06	1.9641e+06	3.71204e+06	2.42626e+06	2.78285e+06	5.94682e+06	3.56681e+06	5.43633e+06
P29317	P29317		EPHA2		3.75818e+07	3.00559e+07	4.85299e+07	3.52712e+07	2.30699e+07	6.5464e+07	2.74893e+07	3.61198e+07
P29323	P29323		EPHB2		9.01154e+06	1.11981e+07	9.06968e+06	7.47034e+06	1.0567e+07	9.85933e+06	7.63909e+06	9.46387e+06
P29353	P29353		SHC1		6.93617e+06	5.57384e+06	8.16053e+06	6.69269e+06	6.02328e+06	5.37184e+06	6.69482e+06	4.53279e+06
P29372	P29372		MPG		5.74835e+06	5.92901e+06	5.91059e+06	8.10611e+06	6.16993e+06	4.99937e+06	6.86705e+06	4.60162e+06
P29373	P29373		CRABP2		7.14576e+06	1.53334e+07	1.12113e+07	1.39947e+07	4.82846e+06	1.11166e+07	8.90777e+06	5.86811e+06
P29401	P29401		TKT		1.96563e+08	3.09637e+08	2.05759e+08	2.15323e+08	2.27545e+08	2.32858e+08	2.30921e+08	2.96104e+08
P29508	P29508		SERPINB3		8.81227e+06	3.20035e+08	7.96419e+06	9.97283e+06	1.80915e+07	9.26829e+06	1.17946e+07	1.54864e+07
P29558	P29558		RBMS1		1.05126e+07	6.64274e+06	1.13501e+07	8.26067e+06	8.57902e+06	5.70367e+06	8.81776e+06	4.33728e+06
P29590	P29590		PML		1.61847e+06	2.53741e+06	2.32839e+06	2.81514e+06	1.80464e+06	1.91079e+06	2.1683e+06	2.13642e+06
P29597	P29597		TYK2		4.56114e+06	3.16915e+06	3.70775e+06	2.81636e+06	5.15203e+06	3.5072e+06	3.96101e+06	3.56582e+06
P29692	P29692		EEF1D		2.91048e+07	2.83624e+07	2.63085e+07	2.22495e+07	2.98056e+07	1.6074e+07	3.55794e+07	2.04771e+07
P29728	P29728		OAS2		5.99222e+06	7.80002e+06	1.09945e+07	3.61202e+06	2.02399e+07	5.12764e+06	2.24581e+07	9.25613e+06
P29762	P29762		CRABP1		5.90168e+06	5.33766e+06	1.02233e+07	1.46606e+07	2.9671e+06	1.00033e+07	4.99779e+06	4.19667e+06
P29966	P29966		MARCKS		3.00667e+07	1.28199e+07	1.9311e+07	1.5008e+07	2.4979e+07	1.36534e+07	1.98671e+07	9.58308e+06
P29992	P29992		GNA11		4.47455e+07	3.78515e+07	4.25186e+07	3.73155e+07	4.60275e+07	4.84542e+07	4.39942e+07	4.60355e+07
P30038	P30038		ALDH4A1		3.26487e+07	2.3853e+07	2.32346e+07	1.09062e+07	3.77488e+07	1.39318e+07	3.17814e+07	2.10428e+07
P30040	P30040		ERP29		1.66901e+08	1.13035e+08	1.59608e+08	1.08687e+08	1.97318e+08	1.91138e+08	1.6063e+08	1.54431e+08
P30041	P30041		PRDX6		5.2566e+07	5.49604e+07	5.87645e+07	5.01958e+07	4.43474e+07	5.38576e+07	6.23056e+07	4.77221e+07
P30043	P30043		BLVRB		3.83994e+07	5.87813e+07	4.71323e+07	4.38422e+07	3.65637e+07	4.30571e+07	5.84173e+07	4.4075e+07
P30044	P30044		PRDX5		1.62339e+08	8.63924e+07	1.09708e+08	3.66622e+07	2.04026e+08	5.40289e+07	1.46879e+08	6.47306e+07
P30046	P30046		DDT		1.37431e+07	1.80727e+07	1.36528e+07	1.14784e+07	1.58913e+07	1.29029e+07	1.95881e+07	1.58283e+07
P30047	P30047		GCHFR		8.65954e+06	4.24619e+06	6.35559e+06	4.4753e+06	8.5535e+06	5.15096e+06	5.10594e+06	5.22722e+06
P30048	P30048		PRDX3		1.21446e+09	5.983e+08	9.77222e+08	5.0928e+08	1.0165e+09	7.08536e+08	9.55453e+08	7.55616e+08
P30049	P30049		ATP5F1D		4.28246e+08	4.9089e+08	4.34253e+08	4.29228e+08	5.1738e+08	5.819e+08	5.20305e+08	7.07471e+08
P30050	P30050		RPL12		1.80356e+08	1.60506e+08	1.93042e+08	1.84349e+08	1.86774e+08	1.82809e+08	1.87127e+08	1.69486e+08
P30084	P30084		ECHS1		2.38319e+08	8.33618e+07	1.84834e+08	4.94285e+07	2.31682e+08	8.05015e+07	1.95789e+08	8.4566e+07
P30085	P30085		CMPK1		2.06228e+07	2.19472e+07	2.09347e+07	1.52358e+07	2.09698e+07	1.69429e+07	2.35631e+07	1.79141e+07
P30086	P30086		PEBP1		2.91143e+07	4.97554e+07	3.36584e+07	3.64373e+07	3.40074e+07	4.09162e+07	4.53235e+07	5.7991e+07
P30101	P30101		PDIA3		1.16647e+09	4.843e+08	1.06836e+09	6.10502e+08	1.26856e+09	1.05038e+09	9.3243e+08	7.14298e+08
P30153	P30153		PPP2R1A		6.5583e+07	7.47103e+07	7.88638e+07	8.44633e+07	6.50846e+07	6.54875e+07	8.43019e+07	6.65077e+07
P30154	P30154		PPP2R1B		4.34883e+06	6.89308e+06	7.0622e+06	9.06295e+06	4.28772e+06	6.71082e+06	7.16288e+06	6.10121e+06
P30260	P30260		CDC27		2.45335e+06	5.16441e+06	4.10304e+06	6.46695e+06	2.60627e+06	4.24966e+06	3.92428e+06	3.78828e+06
P30281	P30281		CCND3			172021	190258	219150	202066	392783	136883	407850
P30405	P30405		PPIF		1.0553e+08	7.40309e+07	1.04031e+08	5.93453e+07	1.11922e+08	1.4411e+08	1.05274e+08	1.39917e+08
P30408	P30408		TM4SF1		1.0493e+07		1.10896e+07	7.84604e+06		7.62328e+06		6.28285e+06
P30419	P30419		NMT1		1.24037e+07	1.36439e+07	1.43587e+07	1.38839e+07	1.38136e+07	8.82774e+06	1.53203e+07	8.58815e+06
P30511	P30511		HLA-F		1.94924e+06	1.56359e+06	2.06547e+06	1.29852e+06	2.16659e+06	2.00471e+06	1.46171e+06	1.40648e+06
P30519	P30519		HMOX2		4.90967e+07	4.63168e+07	5.35655e+07	5.56395e+07	6.11745e+07	7.93276e+07	5.93379e+07	7.27844e+07
P30520	P30520		ADSS2		9.74472e+06	1.13386e+07	1.15587e+07	1.18744e+07	1.02457e+07	1.1623e+07	1.15508e+07	1.14781e+07
P30530	P30530		AXL		1.03129e+07	1.26731e+07	1.54881e+07	1.34583e+07	1.20505e+07	2.63174e+07	1.3706e+07	2.47765e+07
P30531	P30531		SLC6A1		1.02193e+06	1.2734e+06	1.53342e+06	1.28903e+06	1.09434e+06	1.23617e+06	1.40759e+06	1.07868e+06
P30533	P30533		LRPAP1		1.97743e+07	8.22968e+06	1.67497e+07	1.13427e+07	2.20258e+07	1.91584e+07	1.48162e+07	1.32279e+07
P30536	P30536		TSPO		1.74939e+08	1.97059e+08	1.66454e+08	1.65231e+08	2.1015e+08	1.8786e+08	1.70617e+08	1.84294e+08
P30556	P30556		AGTR1		38255.5			21007.1	46182.9	67899.8	11704	39335.6
P30566	P30566		ADSL		2.55698e+07	2.59014e+07	3.01334e+07	2.56131e+07	2.66804e+07	2.67248e+07	3.11536e+07	2.79009e+07
P30613	P30613		PKLR		1.82155e+07	1.13097e+07	1.74201e+07	1.33341e+07	2.48879e+07	1.94928e+07	1.93842e+07	2.4055e+07
P30622	P30622		CLIP1		7.33972e+06	9.552e+06	7.25143e+06	5.84223e+06	7.76665e+06	5.68646e+06	7.02467e+06	5.99468e+06
P30626	P30626		SRI		1.42084e+07	1.78164e+07	2.17848e+07	2.24877e+07	1.33574e+07	1.69488e+07	2.07096e+07	1.7299e+07
P30740	P30740		SERPINB1		1.32146e+07	1.72287e+07	1.346e+07	1.15042e+07	1.06338e+07	1.00651e+07	1.19936e+07	1.13559e+07
P30825	P30825		SLC7A1		2.40239e+07	2.7886e+07	3.53095e+07	3.35784e+07	2.47964e+07	4.40578e+07	2.94171e+07	3.87286e+07
P30837	P30837		ALDH1B1		8.14898e+07	4.51819e+07	7.08383e+07	1.5568e+07	1.15167e+08	2.69893e+07	1.02301e+08	4.00202e+07
P30838	P30838		ALDH3A1		1.30852e+07	1.59021e+07	1.45721e+07	1.49953e+07	1.16348e+07	1.92793e+07	1.70698e+07	1.72671e+07
P30876	P30876		POLR2B		3.06709e+06	7.97724e+06	5.78657e+06	8.73232e+06	3.99732e+06	5.35072e+06	6.09886e+06	5.25551e+06
P30989	P30989		NTSR1		1.29188e+07	7.46832e+06	1.11157e+07	1.20219e+07	9.87468e+06	9.61033e+06	9.11491e+06	7.80862e+06
P31040	P31040		SDHA		2.42274e+08	2.55109e+08	2.19289e+08	2.01428e+08	3.19041e+08	2.79708e+08	2.7842e+08	2.93554e+08
P31146	P31146		CORO1A		1.67058e+06	1.87685e+06	1.68638e+06	1.42334e+06	1.2545e+06	1.66663e+06	1.38733e+06	1.45216e+06
P31150	P31150		GDI1		2.54984e+07	1.8127e+07	1.76268e+07	1.20978e+07	2.83307e+07	1.15719e+07	1.958e+07	1.42308e+07
P31151	P31151		S100A7		2.81193e+06	3.33473e+08	3.15809e+06	3.33839e+06	1.85503e+06	3.63189e+06	1.61855e+06	5.91453e+06
P31153	P31153		MAT2A		6.51953e+06	1.28056e+07	7.61275e+06	6.85471e+06	5.95511e+06	1.93038e+07	9.23089e+06	1.7421e+07
P31323	P31323		PRKAR2B		3.02719e+06	2.31504e+06	3.62122e+06	2.83897e+06	3.31466e+06	2.04363e+06	3.28688e+06	1.77444e+06
P31327	P31327		CPS1		1.17289e+07	8.52473e+06	7.33509e+06	3.63428e+06	1.64642e+07	4.22024e+06	1.30188e+07	7.75856e+06
P31350	P31350		RRM2		1.54835e+07	1.36227e+07	1.50911e+07	1.97455e+07	1.73707e+07	4.16228e+07	1.22125e+07	3.15727e+07
P31431	P31431		SDC4		1.39158e+07	4.37203e+06	9.16999e+06	1.03179e+07	6.59495e+06	1.49101e+07	6.23832e+06	8.31605e+06
P31483	P31483		TIA1		2.78594e+06	2.22441e+06	2.79063e+06	2.43519e+06	2.58195e+06	1.8339e+06	2.53731e+06	1.8684e+06
P31641	P31641		SLC6A6		8.18415e+06	7.95735e+06	9.18732e+06	9.39498e+06	6.95616e+06	1.24018e+07	8.73381e+06	1.09655e+07
P31689	P31689		DNAJA1		1.7728e+07	2.23891e+07	2.02733e+07	2.19037e+07	1.75497e+07	2.93431e+07	1.94452e+07	3.16803e+07
P31749	P31749		AKT1		4.70995e+06	8.28148e+06	7.63655e+06	1.16553e+07	4.92046e+06	6.89359e+06	6.44374e+06	5.50269e+06
P31751	P31751		AKT2		1.48754e+06	2.88706e+06	2.48836e+06	3.16712e+06	1.76064e+06	3.03228e+06	2.00774e+06	2.27019e+06
P31930	P31930		UQCRC1		2.58681e+08	2.9028e+08	2.59403e+08	2.73655e+08	2.70691e+08	3.63839e+08	2.60143e+08	3.60073e+08
P31937	P31937		HIBADH		3.21134e+07	1.71988e+07	2.34867e+07	5.23508e+06	4.80503e+07	7.90947e+06	3.28638e+07	1.25922e+07
P31939	P31939		ATIC		3.505e+07	3.24353e+07	4.14054e+07	2.98096e+07	3.34179e+07	3.21478e+07	4.41841e+07	3.23137e+07
P31942	P31942		HNRNPH3		7.5659e+06	1.30896e+07	1.15305e+07	1.73092e+07	1.30457e+07	6.14697e+06	1.80156e+07	6.88858e+06
P31943	P31943		HNRNPH1		2.1287e+07	4.49543e+07	3.33869e+07	4.99924e+07	2.84003e+07	2.22564e+07	4.26155e+07	2.47991e+07
P31944	P31944		CASP14		1.60348e+06	1.31881e+07	2.72337e+06	2.38384e+06	1.13147e+06	2.01861e+06	2.27168e+06	2.69971e+06
P31946	P31946		YWHAB		2.82224e+07	3.73066e+07	3.13578e+07	3.16474e+07	2.05554e+07	2.69738e+07	3.48608e+07	2.54652e+07
P31947	P31947		SFN		5.60497e+06	2.32569e+07	8.60171e+06	4.35423e+06	5.00605e+06	6.82636e+06	8.58162e+06	8.31402e+06
P31948	P31948		STIP1		2.63696e+07	3.23954e+07	2.9099e+07	2.25099e+07	2.74478e+07	2.19416e+07	3.36304e+07	2.49397e+07
P31949	P31949		S100A11		1.24975e+08	9.75114e+07	1.33368e+08	1.2402e+08	7.15297e+07	1.25925e+08	1.09753e+08	9.97187e+07
P32004	P32004		L1CAM		2.04138e+07	3.33855e+06	1.08634e+07	7.05898e+06	6.22444e+06	5.50383e+06	5.21047e+06	3.7081e+06
P32019	P32019		INPP5B		1.19138e+06	2.44063e+06	2.65173e+06	3.7004e+06	1.00102e+06	1.75745e+06	1.82205e+06	1.41062e+06
P32119	P32119		PRDX2		2.72124e+07	2.06515e+07	2.55886e+07	2.04698e+07	2.77436e+07	1.75865e+07	1.93355e+07	1.48892e+07
P32121	P32121		ARRB2		6.63455e+06	6.03084e+06	6.2638e+06	5.69428e+06	5.52232e+06	8.86841e+06	5.2372e+06	6.03899e+06
P32189	P32189		GK		1.1555e+07	1.26709e+07	1.15412e+07	1.06151e+07	1.36449e+07	1.22712e+07	1.21094e+07	1.32452e+07
P32241	P32241		VIPR1		719773	1.2095e+06	597640	693369	623266	827856	633976	651636
P32321	P32321		DCTD		5.13177e+06	7.94755e+06	5.77309e+06	7.44164e+06	6.00437e+06	9.47455e+06	6.82944e+06	1.02682e+07
P32322	P32322		PYCR1		2.10589e+08	1.49524e+08	1.91921e+08	1.03531e+08	2.58473e+08	1.3556e+08	2.16979e+08	1.60045e+08
P32418	P32418		SLC8A1		2.63303e+06	1.62497e+06	2.79933e+06	2.02404e+06	1.87958e+06	3.56418e+06	2.91918e+06	3.09238e+06
P32455	P32455		GBP1		1.233e+06	2.02418e+06	1.10765e+06	442935	951021	1.19997e+06	1.3004e+06	1.62327e+06
P32780	P32780		GTF2H1		817932	3.73251e+06	1.57103e+06	3.85178e+06	1.59628e+06	1.13247e+06	2.40955e+06	1.13713e+06
P32856	P32856		STX2		4.41375e+06	4.7836e+06	3.31999e+06	3.47176e+06	4.14547e+06	4.34865e+06	3.77014e+06	4.86334e+06
P32926	P32926		DSG3		342604	257522	394714	299220	269181	314252	420029	272995
P32929	P32929		CTH		4.626e+06	5.45168e+06	5.69538e+06	4.15308e+06	2.69295e+06	3.43487e+06	4.15608e+06	2.86872e+06
P32969	P32969		RPL9		6.59864e+07	5.4172e+07	7.57141e+07	6.2019e+07	6.36103e+07	7.01085e+07	6.7364e+07	5.86378e+07
P32970	P32970		CD70		3.60679e+07	1.93909e+07	3.3497e+07	2.33718e+07	3.19929e+07	3.6218e+07	1.71004e+07	1.84579e+07
P33121	P33121		ACSL1		1.72553e+07	1.67265e+07	1.72673e+07	1.23859e+07	2.96898e+07	1.74036e+07	1.91207e+07	1.79292e+07
P33176	P33176		KIF5B		2.57124e+07	3.94417e+07	3.46103e+07	5.23896e+07	2.60025e+07	2.76223e+07	2.98808e+07	2.48857e+07
P33240	P33240		CSTF2		6.25818e+06	1.85265e+07	8.84222e+06	2.02479e+07	9.82791e+06	1.82874e+07	1.01184e+07	1.89768e+07
P33316	P33316		DUT		4.44721e+07	3.27776e+07	3.78303e+07	2.81735e+07	4.61782e+07	3.77634e+07	4.0823e+07	3.79632e+07
P33527	P33527		ABCC1		4.03424e+07	4.46396e+07	4.10765e+07	3.63402e+07	4.58234e+07	4.29236e+07	4.43127e+07	4.62792e+07
P33552	P33552		CKS2		2.13329e+06	2.88217e+06	1.98798e+06	2.69858e+06	3.32875e+06	6.2573e+06	2.678e+06	6.45437e+06
P33897	P33897		ABCD1		1.30516e+06	744714	823467	687208	817550	974885	772678	774934
P33908	P33908		MAN1A1		1.81943e+07	1.33275e+07	1.91782e+07	2.00945e+07	1.66498e+07	2.72354e+07	1.62103e+07	1.93079e+07
P33947	P33947		KDELR2		5.66296e+06	5.60137e+06	6.88301e+06	7.53302e+06	5.43498e+06	9.02086e+06	5.97477e+06	8.75108e+06
P33981	P33981		TTK		2.51006e+06	2.87798e+06	3.07095e+06	3.87615e+06	2.23774e+06	3.63436e+06	2.5464e+06	3.09639e+06
P33991	P33991		MCM4		1.58806e+07	4.95382e+07	2.7065e+07	6.55973e+07	1.96835e+07	5.07028e+07	3.01391e+07	4.6543e+07
P33992	P33992		MCM5		4.77086e+06	1.55673e+07	9.10216e+06	1.96858e+07	6.91796e+06	1.34196e+07	1.02613e+07	1.15665e+07
P33993	P33993		MCM7		6.45305e+06	2.78583e+07	1.66387e+07	3.44031e+07	8.69989e+06	2.76934e+07	1.50844e+07	2.207e+07
P34059	P34059		GALNS		7.7784e+06	3.39084e+06	6.47942e+06	3.62149e+06	5.70789e+06	4.90068e+06	6.56045e+06	4.61034e+06
P34096	P34096		RNASE4		742131	257687	540170	417487	434817	556996	471636	536663
P34741	P34741		SDC2		4.24716e+06	1.20019e+06	2.30044e+06	1.11368e+06	2.44743e+06	2.71641e+06	1.44003e+06	1.69153e+06
P34810	P34810		CD68		3.81003e+06	4.93311e+06	5.72164e+06	5.36377e+06	7.25083e+06	8.28626e+06	8.34237e+06	1.06601e+07
P34896	P34896		SHMT1		4.86904e+06	5.65247e+06	4.65971e+06	4.12205e+06	5.18009e+06	5.36764e+06	6.49795e+06	6.60091e+06
P34897	P34897		SHMT2		5.1799e+08	3.28186e+08	4.88438e+08	1.98964e+08	5.47387e+08	3.73622e+08	5.92724e+08	4.1936e+08
P34910	P34910		EVI2B		595166	252529	409893	438120	361797	686189	295085	416128
P34925	P34925		RYK		1.86891e+06	1.44747e+06	1.7691e+06	1.36359e+06	1.87372e+06	2.21986e+06	1.83204e+06	2.04001e+06
P34931	P34931		HSPA1L		644715	364369	559843	429112	718914	651151	563021	763525
P34932	P34932		HSPA4		2.50789e+07	3.16412e+07	2.96064e+07	2.28326e+07	2.46644e+07	2.2278e+07	3.42134e+07	2.61063e+07
P34949	P34949		MPI		4.36464e+06	3.5014e+06	4.29685e+06	3.4204e+06	3.72293e+06	3.43503e+06	4.92545e+06	3.53606e+06
P35030	P35030		PRSS3		252077	856675	856576	1.83077e+06	325649	472103	810332	
P35052	P35052		GPC1		2.6585e+07	9.40868e+06	1.44622e+07	1.41341e+07	2.79178e+07	1.86768e+07	1.5843e+07	1.60947e+07
P35080	P35080		PFN2		2.16929e+07	2.48127e+07	2.6183e+07	2.01007e+07	1.70819e+07	2.17737e+07	3.36577e+07	3.03949e+07
P35221	P35221		CTNNA1		7.23209e+07	7.87765e+07	7.14803e+07	5.8191e+07	7.84936e+07	7.85931e+07	8.27786e+07	9.51497e+07
P35222	P35222		CTNNB1		8.54908e+07	9.10728e+07	8.52443e+07	6.54775e+07	8.75163e+07	9.5271e+07	9.58404e+07	1.07997e+08
P35226	P35226		BMI1		436518	731154	723679	1.46278e+06	740085	883458	900792	594663
P35232	P35232		PHB1		7.87106e+08	9.97858e+08	9.05422e+08	9.22601e+08	7.89766e+08	1.27005e+09	1.00191e+09	1.24417e+09
P35237	P35237		SERPINB6		3.15556e+07	2.86424e+07	2.75416e+07	2.15471e+07	2.94728e+07	1.7483e+07	3.66533e+07	2.25457e+07
P35240	P35240		NF2		8.93593e+06	8.63032e+06	6.78205e+06	5.79082e+06	1.02043e+07	6.31124e+06	7.92178e+06	7.61751e+06
P35241	P35241		RDX		6.7644e+07	4.17019e+07	4.64044e+07	4.4913e+07	8.39113e+07	6.07201e+07	5.27544e+07	6.25313e+07
P35244	P35244		RPA3		8.48916e+06	2.16459e+07	1.38036e+07	2.18219e+07	1.07271e+07	1.40122e+07	1.48511e+07	1.29483e+07
P35249	P35249		RFC4		5.73424e+06	1.2124e+07	9.69046e+06	1.6322e+07	7.94576e+06	9.357e+06	1.02888e+07	7.79585e+06
P35250	P35250		RFC2		6.64394e+06	1.63648e+07	1.2811e+07	2.23959e+07	9.0701e+06	1.20826e+07	1.2969e+07	1.05393e+07
P35251	P35251		RFC1		3.58965e+06	1.24125e+07	7.41862e+06	1.40764e+07	6.83394e+06	8.05666e+06	9.49837e+06	8.76104e+06
P35268	P35268		RPL22		1.58101e+08	1.1584e+08	1.70976e+08	1.29251e+08	1.41452e+08	1.55179e+08	1.47875e+08	1.79453e+08
P35269	P35269		GTF2F1		2.71183e+06	5.98406e+06	3.79055e+06	5.26933e+06	4.10444e+06	2.90935e+06	5.48105e+06	3.02381e+06
P35270	P35270		SPR		2.95199e+07	1.72857e+07	2.48644e+07	1.64438e+07	3.48657e+07	1.59732e+07	2.63999e+07	1.53966e+07
P35321	P35321		SPRR1A			1.20202e+06						
P35354	P35354		PTGS2		1.39938e+07	4.08739e+07	1.23807e+07	1.25756e+07	5.22131e+07	1.4815e+07	1.51828e+07	9.5509e+06
P35367	P35367		HRH1		1.28855e+06	1.10786e+06	1.13181e+06	852476	1.95563e+06	1.70685e+06	1.18143e+06	888071
P35442	P35442		THBS2		5.1475e+06	3.73535e+06	4.34439e+06	2.94197e+06	5.38946e+06	4.33045e+06	4.49489e+06	3.69222e+06
P35475	P35475		IDUA		2.0038e+06	1.67563e+06	1.35976e+06	1.02046e+06	2.24611e+06	1.48016e+06	1.50265e+06	1.69208e+06
P35520	P35520		CBS		1.17946e+07	1.31866e+07	1.31027e+07	1.19194e+07	1.10924e+07	1.2012e+07	1.24864e+07	1.19165e+07
P35527	P35527		KRT9		1.23649e+08	1.17921e+08	1.11112e+08	3.80817e+08	1.50764e+08	8.37847e+07	4.07965e+08	1.48782e+08
P35555	P35555		FBN1		2.67417e+06	1.61156e+06	1.83432e+06	1.28359e+06	4.35642e+06	2.5298e+06	2.72316e+06	2.35821e+06
P35556	P35556		FBN2		8.63404e+06	3.87646e+06	7.55634e+06	5.14817e+06	1.03018e+07	9.76233e+06	7.29438e+06	6.94261e+06
P35568	P35568		IRS1		1.0581e+06	1.47093e+06	1.1274e+06	984863	1.22733e+06	1.44419e+06	1.21321e+06	1.51185e+06
P35573	P35573		AGL		2.95465e+06	2.75756e+06	2.58133e+06	2.36025e+06	1.71623e+06	2.33003e+06	2.36869e+06	2.10974e+06
P35579	P35579		MYH9		2.66803e+08	2.57015e+08	2.90266e+08	2.16154e+08	3.03446e+08	2.56692e+08	2.44006e+08	2.87861e+08
P35580	P35580		MYH10		1.07787e+08	1.25495e+08	1.09447e+08	8.60744e+07	1.50049e+08	1.10359e+08	1.32943e+08	1.64605e+08
P35590	P35590		TIE1		5.57606e+06	4.16104e+06	5.47129e+06	6.63677e+06	3.55383e+06	8.59938e+06	5.92947e+06	7.08548e+06
P35606	P35606		COPB2		3.94893e+07	7.96898e+07	6.47558e+07	8.64928e+07	3.99185e+07	6.5227e+07	6.47274e+07	6.95939e+07
P35609	P35609		ACTN2									1.33333e+06
P35610	P35610		SOAT1		1.36054e+07	1.08257e+07	1.8145e+07	1.74923e+07	9.78944e+06	3.25207e+07	1.34511e+07	2.30907e+07
P35611	P35611		ADD1		2.17753e+07	2.31825e+07	2.08876e+07	2.3908e+07	2.01387e+07	1.37992e+07	2.28072e+07	1.71093e+07
P35612	P35612		ADD2		1.64001e+06	2.5562e+06	1.93392e+06	2.56443e+06	2.41252e+06	2.09119e+06	2.29372e+06	1.95861e+06
P35613	P35613		BSG		2.70051e+08	2.25263e+08	2.85243e+08	2.28152e+08	2.67038e+08	4.16879e+08	2.88013e+08	3.80834e+08
P35625	P35625		TIMP3		2.16317e+07	1.99359e+07	1.94065e+07	1.39156e+07	1.39622e+07	2.97306e+07	2.26894e+07	3.49212e+07
P35637	P35637		FUS		4.39459e+07	6.8108e+07	5.77259e+07	8.99302e+07	4.17385e+07	5.91869e+07	5.28454e+07	5.63035e+07
P35658	P35658		NUP214		9.63768e+06	1.16924e+07	1.05411e+07	9.03282e+06	1.95891e+07	6.39506e+06	1.94788e+07	8.70735e+06
P35659	P35659		DEK		1.71987e+07	3.55071e+07	2.42618e+07	3.99028e+07	2.40321e+07	2.19552e+07	2.83472e+07	2.02598e+07
P35670	P35670		ATP7B		2.65971e+06	2.06293e+06	2.76623e+06	2.71334e+06	2.05218e+06	2.49735e+06	2.81276e+06	2.35531e+06
P35749	P35749		MYH11									7.38735e+06
P35754	P35754		GLRX		5.17989e+06	4.63868e+06	4.79704e+06	4.873e+06	4.15256e+06	4.36875e+06	5.9413e+06	4.48215e+06
P35790	P35790		CHKA			1.7393e+06	1.03541e+06	1.27221e+06	910790	1.23858e+06	1.00615e+06	1.52976e+06
P35813	P35813		PPM1A		3.82068e+06	5.04438e+06	4.2784e+06	5.02358e+06	3.32308e+06	4.13163e+06	4.38414e+06	3.85253e+06
P35869	P35869		AHR		4.66755e+06	7.60187e+06	5.18044e+06	4.90937e+06	5.03782e+06	3.99543e+06	5.80976e+06	4.88466e+06
P35908	P35908		KRT2		8.93126e+07	3.13074e+08	1.20472e+08	1.95141e+08	6.30072e+07	6.35694e+07	1.99598e+08	8.83935e+07
P35914	P35914		HMGCL		5.0133e+07	2.68297e+07	2.87161e+07	1.38466e+07	7.1366e+07	1.57748e+07	4.21149e+07	2.53938e+07
P35998	P35998		PSMC2		1.79473e+07	3.01362e+07	2.78255e+07	3.12435e+07	1.81801e+07	2.39798e+07	2.55024e+07	2.15654e+07
P36021	P36021		SLC16A2		5.40687e+06	4.44691e+06	5.74078e+06	4.61711e+06	5.59103e+06	5.86035e+06	4.32093e+06	4.63815e+06
P36222	P36222		CHI3L1			566576						
P36269	P36269		GGT5		910615	717133	674747		1.16148e+06	551285	532029	573576
P36383	P36383		GJC1		9.66832e+06	1.00555e+07	9.29645e+06	1.12799e+07	8.18319e+06	1.54839e+07	9.54634e+06	1.53637e+07
P36404	P36404		ARL2		3.81189e+07	3.71689e+07	3.58609e+07	2.3472e+07	5.2842e+07	2.44664e+07	4.96539e+07	3.30183e+07
P36405	P36405		ARL3		7.48319e+06	6.83695e+06	8.64225e+06	7.87362e+06	7.23674e+06	6.63979e+06	8.5966e+06	6.68382e+06
P36507	P36507		MAP2K2		1.29315e+07	2.2879e+07	2.19039e+07	2.86586e+07	1.26665e+07	1.81684e+07	1.90116e+07	1.6729e+07
P36542	P36542		ATP5F1C		6.29123e+08	7.09825e+08	6.27125e+08	5.93324e+08	6.60562e+08	8.92452e+08	7.42127e+08	9.51954e+08
P36543	P36543		ATP6V1E1		2.20726e+07	3.19579e+07	2.70286e+07	2.62421e+07	2.19686e+07	3.66532e+07	2.79514e+07	4.06764e+07
P36551	P36551		CPOX		1.91953e+08	7.58088e+07	1.27169e+08	6.36413e+07	2.10333e+08	1.01652e+08	1.52312e+08	8.81832e+07
P36578	P36578		RPL4		2.00413e+08	1.65307e+08	2.51703e+08	1.66783e+08	1.88716e+08	2.20198e+08	1.91789e+08	1.98248e+08
P36639	P36639		NUDT1		2.15783e+07	1.81307e+07	2.42918e+07	1.69922e+07	2.55539e+07	2.02821e+07	3.01567e+07	2.42889e+07
P36776	P36776		LONP1		9.36405e+07	6.24821e+07	8.55952e+07	3.14312e+07	1.06191e+08	4.05582e+07	1.06254e+08	5.4249e+07
P36871	P36871		PGM1		1.08321e+07	1.11182e+07	9.88974e+06	9.60563e+06	1.01049e+07	8.5164e+06	1.20505e+07	1.08149e+07
P36873	P36873		PPP1CC		1.82211e+07	1.56732e+07	2.11495e+07	1.58846e+07	1.92466e+07	1.97605e+07	2.12454e+07	2.02079e+07
P36894	P36894		BMPR1A		4.51319e+06	5.3203e+06	5.29868e+06	4.87692e+06	5.61906e+06	7.84192e+06	5.66027e+06	7.85968e+06
P36896	P36896		ACVR1B		94735.1	72661.3	78665.3	58602.5	78693.7	235239	70778.5	163756
P36897	P36897		TGFBR1		7.61214e+06	9.0661e+06	7.41517e+06	7.68913e+06	8.71403e+06	1.55471e+07	7.23623e+06	1.33128e+07
P36915	P36915		GNL1		8.79833e+06	1.58637e+07	1.30957e+07	1.96631e+07	8.20246e+06	1.07796e+07	1.28633e+07	9.56021e+06
P36941	P36941		LTBR		6.77313e+06	5.95499e+06	6.88136e+06	5.18578e+06	6.22209e+06	7.28919e+06	6.23838e+06	4.77596e+06
P36952	P36952		SERPINB5		2.36287e+06	2.6517e+06	2.60553e+06	3.4615e+06	2.48848e+06		2.01567e+06	2.51431e+06
P36954	P36954		POLR2I		938187	2.2842e+06	1.52513e+06	2.55533e+06	1.43992e+06	1.67587e+06	1.88292e+06	1.73244e+06
P36955	P36955		SERPINF1		6.94855e+06	2.814e+06	4.22993e+06	2.5326e+06	4.95806e+06	3.17319e+06	4.41328e+06	3.89128e+06
P36956	P36956		SREBF1		2.16686e+06	3.61878e+06	3.00751e+06	2.98306e+06	2.62027e+06	4.78607e+06	3.26827e+06	5.02324e+06
P36957	P36957		DLST		4.7493e+08	2.61903e+08	3.69502e+08	1.74687e+08	5.35565e+08	2.99739e+08	4.41295e+08	3.31508e+08
P36969	P36969		GPX4		5.57474e+06	4.58317e+06	5.65925e+06	3.83022e+06	7.6467e+06	8.94666e+06	5.77005e+06	1.0098e+07
P37059	P37059		HSD17B2		2.54124e+06	3.65996e+06	4.41992e+06	4.37107e+06	3.16672e+06	5.46278e+06	6.13136e+06	6.80708e+06
P37108	P37108		SRP14		2.40125e+07	2.40686e+07	3.21548e+07	4.00531e+07	1.79749e+07	2.88335e+07	2.53694e+07	1.91529e+07
P37173	P37173		TGFBR2		1.05789e+07	1.38893e+07	1.26775e+07	1.09174e+07	7.95877e+06	1.37568e+07	1.48021e+07	2.15412e+07
P37198	P37198		NUP62		1.03442e+07	1.68242e+07	1.23983e+07	1.30429e+07	2.26563e+07	1.08448e+07	2.30684e+07	1.52899e+07
P37235	P37235		HPCAL1		2.0496e+07	1.10697e+07	2.40558e+07	2.06121e+07	1.07261e+07	2.01812e+07	1.64518e+07	1.52987e+07
P37268	P37268		FDFT1		4.03124e+07	4.41674e+07	5.12804e+07	6.32794e+07	4.01726e+07	7.20834e+07	6.65774e+07	6.69291e+07
P37287	P37287		PIGA		3.12559e+06	3.04344e+06	3.02865e+06	2.90629e+06	3.96426e+06	3.49842e+06	3.20036e+06	3.67592e+06
P37802	P37802		TAGLN2		1.65254e+08	1.0938e+08	1.34774e+08	1.13883e+08	1.5272e+08	1.32861e+08	1.17117e+08	1.35852e+08
P37837	P37837		TALDO1		1.38484e+07	3.328e+07	1.71206e+07	1.8495e+07	1.59324e+07	1.80771e+07	2.29578e+07	2.34296e+07
P38117	P38117		ETFB		2.22482e+07	5.88043e+06	1.02663e+07	4.61451e+06	1.67132e+07	4.47518e+06	8.77769e+06	4.47594e+06
P38159	P38159		RBMX		1.32895e+07	3.09993e+07	2.57476e+07	4.04365e+07	2.24754e+07	1.52833e+07	3.61255e+07	1.51179e+07
P38398	P38398		BRCA1			208682	215631	281553	223727	264353	174152	137593
P38432	P38432		COIL		2.37624e+06	3.76773e+06	4.05522e+06	4.01394e+06	3.57067e+06	3.20199e+06	4.75e+06	2.74302e+06
P38435	P38435		GGCX		1.93601e+07	1.5008e+07	1.62905e+07	1.85445e+07	2.43515e+07	2.51123e+07	1.88221e+07	2.74057e+07
P38571	P38571		LIPA		1.0346e+07	5.62349e+06	8.7459e+06	5.1367e+06	1.15855e+07	9.7976e+06	9.89629e+06	9.07525e+06
P38606	P38606		ATP6V1A		4.21629e+07	4.01296e+07	4.72755e+07	3.19197e+07	3.8955e+07	4.86959e+07	4.56176e+07	4.53327e+07
P38646	P38646		HSPA9		2.41116e+09	1.45092e+09	2.10383e+09	6.5208e+08	2.86347e+09	1.24818e+09	2.87964e+09	1.70978e+09
P38919	P38919		EIF4A3		1.33488e+07	2.81908e+07	2.22738e+07	3.18341e+07	1.80701e+07	1.67781e+07	2.37302e+07	1.49715e+07
P38935	P38935		IGHMBP2		6.50299e+06	6.35981e+06	7.54781e+06	8.15743e+06	5.81357e+06	6.14985e+06	6.25794e+06	4.81296e+06
P39019	P39019		RPS19		4.2527e+07	4.60252e+07	5.06174e+07	4.60293e+07	3.60151e+07	2.97341e+07	5.11443e+07	3.06663e+07
P39023	P39023		RPL3		8.92739e+07	7.47179e+07	1.00379e+08	8.7096e+07	8.66046e+07	9.5213e+07	9.08713e+07	8.59594e+07
P39060	P39060		COL18A1		8.58662e+06	5.55098e+06	6.51186e+06	4.62454e+06	8.66185e+06	4.79208e+06	5.03472e+06	4.70569e+06
P39210	P39210		MPV17		2.34916e+07	2.00631e+07	2.23831e+07	2.20038e+07	2.1785e+07	3.04687e+07	1.89672e+07	2.27269e+07
P39656	P39656		DDOST		3.62673e+08	3.91147e+08	3.77627e+08	4.08846e+08	4.26483e+08	5.67811e+08	4.15226e+08	5.02217e+08
P39687	P39687		ANP32A		2.34291e+07	5.17495e+07	3.47037e+07	4.36562e+07	1.91079e+07	3.02544e+07	3.8557e+07	2.85632e+07
P39748	P39748		FEN1		1.19342e+07	2.65954e+07	1.81365e+07	3.38545e+07	1.65264e+07	1.88014e+07	2.09964e+07	1.84326e+07
P39880	P39880		CUX1		5.56721e+06	8.31866e+06	6.84616e+06	9.28146e+06	7.2763e+06	7.23205e+06	7.04944e+06	6.64774e+06
P40121	P40121		CAPG		2.0494e+07	4.76999e+07	3.87357e+07	6.10086e+07	1.7409e+07	2.87252e+07	2.60235e+07	2.32217e+07
P40123	P40123		CAP2		3.19812e+06	4.71785e+06	5.47123e+06	6.7471e+06	3.14964e+06	4.79136e+06	4.53389e+06	3.77407e+06
P40189	P40189		IL6ST		8.05191e+06	1.37819e+07	8.63438e+06	8.02132e+06	6.21544e+06	9.49517e+06	1.06877e+07	1.06932e+07
P40200	P40200		CD96		1.60811e+06	1.86018e+06	1.43505e+06	2.12383e+06	2.09461e+06	2.62943e+06	2.10996e+06	4.14322e+06
P40222	P40222		TXLNA		3.22482e+06	4.27294e+06	3.62039e+06	3.79658e+06	3.74755e+06	3.40437e+06	3.40128e+06	3.94419e+06
P40227	P40227		CCT6A		2.95541e+07	4.78858e+07	4.57929e+07	5.24458e+07	2.71994e+07	4.76538e+07	4.04134e+07	3.94878e+07
P40261	P40261		NNMT		5.55342e+06	3.09677e+07	1.41395e+07	9.67792e+06	1.67709e+07	8.25046e+06	1.56646e+07	1.09323e+07
P40306	P40306		PSMB10		626733	652009	436165	321595	640849	331703	436547	380762
P40425	P40425		PBX2		913039	1.48544e+06	1.19486e+06	1.89647e+06	1.37459e+06	1.00159e+06	1.66722e+06	822957
P40429	P40429		RPL13A		8.2172e+07	7.54282e+07	1.04725e+08	8.61971e+07	8.5639e+07	8.98885e+07	8.47607e+07	8.27566e+07
P40616	P40616		ARL1		1.49666e+07	2.20349e+07	1.92316e+07	2.40501e+07	1.67961e+07	2.89461e+07	1.89765e+07	2.96357e+07
P40692	P40692		MLH1		2.39367e+06	3.98968e+06	2.63025e+06	3.9998e+06	2.48906e+06	2.77158e+06	3.08267e+06	2.73618e+06
P40763	P40763		STAT3		6.14798e+07	2.21762e+08	1.26014e+08	1.73101e+08	9.10633e+07	1.39184e+08	1.2631e+08	1.22511e+08
P40818	P40818		USP8		1.08245e+07	1.23508e+07	1.00301e+07	1.02542e+07	1.02634e+07	7.87162e+06	9.53693e+06	8.17906e+06
P40855	P40855		PEX19		1.14096e+06	1.38366e+06	1.2307e+06	1.28862e+06	968161	2.25951e+06	1.34052e+06	1.87676e+06
P40925	P40925		MDH1		2.80031e+07	3.1509e+07	2.9423e+07	2.42931e+07	2.34334e+07	2.47795e+07	3.34948e+07	2.49432e+07
P40926	P40926		MDH2		1.63888e+09	1.03607e+09	1.31331e+09	5.26278e+08	1.92824e+09	1.05543e+09	1.74318e+09	1.26881e+09
P40937	P40937		RFC5		8.48994e+06	1.62196e+07	1.20276e+07	1.91005e+07	9.0798e+06	1.30781e+07	1.27603e+07	1.18273e+07
P40938	P40938		RFC3		2.32609e+06	6.73812e+06	4.61145e+06	7.82362e+06	3.43529e+06	4.94321e+06	4.90408e+06	4.44518e+06
P40939	P40939		HADHA		3.23544e+08	2.6515e+08	2.76778e+08	2.1683e+08	3.04601e+08	2.53125e+08	2.80525e+08	2.70886e+08
P41091	P41091		EIF2S3		6.87524e+07	9.13937e+07	8.54336e+07	8.53794e+07	6.00908e+07	5.75519e+07	8.00824e+07	5.57326e+07
P41134	P41134		ID1		349474	484694	421672	640936	750560	482951	733222	518184
P41162	P41162		ETV3			536616						
P41208	P41208		CETN2		3.679e+06	3.67486e+06	3.49428e+06	3.61208e+06	6.07482e+06	2.932e+06	4.13172e+06	3.35587e+06
P41212	P41212		ETV6		386780	3.25214e+06	902204	2.85661e+06	1.10226e+06	1.00014e+06	1.49504e+06	1.15515e+06
P41214	P41214		EIF2D		5.78864e+06	7.01976e+06	8.38487e+06	9.25038e+06	6.04414e+06	6.57187e+06	7.59673e+06	5.95867e+06
P41221	P41221		WNT5A		7.47824e+06	8.30399e+06	5.6856e+06	5.55661e+06	8.48464e+06	9.03837e+06	6.24929e+06	8.63125e+06
P41223	P41223		BUD31		3.72206e+06	2.90578e+06	5.24468e+06	5.948e+06	3.85222e+06	4.26815e+06	5.40838e+06	4.11409e+06
P41227	P41227		NAA10		8.47519e+06	1.2118e+07	1.03021e+07	1.00357e+07	9.57639e+06	7.89915e+06	1.21089e+07	8.29003e+06
P41229	P41229		KDM5C		2.71471e+06	2.47721e+06	2.32275e+06	2.37506e+06	2.02313e+06	2.36485e+06	1.82523e+06	1.98439e+06
P41236	P41236		PPP1R2		6.03686e+06	4.19202e+06	5.13586e+06	3.66875e+06	5.5218e+06	3.223e+06	5.77587e+06	3.56504e+06
P41240	P41240		CSK		8.79194e+06	8.51715e+06	1.05282e+07	1.20168e+07	7.90648e+06	9.249e+06	9.25601e+06	7.9865e+06
P41250	P41250		GARS1		5.89732e+07	4.46938e+07	6.4154e+07	2.95987e+07	5.11768e+07	3.34004e+07	6.14342e+07	3.30421e+07
P41252	P41252		IARS1		4.26098e+07	4.65242e+07	3.73742e+07	2.77634e+07	5.16813e+07	1.67766e+07	4.97971e+07	2.37746e+07
P41271	P41271		NBL1		901218	584195	772325	385257	1.13237e+06	1.05288e+06	733792	602612
P41273	P41273		TNFSF9		2.55591e+06	1.23161e+06	1.87185e+06		2.50347e+06	3.03866e+06	2.07476e+06	1.59038e+06
P41440	P41440		SLC19A1		1.99718e+06	2.82111e+06	2.30436e+06	2.182e+06	3.30117e+06	4.11761e+06	2.51357e+06	5.95959e+06
P41567	P41567		EIF1		7.83093e+06	1.26502e+07	8.92441e+06	1.07829e+07	8.6904e+06	1.06258e+07	8.54184e+06	1.0572e+07
P41586	P41586		ADCYAP1R1		499795		446316	460614	419952	491483	427776	
P41732	P41732		TSPAN7		1.50753e+06	658360	2.10565e+06	1.11222e+06	470005	1.99112e+06	1.28333e+06	1.46079e+06
P41743	P41743		PRKCI		4.05384e+07	2.33199e+07	3.63389e+07	2.83952e+07	3.66992e+07	3.20816e+07	3.18196e+07	2.6814e+07
P42025	P42025		ACTR1B		4.29189e+06	3.7852e+06	3.31549e+06	2.90609e+06	4.57294e+06	2.9416e+06	3.69717e+06	3.58938e+06
P42126	P42126		ECI1		1.01179e+08	4.19657e+07	6.66395e+07	1.55199e+07	1.26138e+08	2.27331e+07	7.6512e+07	3.25888e+07
P42166	P42166		TMPO		1.39795e+07	3.81045e+07	2.71335e+07	4.74638e+07	2.42381e+07	1.95891e+07	4.59249e+07	2.13501e+07
P42224	P42224		STAT1		3.96636e+07	7.53305e+07	5.24661e+07	6.54858e+07	6.23893e+07	5.24481e+07	5.91431e+07	5.59077e+07
P42226	P42226		STAT6		1.44138e+07	2.90617e+07	1.81094e+07	2.48726e+07	1.58023e+07	1.65514e+07	1.89417e+07	1.82136e+07
P42285	P42285		MTREX		8.50528e+07	2.94689e+08	1.85514e+08	3.51249e+08	1.17558e+08	1.66046e+08	1.86859e+08	1.56445e+08
P42330	P42330		AKR1C3		4.7821e+06	6.19649e+06	3.8805e+06	3.88269e+06	6.3184e+06	4.54338e+06	6.05707e+06	5.7062e+06
P42336	P42336		PIK3CA		3.34601e+06	3.94205e+06	3.91447e+06	4.83802e+06	3.70032e+06	3.94071e+06	4.1817e+06	4.41401e+06
P42338	P42338		PIK3CB		2.29852e+06	2.95353e+06	2.38846e+06	2.35679e+06	2.06748e+06	2.25877e+06	2.73916e+06	2.83717e+06
P42345	P42345		MTOR		3.65878e+07	3.50616e+07	3.25764e+07	3.14198e+07	3.66962e+07	3.08659e+07	3.40276e+07	3.4004e+07
P42356	P42356		PI4KA		1.4399e+07	9.55196e+06	1.0306e+07	8.8683e+06	1.15185e+07	9.40365e+06	9.49442e+06	8.96804e+06
P42357	P42357		HAL			7.31297e+06	1.12689e+06	963221	3.54435e+06	2.8403e+06	2.60763e+06	1.02549e+06
P42566	P42566		EPS15		1.55245e+07	2.35964e+07	1.77171e+07	2.192e+07	1.53297e+07	1.6442e+07	1.72692e+07	1.83837e+07
P42574	P42574		CASP3		2.77983e+06	3.17688e+06	3.0552e+06	3.43255e+06	2.47578e+06	3.52107e+06	2.67748e+06	3.77994e+06
P42575	P42575		CASP2		6.64952e+06	5.32984e+06	6.15873e+06	7.69623e+06	7.87182e+06	9.0974e+06	5.30481e+06	1.07013e+07
P42677	P42677		RPS27		4.18706e+07	5.12029e+07	5.09748e+07	5.62715e+07	3.91898e+07	3.80711e+07	5.00289e+07	3.31807e+07
P42684	P42684		ABL2		1.36224e+06	1.02115e+06	1.4914e+06	1.29723e+06	1.14082e+06	1.21142e+06	1.43278e+06	950240
P42694	P42694		HELZ		8.89293e+06	1.11816e+07	1.12262e+07	1.15325e+07	7.14906e+06	7.87091e+06	1.04374e+07	9.33329e+06
P42695	P42695		NCAPD3		2.14063e+06	5.92285e+06	3.16107e+06	6.0223e+06	2.80053e+06	4.61626e+06	3.71494e+06	4.84575e+06
P42696	P42696		RBM34		1.38626e+06	1.95206e+06	1.33101e+06	1.70739e+06	1.53489e+06	1.17363e+06	2.11109e+06	1.31578e+06
P42702	P42702		LIFR		525777	587334	789970	579516	541139	1.53404e+06	989695	1.70131e+06
P42704	P42704		LRPPRC		8.02482e+08	4.18974e+08	7.65865e+08	3.3098e+08	8.55437e+08	6.79479e+08	8.24726e+08	7.29212e+08
P42765	P42765		ACAA2		2.14379e+08	1.33126e+08	1.59756e+08	6.03701e+07	2.5885e+08	8.70475e+07	2.15944e+08	1.26683e+08
P42766	P42766		RPL35		6.2561e+07	5.26139e+07	7.47171e+07	5.48951e+07	6.61148e+07	5.96036e+07	6.17456e+07	6.22562e+07
P42785	P42785		PRCP		9.59083e+06	9.29712e+06	1.0794e+07	7.88355e+06	1.48095e+07	1.3106e+07	1.69193e+07	1.52369e+07
P42858	P42858		HTT		2.12718e+06	3.32309e+06	2.77772e+06	3.84783e+06	2.48478e+06	2.11655e+06	2.6532e+06	2.15207e+06
P42892	P42892		ECE1		7.2967e+07	3.95076e+07	5.93986e+07	4.47172e+07	6.37294e+07	6.87743e+07	4.48586e+07	5.57243e+07
P42898	P42898		MTHFR			1.53376e+06					3.0136e+06	
P43003	P43003		SLC1A3		1.39634e+06	1.96723e+06	1.30504e+06	1.24448e+06	1.8496e+06	2.33198e+06	1.31886e+06	2.87048e+06
P43004	P43004		SLC1A2		1.4546e+06	1.50387e+06	1.43695e+06	1.61159e+06	1.06113e+06	1.80996e+06	1.60725e+06	1.79974e+06
P43005	P43005		SLC1A1		1.37917e+07	1.04219e+07	1.04382e+07	9.54934e+06	1.56714e+07	1.19853e+07	1.2231e+07	1.60176e+07
P43007	P43007		SLC1A4		4.11635e+07	4.55278e+07	4.33951e+07	3.51568e+07	3.35979e+07	4.07735e+07	3.07409e+07	3.21792e+07
P43034	P43034		PAFAH1B1		2.28155e+07	1.88242e+07	2.06107e+07	1.78317e+07	2.38859e+07	1.92247e+07	2.31486e+07	2.16492e+07
P43121	P43121		MCAM		3.50688e+07	1.53558e+07	4.36209e+07	3.35454e+07	2.23605e+07	5.05731e+07	2.82271e+07	2.61751e+07
P43146	P43146		DCC		2.28062e+06	6.93991e+06	1.81202e+06	2.81829e+06	2.71985e+06	1.87592e+06	5.78187e+06	6.01899e+06
P43155	P43155		CRAT		2.40974e+08	1.67971e+08	1.71821e+08	9.21509e+07	3.10972e+08	1.06526e+08	2.12421e+08	1.45466e+08
P43234	P43234		CTSO		429243	313016	407825	139690	594432	225022	874935	395217
P43243	P43243		MATR3		9.10204e+06	1.8551e+07	1.58375e+07	2.97124e+07	1.6426e+07	8.54737e+06	2.40515e+07	8.01335e+06
P43246	P43246		MSH2		5.26938e+06	1.98463e+07	1.09118e+07	1.95275e+07	9.30111e+06	1.18782e+07	1.34038e+07	9.65022e+06
P43250	P43250		GRK6		4.74175e+06	3.04076e+06	4.34349e+06	3.62004e+06	3.44886e+06	3.11102e+06	4.64414e+06	3.98593e+06
P43268	P43268		ETV4		1.69049e+06	2.04898e+06	2.09457e+06	3.04484e+06	2.28958e+06	3.29916e+06	2.2184e+06	3.23853e+06
P43304	P43304		GPD2		1.30269e+08	1.46344e+08	1.18534e+08	1.26628e+08	1.4446e+08	1.72457e+08	1.35581e+08	1.84044e+08
P43307	P43307		SSR1		9.73687e+07	8.94438e+07	1.0602e+08	1.08869e+08	1.09971e+08	1.62061e+08	1.01717e+08	1.38433e+08
P43378	P43378		PTPN9		6.71001e+06	7.35996e+06	7.56226e+06	1.03357e+07	4.78446e+06	1.09764e+07	6.32649e+06	8.2537e+06
P43487	P43487		RANBP1		8.33139e+07	9.16139e+07	9.85021e+07	7.90685e+07	7.68804e+07	7.29052e+07	1.07284e+08	8.34891e+07
P43490	P43490		NAMPT		5.88357e+07	7.43483e+07	6.10782e+07	5.40047e+07	1.06897e+08	4.24084e+07	5.97053e+07	3.40931e+07
P43686	P43686		PSMC4		1.39501e+07	2.66683e+07	2.08199e+07	2.39473e+07	1.52626e+07	1.86737e+07	2.12684e+07	1.8741e+07
P43694	P43694		GATA4		148961	418188	267444	390310	188393	257156	372462	240621
P43897	P43897		TSFM		1.31339e+08	8.99267e+07	1.24977e+08	6.38769e+07	1.47545e+08	1.16326e+08	1.6107e+08	1.34569e+08
P45844	P45844		ABCG1		6.60352e+06	2.98195e+06	7.45433e+06	3.17092e+06	3.75956e+06	3.1326e+06	4.00504e+06	1.53991e+06
P45877	P45877		PPIC		1.44482e+07	7.18351e+06	9.19801e+06	6.61576e+06	1.39422e+07	1.05244e+07	7.40112e+06	6.70213e+06
P45880	P45880		VDAC2		1.59465e+09	1.56218e+09	1.58898e+09	1.65044e+09	1.50626e+09	2.35591e+09	1.48978e+09	2.12092e+09
P45954	P45954		ACADSB		5.59934e+08	2.44262e+08	5.57228e+08	1.95226e+08	4.24182e+08	2.88292e+08	5.40696e+08	2.69909e+08
P45973	P45973		CBX5		3.24572e+07	5.36528e+07	5.26518e+07	5.88667e+07	4.70781e+07	6.54054e+07	6.26844e+07	6.17644e+07
P45974	P45974		USP5		8.91373e+06	1.89795e+07	1.1281e+07	1.38719e+07	8.14914e+06	9.87426e+06	1.23164e+07	1.06229e+07
P45983	P45983		MAPK8		3.8878e+06	7.69056e+06	6.50218e+06	8.51478e+06	4.11968e+06	5.58681e+06	5.23763e+06	4.49825e+06
P45984	P45984		MAPK9		4.01027e+06	6.12366e+06	5.13035e+06	6.30396e+06	4.64058e+06	4.75933e+06	5.0086e+06	5.05552e+06
P45985	P45985		MAP2K4		3.69539e+06	5.53095e+06	5.44177e+06	6.48473e+06	4.29555e+06	3.62148e+06	5.26266e+06	4.21115e+06
P46013	P46013		MKI67		6.1111e+06	7.19278e+06	8.6541e+06	9.17255e+06	8.27351e+06	5.85968e+06	1.0641e+07	6.70545e+06
P46020	P46020		PHKA1		2.59925e+06	3.29075e+06	2.9095e+06	4.25418e+06	1.74649e+06	2.21671e+06	2.83866e+06	2.26244e+06
P46060	P46060		RANGAP1		1.01893e+07	1.38129e+07	1.33741e+07	1.93458e+07	1.43163e+07	1.30257e+07	1.69518e+07	1.15059e+07
P46063	P46063		RECQL		9.3028e+06	3.94971e+07	1.70763e+07	3.14883e+07	1.56528e+07	1.94245e+07	2.16784e+07	1.74445e+07
P46087	P46087		NOP2		2.56231e+06	9.82818e+06	5.8771e+06	9.94593e+06	4.67116e+06	4.98803e+06	7.57318e+06	5.0811e+06
P46100	P46100		ATRX		709661	2.72597e+06	1.5032e+06	2.26412e+06	2.07561e+06	1.28571e+06	1.76075e+06	826605
P46108	P46108		CRK		8.97099e+06	7.43732e+06	8.34297e+06	6.78758e+06	6.99145e+06	8.77828e+06	8.82408e+06	8.40088e+06
P46109	P46109		CRKL		1.22844e+07	1.22119e+07	1.37186e+07	1.29451e+07	1.17899e+07	1.25964e+07	1.33269e+07	1.43947e+07
P46199	P46199		MTIF2		5.29823e+07	3.27407e+07	4.46198e+07	2.10412e+07	5.92356e+07	2.92556e+07	4.99823e+07	3.29763e+07
P46379	P46379		BAG6		1.02722e+07	1.80675e+07	1.78671e+07	2.09455e+07	1.08859e+07	1.61682e+07	1.48129e+07	1.39868e+07
P46459	P46459		NSF		1.29087e+08	1.4052e+08	1.48698e+08	1.47544e+08	1.24925e+08	2.086e+08	1.63884e+08	2.10783e+08
P46527	P46527		CDKN1B		140421	283693	222938	320201	227468	122381	293475	201581
P46531	P46531		NOTCH1		2.54724e+06	1.29522e+06	2.21556e+06	1.83338e+06	1.97658e+06	2.75757e+06	1.81376e+06	1.4725e+06
P46695	P46695		IER3		1.64641e+06	1.76261e+06	1.33192e+06	1.63019e+06	1.85438e+06	1.96464e+06	1.36838e+06	2.29309e+06
P46734	P46734		MAP2K3		2.57993e+06	4.22069e+06	3.66495e+06	4.35532e+06	3.1673e+06	3.51223e+06	3.66536e+06	3.13277e+06
P46736	P46736		BRCC3		2.42662e+06	3.92428e+06	2.94436e+06	2.91298e+06	2.45088e+06	2.782e+06	3.0646e+06	3.05719e+06
P46776	P46776		RPL27A		4.76982e+08	4.16605e+08	5.46976e+08	4.57716e+08	4.45755e+08	5.33589e+08	4.70055e+08	5.30147e+08
P46777	P46777		RPL5		1.07946e+08	8.51242e+07	1.1693e+08	9.72697e+07	1.07237e+08	1.07057e+08	1.05288e+08	9.97164e+07
P46778	P46778		RPL21		6.56089e+07	5.19987e+07	7.46816e+07	5.91572e+07	6.01454e+07	6.6176e+07	6.18528e+07	5.74745e+07
P46779	P46779		RPL28		9.35338e+07	8.27445e+07	1.11627e+08	7.35479e+07	9.14554e+07	1.01155e+08	9.55487e+07	9.79592e+07
P46781	P46781		RPS9		9.34583e+07	1.05523e+08	1.2177e+08	1.0117e+08	8.84671e+07	7.24069e+07	1.19957e+08	7.00607e+07
P46782	P46782		RPS5		6.363e+07	6.76194e+07	7.92002e+07	7.74988e+07	6.01271e+07	5.01528e+07	8.13816e+07	5.15002e+07
P46783	P46783		RPS10		9.32899e+07	1.05661e+08	1.01002e+08	8.73409e+07	9.27497e+07	6.16363e+07	1.07187e+08	6.87009e+07
P46821	P46821		MAP1B		5.10777e+07	5.74121e+07	6.27308e+07	4.69794e+07	4.93469e+07	2.49041e+07	6.91063e+07	2.56381e+07
P46926	P46926		GNPDA1		7.16826e+06	9.1615e+06	7.52849e+06	5.97296e+06	7.2202e+06	6.87676e+06	1.13422e+07	8.0488e+06
P46934	P46934		NEDD4		8.00461e+06	8.54272e+06	1.18094e+07	1.24308e+07	5.69229e+06	1.34535e+07	9.29538e+06	1.15184e+07
P46937	P46937		YAP1		2.11178e+06	2.99456e+06	2.65218e+06	2.24236e+06	3.09957e+06	2.89697e+06	3.51832e+06	3.72798e+06
P46939	P46939		UTRN		5.80271e+07	3.69741e+07	5.717e+07	4.21732e+07	4.45281e+07	4.09656e+07	5.11191e+07	3.76394e+07
P46940	P46940		IQGAP1		5.95543e+07	4.16799e+07	5.22411e+07	4.58518e+07	4.05658e+07	4.6093e+07	4.0167e+07	3.84489e+07
P46976	P46976		GYG1		7.71942e+06	1.0472e+07	1.12051e+07	1.28979e+07	7.01057e+06	1.03818e+07	1.12714e+07	8.98641e+06
P46977	P46977		STT3A		1.88379e+08	2.16516e+08	1.9721e+08	2.12295e+08	2.15535e+08	2.89898e+08	2.16587e+08	3.07426e+08
P47712	P47712		PLA2G4A		1.12991e+07	2.44294e+07	1.79639e+07	1.83028e+07	1.5503e+07	1.74928e+07	2.1267e+07	1.48197e+07
P47755	P47755		CAPZA2		2.21885e+07	2.63433e+07	1.94593e+07	2.08639e+07	1.95762e+07	1.91708e+07	2.22591e+07	2.18992e+07
P47756	P47756		CAPZB		5.38548e+07	6.2814e+07	5.47201e+07	5.8438e+07	4.85344e+07	4.92974e+07	5.72367e+07	5.20643e+07
P47895	P47895		ALDH1A3		4.52323e+06	1.45916e+07	5.42168e+06	5.67096e+06	8.13448e+06	4.18858e+06	7.74751e+06	6.61265e+06
P47897	P47897		QARS1		4.58939e+07	3.75781e+07	3.57571e+07	2.96735e+07	4.3924e+07	2.59501e+07	3.8631e+07	2.80328e+07
P47900	P47900		P2RY1		632836	310368	684064	571256	403245	726129	541522	717481
P47914	P47914		RPL29		5.09707e+07	4.87866e+07	6.7074e+07	5.15296e+07	5.60597e+07	5.98893e+07	5.20776e+07	5.09366e+07
P47929	P47929		LGALS7			2.43886e+08	1.62657e+06	714702		783960	3.58663e+06	3.87516e+06
P47985	P47985		UQCRFS1		1.54664e+08	1.81679e+08	1.61212e+08	1.68576e+08	1.63928e+08	2.08502e+08	1.63676e+08	2.16334e+08
P48029	P48029		SLC6A8		2.85416e+06	2.34687e+06	3.77077e+06	2.79355e+06	2.91851e+06	4.44448e+06	2.83555e+06	2.92067e+06
P48047	P48047		ATP5PO		8.80929e+08	9.67697e+08	8.76499e+08	8.29695e+08	9.41693e+08	1.28226e+09	1.0058e+09	1.42475e+09
P48059	P48059		LIMS1		1.95672e+07	1.26186e+07	1.41364e+07	1.44963e+07	1.81499e+07	1.29311e+07	1.30149e+07	1.33359e+07
P48060	P48060		GLIPR1		1.4665e+07	2.81893e+07	1.15139e+07	1.03783e+07	3.63706e+07	2.33167e+07	2.7109e+07	3.8794e+07
P48066	P48066		SLC6A11		459578		580552	398009	175867	649115	110499	129576
P48067	P48067		SLC6A9		2.29505e+06	7.09584e+06	3.46836e+06	2.78101e+06	2.18982e+06	2.91563e+06	3.63865e+06	4.64374e+06
P48147	P48147		PREP		1.47457e+07	1.38953e+07	1.5256e+07	1.14523e+07	1.16346e+07	1.08428e+07	1.49344e+07	9.46696e+06
P48163	P48163		ME1		3.81937e+06	4.76683e+06	4.40662e+06	2.84637e+06	2.68466e+06	3.16499e+06	3.5148e+06	2.74299e+06
P48200	P48200		IREB2		397444	629371	395109	428412	397076	624116	295149	472231
P48307	P48307		TFPI2		9.84454e+06	6.40212e+06	9.551e+06	8.00979e+06	4.22645e+07	7.88902e+06	7.96443e+06	4.44776e+06
P48378	P48378		RFX2		3.08465e+06	2.15156e+06	2.84125e+06	2.1608e+06	3.53651e+06	2.67915e+06	3.29211e+06	1.14944e+06
P48382	P48382		RFX5		665815	3.61653e+06	1.69997e+06	3.80602e+06	1.46153e+06	1.46749e+06	2.16144e+06	1.59189e+06
P48426	P48426		PIP4K2A		1.52177e+07	1.83098e+07	1.31839e+07	1.95037e+07	1.80256e+07	1.64359e+07	1.30246e+07	1.48386e+07
P48436	P48436		SOX9		1.38954e+06	3.31492e+06	1.79537e+06	3.4416e+06	1.91546e+06	2.46875e+06	2.90347e+06	2.87712e+06
P48444	P48444		ARCN1		9.73077e+06	2.09421e+07	2.09643e+07	2.84596e+07	1.2776e+07	1.58835e+07	1.7796e+07	1.59855e+07
P48449	P48449		LSS		1.3515e+07	1.78407e+07	1.60012e+07	1.69498e+07	1.14998e+07	2.15728e+07	1.59864e+07	2.18361e+07
P48454	P48454		PPP3CC		3.63987e+06	3.72052e+06	4.5117e+06	4.14247e+06	4.52955e+06	3.90057e+06	4.75788e+06	4.30762e+06
P48506	P48506		GCLC		6.23533e+06	7.46839e+06	6.40717e+06	5.47672e+06	6.96759e+06	5.5416e+06	8.37883e+06	6.70193e+06
P48507	P48507		GCLM		1.08633e+07	1.73893e+07	1.90971e+07	2.461e+07	1.02102e+07	1.61076e+07	1.56314e+07	1.33639e+07
P48509	P48509		CD151		7.32772e+07	5.96215e+07	8.05002e+07	6.5158e+07	7.47364e+07	1.10349e+08	7.35771e+07	9.60603e+07
P48551	P48551		IFNAR2		2.07203e+06	2.27809e+06	1.68612e+06	1.53416e+06	3.46656e+06	2.56763e+06	1.98828e+06	2.0589e+06
P48553	P48553		TRAPPC10		784622	894513	824096	850053	730723	621867	792537	829106
P48556	P48556		PSMD8		8.03628e+06	1.45895e+07	1.14876e+07	1.54657e+07	8.88839e+06	1.03994e+07	1.16782e+07	8.97786e+06
P48594	P48594		SERPINB4		1.68545e+06	2.36312e+08	2.37069e+06	1.39684e+06	5.83719e+06	1.58914e+06	3.36029e+06	3.52104e+06
P48634	P48634		PRRC2A		5.01166e+06	6.59838e+06	5.75789e+06	6.58525e+06	4.85795e+06	4.77842e+06	6.21858e+06	5.57867e+06
P48637	P48637		GSS		1.26703e+07	1.46111e+07	1.35099e+07	1.02655e+07	9.67249e+06	9.27447e+06	1.7671e+07	1.08191e+07
P48643	P48643		CCT5		2.08107e+07	3.52174e+07	3.29134e+07	4.00263e+07	2.05373e+07	3.43796e+07	3.1747e+07	2.89674e+07
P48651	P48651		PTDSS1		4.4949e+07	4.6911e+07	4.8943e+07	4.89812e+07	5.51844e+07	7.53777e+07	4.69368e+07	7.27359e+07
P48668	P48668		KRT6C			1.05321e+07		506152				
P48723	P48723		HSPA13		1.5473e+07	1.39403e+07	1.3032e+07	1.00347e+07	2.53832e+07	1.9387e+07	1.62165e+07	2.19368e+07
P48729	P48729		CSNK1A1		1.38518e+07	1.69234e+07	1.43174e+07	1.45737e+07	1.28381e+07	1.92438e+07	1.40203e+07	1.63303e+07
P48730	P48730		CSNK1D		5.72236e+06	5.61895e+06	6.1244e+06	5.91258e+06	5.77829e+06	5.97901e+06	5.42599e+06	4.29797e+06
P48735	P48735		IDH2		1.21121e+08	4.68962e+07	7.05949e+07	3.4152e+07	1.34255e+08	6.18286e+07	6.77474e+07	5.78361e+07
P48739	P48739		PITPNB		1.18494e+07	2.83874e+07	1.9748e+07	2.91283e+07	1.32209e+07	2.39923e+07	1.72636e+07	2.20137e+07
P48960	P48960		ADGRE5		2.49095e+07	1.69877e+07	2.48084e+07	2.24472e+07	2.00697e+07	3.27768e+07	2.21027e+07	2.32402e+07
P49005	P49005		POLD2		3.18633e+06	5.35731e+06	4.72247e+06	6.41257e+06	3.47441e+06	5.33495e+06	4.84771e+06	4.9074e+06
P49006	P49006		MARCKSL1		2.81744e+07	1.81748e+07	2.46183e+07	2.07164e+07	2.83216e+07	2.41147e+07	2.96211e+07	3.11848e+07
P49023	P49023		PXN		1.60239e+07	2.63467e+07	2.4503e+07	3.34189e+07	1.75883e+07	1.9582e+07	2.62922e+07	1.98386e+07
P49069	P49069		CAMLG		3.45732e+06	3.53241e+06	3.4738e+06	3.74255e+06	3.0844e+06	4.3338e+06	3.25636e+06	4.4019e+06
P49116	P49116		NR2C2		2.82414e+06	4.23071e+06	3.26501e+06	4.58573e+06	2.98216e+06	2.40834e+06	3.7026e+06	2.01504e+06
P49137	P49137		MAPKAPK2		756534	1.53607e+06	960197	1.34779e+06	777814	1.64289e+06	928603	1.66388e+06
P49184	P49184		DNASE1L1		8.51825e+06	8.45859e+06	9.61318e+06	8.25665e+06	8.93583e+06	9.08786e+06	8.5642e+06	7.50114e+06
P49189	P49189		ALDH9A1		3.54102e+07	1.66992e+07	2.89409e+07	1.04186e+07	2.85409e+07	1.60217e+07	2.91251e+07	1.5578e+07
P49207	P49207		RPL34		8.40102e+07	6.8852e+07	9.16449e+07	7.8904e+07	9.48951e+07	8.04777e+07	8.90785e+07	9.08438e+07
P49247	P49247		RPIA		1.543e+07	1.22194e+07	1.74646e+07	1.32535e+07	1.33784e+07	1.77135e+07	1.48269e+07	1.51334e+07
P49257	P49257		LMAN1		1.74089e+08	2.13183e+08	2.05334e+08	2.21084e+08	2.18777e+08	2.75826e+08	2.09443e+08	2.53124e+08
P49281	P49281		SLC11A2		8.36276e+06	8.83036e+06	9.26481e+06	8.08481e+06	1.08546e+07	1.14339e+07	1.02006e+07	1.16641e+07
P49321	P49321		NASP		6.86919e+06	2.53103e+07	1.17472e+07	1.82343e+07	6.42384e+06	1.55324e+07	1.41163e+07	1.64995e+07
P49327	P49327		FASN		5.36558e+07	9.94809e+07	1.04115e+08	1.42459e+08	4.75498e+07	8.75648e+07	9.44167e+07	7.83338e+07
P49336	P49336		CDK8		1.01587e+06	1.97135e+06	1.21378e+06	2.95175e+06	1.21293e+06	1.10864e+06	1.55893e+06	1.06307e+06
P49354	P49354		FNTA		5.51038e+06	5.82219e+06	5.56572e+06	4.17487e+06	5.49112e+06	4.86747e+06	5.92202e+06	5.40484e+06
P49356	P49356		FNTB		572559	580643	658701	419338	522466	648769	613517	566755
P49366	P49366		DHPS		4.13644e+06	4.5062e+06	4.24129e+06	3.51939e+06	4.32849e+06	3.383e+06	5.54522e+06	4.30334e+06
P49368	P49368		CCT3		4.65521e+07	7.73408e+07	7.28752e+07	8.92394e+07	4.20905e+07	7.64718e+07	6.69466e+07	6.22646e+07
P49406	P49406		MRPL19		6.19188e+07	4.79791e+07	5.21962e+07	3.05006e+07	8.47345e+07	5.74416e+07	7.35405e+07	7.08953e+07
P49407	P49407		ARRB1		2.42259e+06	2.33585e+06	2.16103e+06	1.66257e+06	2.0598e+06	2.34527e+06	1.80024e+06	1.84473e+06
P49411	P49411		TUFM		4.34144e+08	3.00457e+08	3.95645e+08	2.04978e+08	5.49115e+08	2.9473e+08	5.10338e+08	3.47027e+08
P49418	P49418		AMPH		3.25734e+06	3.4123e+06	4.6325e+06	5.16569e+06	3.45907e+06	2.79365e+06	3.81875e+06	2.56155e+06
P49419	P49419		ALDH7A1		6.25322e+07	3.37685e+07	4.91316e+07	1.77896e+07	7.69641e+07	2.59335e+07	7.40749e+07	3.57619e+07
P49427	P49427		CDC34		7.28346e+06	6.04786e+06	6.13847e+06	5.27541e+06	7.45421e+06	4.24191e+06	1.0802e+07	6.04197e+06
P49441	P49441		INPP1		600114	1.08603e+06	685699	937631	613082	764617	756544	858939
P49447	P49447		CYB561		1.86599e+06	2.86112e+06	1.90662e+06	1.58486e+06	1.76405e+06	2.33272e+06	1.51166e+06	1.83669e+06
P49448	P49448		GLUD2		3.94013e+06	1.91985e+06	2.9793e+06	2.34772e+06	1.79278e+06	4.35486e+06	2.03587e+06	2.42079e+06
P49454	P49454		CENPF		4.00003e+06	3.80678e+06	3.96722e+06	4.6053e+06	3.57212e+06	5.43527e+06	4.00899e+06	4.52027e+06
P49458	P49458		SRP9		2.2121e+07	2.36958e+07	3.1042e+07	4.00031e+07	1.76913e+07	2.60437e+07	2.58203e+07	2.17337e+07
P49459	P49459		UBE2A		2.7073e+06	4.7885e+06	3.14291e+06	4.19641e+06	3.0247e+06	3.24258e+06	3.32435e+06	3.0842e+06
P49585	P49585		PCYT1A		8.62161e+06	2.73192e+07	1.6456e+07	3.20375e+07	8.24168e+06	2.0088e+07	1.37163e+07	1.70086e+07
P49588	P49588		AARS1		2.01124e+07	2.2671e+07	2.89772e+07	1.94355e+07	1.5191e+07	1.66291e+07	2.86776e+07	1.56115e+07
P49589	P49589		CARS1		1.68209e+07	2.82072e+07	2.47338e+07	1.92111e+07	1.41354e+07	1.33896e+07	2.61433e+07	1.47397e+07
P49590	P49590		HARS2		7.01048e+07	6.54728e+07	6.32569e+07	3.18739e+07	1.04503e+08	5.92362e+07	9.73366e+07	8.45611e+07
P49591	P49591		SARS1		1.91378e+07	1.47892e+07	2.3358e+07	1.80292e+07	1.64851e+07	1.49373e+07	2.02899e+07	1.50036e+07
P49593	P49593		PPM1F		4.76211e+06	6.16379e+06	5.86899e+06	5.82653e+06	3.88398e+06	4.65901e+06	5.63073e+06	4.82819e+06
P49641	P49641		MAN2A2		1.90508e+07	1.21134e+07	1.67274e+07	1.54932e+07	1.91292e+07	1.81628e+07	1.1512e+07	8.88891e+06
P49642	P49642		PRIM1		1.18235e+06	1.90876e+06	1.81866e+06	2.0583e+06	1.45851e+06	3.28646e+06	1.70858e+06	3.13604e+06
P49643	P49643		PRIM2		5.61271e+06	5.60218e+06	6.21493e+06	9.03181e+06	5.55306e+06	7.17946e+06	6.63157e+06	7.19949e+06
P49662	P49662		CASP4		2.89908e+06	2.79659e+06	2.88581e+06	2.4669e+06	2.63832e+06	2.94727e+06	2.72045e+06	2.40837e+06
P49674	P49674		CSNK1E		2.59435e+06	1.40198e+06	2.38762e+06	2.28947e+06	2.80515e+06	2.3236e+06	1.81994e+06	1.64892e+06
P49711	P49711		CTCF		1.75177e+06	5.02028e+06	3.37825e+06	6.34642e+06	3.53394e+06	2.89487e+06	4.58051e+06	2.43195e+06
P49716	P49716		CEBPD		1.24725e+07		1.49023e+07	1.57923e+07	1.53654e+07	2.07847e+07	1.61015e+07	2.01956e+07
P49720	P49720		PSMB3		1.25476e+07	1.91819e+07	1.59678e+07	1.66306e+07	1.2529e+07	1.23415e+07	1.69815e+07	1.28179e+07
P49721	P49721		PSMB2		2.15257e+07	3.59802e+07	2.71521e+07	3.05699e+07	2.18797e+07	2.55649e+07	2.83625e+07	2.48347e+07
P49736	P49736		MCM2		3.05149e+06	1.17842e+07	7.27244e+06	1.36635e+07	4.53753e+06	1.223e+07	6.58461e+06	1.05609e+07
P49748	P49748		ACADVL		5.14519e+08	1.91626e+07	2.99207e+08	2.03558e+08	5.41579e+07	2.72796e+08	3.40688e+07	2.86537e+07
P49750	P49750		YLPM1		2.05694e+06	4.61717e+06	3.34198e+06	5.82422e+06	2.66625e+06	4.03207e+06	3.42338e+06	3.63924e+06
P49753	P49753		ACOT2		1.24716e+07	7.10931e+06	1.05321e+07	7.31699e+06	1.07668e+07	1.05064e+07	9.33864e+06	1.16485e+07
P49754	P49754		VPS41		7.79604e+06	7.4247e+06	7.49064e+06	6.28808e+06	8.82972e+06	8.08999e+06	8.12015e+06	8.06501e+06
P49755	P49755		TMED10		1.19362e+08	1.18146e+08	1.15821e+08	1.25733e+08	1.47252e+08	1.82002e+08	1.25371e+08	1.84376e+08
P49756	P49756		RBM25		7.82251e+06	1.25585e+07	1.06809e+07	1.36312e+07	9.99036e+06	9.12168e+06	9.9578e+06	7.94498e+06
P49757	P49757		NUMB		2.18598e+07	1.51426e+07	1.54873e+07	1.76539e+07	2.59355e+07	1.34916e+07	1.396e+07	1.15838e+07
P49761	P49761		CLK3		630597	628015	684833	1.29126e+06	1.01957e+06	794823	868870	522738
P49768	P49768		PSEN1		2.11132e+07	2.03677e+07	2.1349e+07	1.98271e+07	1.81886e+07	2.59295e+07	2.27446e+07	2.91255e+07
P49770	P49770		EIF2B2		3.90558e+06	5.67178e+06	5.22014e+06	6.8775e+06	3.81887e+06	6.51246e+06	5.56438e+06	5.62335e+06
P49773	P49773		HINT1		2.2699e+07	2.96651e+07	2.66752e+07	2.4429e+07	2.24117e+07	2.45594e+07	3.1892e+07	2.67868e+07
P49789	P49789		FHIT		4.61991e+06	4.0513e+06	4.40553e+06	3.11333e+06	5.84907e+06	3.87833e+06	5.15961e+06	3.9372e+06
P49790	P49790		NUP153		4.78557e+06	1.43798e+07	7.29616e+06	1.4843e+07	7.31126e+06	6.59195e+06	9.49615e+06	7.92987e+06
P49792	P49792		RANBP2		3.79819e+07	4.446e+07	4.31675e+07	4.299e+07	5.98982e+07	2.66757e+07	6.406e+07	3.15563e+07
P49795	P49795		RGS19		8.7393e+06	5.92105e+06	9.41388e+06	6.23102e+06	9.37629e+06	1.05989e+07	1.03988e+07	9.18484e+06
P49810	P49810		PSEN2		522661	435234	566821	632847	539750	622052	407674	661804
P49815	P49815		TSC2		491991	945189	697762	886958	537263	758180	642966	703105
P49821	P49821		NDUFV1		1.13912e+08	9.23573e+07	1.09095e+08	1.02612e+08	9.65351e+07	1.30331e+08	9.73062e+07	1.07039e+08
P49840	P49840		GSK3A		3.5064e+06	3.96385e+06	3.75255e+06	3.89441e+06	4.20388e+06	4.11987e+06	3.88883e+06	3.84063e+06
P49841	P49841		GSK3B		1.2949e+07	1.06857e+07	1.28821e+07	1.19219e+07	1.36451e+07	1.23585e+07	1.24289e+07	1.13126e+07
P49848	P49848		TAF6		3.33906e+06	5.91485e+06	4.40441e+06	7.59274e+06	3.65669e+06	4.46574e+06	4.9511e+06	4.89865e+06
P49862	P49862		KLK7		3.79854e+06	1.30952e+07		2.85519e+06	2.91947e+06		3.92605e+06	7.86746e+06
P49902	P49902		NT5C2		5.61145e+06	7.69847e+06	6.26488e+06	6.16107e+06	5.49079e+06	7.6264e+06	6.11948e+06	7.59318e+06
P49903	P49903		SEPHS1		6.63347e+06	1.50654e+07	9.88451e+06	1.59448e+07	9.86898e+06	1.03267e+07	1.08096e+07	8.36243e+06
P49914	P49914		MTHFS		6.20558e+06	5.21303e+06	5.20574e+06	3.19958e+06	7.71457e+06	4.95651e+06	6.41361e+06	5.45233e+06
P49915	P49915		GMPS		2.06136e+07	4.9629e+07	4.57573e+07	6.51125e+07	2.48654e+07	5.03334e+07	3.73443e+07	4.62762e+07
P49916	P49916		LIG3		3.77045e+06	9.73351e+06	5.41642e+06	9.14455e+06	4.62728e+06	5.14604e+06	6.0754e+06	5.69871e+06
P49917	P49917		LIG4		1.19907e+06	3.07303e+06	2.59057e+06	4.03017e+06	1.20931e+06	2.55841e+06	1.77477e+06	2.30522e+06
P49959	P49959		MRE11		7.08289e+06	2.17601e+07	1.01024e+07	1.74941e+07	1.43084e+07	9.2574e+06	1.57929e+07	1.15094e+07
P50148	P50148		GNAQ		4.06594e+07	3.85754e+07	4.1646e+07	3.76333e+07	4.09184e+07	3.99729e+07	4.32625e+07	4.12478e+07
P50150	P50150		GNG4		2.22237e+06	1.1471e+06	1.73225e+06	1.33316e+06	1.61399e+06	2.20447e+06	1.17463e+06	1.16923e+06
P50213	P50213		IDH3A		1.38975e+08	6.84436e+07	1.12733e+08	4.58544e+07	1.23203e+08	6.93588e+07	1.04508e+08	6.16637e+07
P50238	P50238		CRIP1		2.69529e+06	818335	1.83096e+06	1.75435e+06	1.61479e+06	1.83125e+06	1.60682e+06	1.80145e+06
P50281	P50281		MMP14		1.07941e+08	4.38935e+07	6.57345e+07	7.69496e+07	9.26829e+07	6.13091e+07	5.13016e+07	3.79023e+07
P50336	P50336		PPOX		3.03209e+07	1.45253e+07	1.88591e+07	9.96427e+06	2.81794e+07	1.53377e+07	1.86268e+07	1.54748e+07
P50395	P50395		GDI2		6.80244e+07	7.99982e+07	7.64014e+07	8.38554e+07	5.97161e+07	9.16874e+07	7.59199e+07	8.76492e+07
P50402	P50402		EMD		5.88532e+07	8.50388e+07	7.20096e+07	8.7717e+07	8.83241e+07	1.01342e+08	1.02142e+08	1.37216e+08
P50416	P50416		CPT1A		7.83197e+07	6.76925e+07	5.76437e+07	5.0706e+07	8.09363e+07	7.49739e+07	5.04785e+07	6.61627e+07
P50440	P50440		GATM		3.3763e+07	1.46968e+07	3.30323e+07	1.86726e+07	3.33026e+07	3.75516e+07	3.14219e+07	3.21e+07
P50443	P50443		SLC26A2		2.62181e+07	3.61734e+07	2.68162e+07	2.70992e+07	2.87279e+07	3.29267e+07	3.34378e+07	4.15918e+07
P50452	P50452		SERPINB8		5.52536e+06	7.71268e+06	4.82651e+06	4.55347e+06	5.52357e+06	5.38718e+06	4.54131e+06	4.92452e+06
P50454	P50454		SERPINH1		3.20355e+08	1.80554e+08	2.33365e+08	2.19134e+08	3.7439e+08	3.06923e+08	2.50301e+08	2.54123e+08
P50479	P50479		PDLIM4		2.45895e+07	1.62746e+07	1.81442e+07	1.8425e+07	2.41886e+07	1.30205e+07	2.03241e+07	1.61342e+07
P50502	P50502		ST13		1.47693e+07	1.90417e+07	1.61724e+07	1.29815e+07	1.49357e+07	1.38541e+07	1.76603e+07	1.63337e+07
P50542	P50542		PEX5		2.14412e+07	1.97785e+07	2.1747e+07	2.14616e+07	1.77983e+07	2.4012e+07	2.1293e+07	2.25093e+07
P50548	P50548		ERF		1.1461e+07	8.21988e+06	1.43341e+07	7.3433e+06	1.05305e+07	8.57604e+06	1.12001e+07	9.34987e+06
P50552	P50552		VASP		3.12105e+07	3.80081e+07	4.36065e+07	5.33544e+07	2.40375e+07	5.25457e+07	3.82167e+07	4.59948e+07
P50570	P50570		DNM2		5.51741e+07	7.66283e+07	6.53751e+07	6.86399e+07	6.25374e+07	6.28169e+07	6.36096e+07	8.30807e+07
P50579	P50579		METAP2		7.11765e+06	7.69518e+06	9.25135e+06	9.41094e+06	6.42288e+06	7.76103e+06	7.43738e+06	5.99034e+06
P50583	P50583		NUDT2		1.47941e+06	2.20983e+06	1.77944e+06	1.04752e+06	4.09596e+06	1.14003e+06	2.97896e+06	1.9273e+06
P50613	P50613		CDK7		4.49206e+06	1.01764e+07	7.10812e+06	1.24184e+07	5.76404e+06	7.48669e+06	7.24349e+06	6.8646e+06
P50747	P50747		HLCS		2.83438e+06	3.4452e+06	2.91964e+06	2.59268e+06	3.23626e+06	2.35409e+06	3.37327e+06	2.77188e+06
P50748	P50748		KNTC1		2.82348e+06	2.72989e+06	3.34156e+06	3.60413e+06	2.82363e+06	3.20478e+06	2.69714e+06	2.98971e+06
P50749	P50749		RASSF2		510794	554100	658291	692778	682613		639987	
P50750	P50750		CDK9		2.60723e+07	5.57235e+07	4.31978e+07	6.25877e+07	3.11158e+07	4.06556e+07	4.78924e+07	3.5188e+07
P50851	P50851		LRBA		6.53073e+06	1.99002e+07	1.43462e+07	2.09099e+07	7.30651e+06	9.91376e+06	1.19938e+07	9.83232e+06
P50895	P50895		BCAM		1.68814e+07	1.46105e+07	1.66837e+07	9.02801e+06	1.67947e+07	1.20886e+07	1.49442e+07	1.32987e+07
P50897	P50897		PPT1		1.05438e+08	9.29947e+07	9.16325e+07	5.96221e+07	1.40026e+08	1.01765e+08	1.04556e+08	9.33233e+07
P50914	P50914		RPL14		2.31572e+08	1.93388e+08	2.72955e+08	2.21242e+08	2.47911e+08	2.38269e+08	2.50722e+08	2.32663e+08
P50990	P50990		CCT8		4.93291e+07	8.64026e+07	8.23817e+07	1.00358e+08	5.19447e+07	8.21484e+07	7.96311e+07	7.0176e+07
P50991	P50991		CCT4		4.54129e+07	7.49108e+07	7.07374e+07	8.55506e+07	4.43557e+07	7.34667e+07	6.94854e+07	6.44333e+07
P50993	P50993		ATP1A2		2.46943e+07	2.17197e+07	2.32841e+07	2.21275e+07	2.12695e+07	2.47989e+07	2.24638e+07	2.62614e+07
P50995	P50995		ANXA11		3.20911e+07	5.59222e+07	5.40288e+07	6.89837e+07	3.10958e+07	6.92686e+07	4.84414e+07	7.73436e+07
P51003	P51003		PAPOLA		1.75997e+07	5.22248e+07	4.17461e+07	6.65306e+07	1.98585e+07	3.93127e+07	3.38918e+07	3.46313e+07
P51114	P51114		FXR1		1.94792e+07	1.7934e+07	2.31722e+07	2.30811e+07	2.1446e+07	1.09911e+07	2.26844e+07	1.07287e+07
P51116	P51116		FXR2		7.61147e+06	9.22265e+06	8.00272e+06	7.82902e+06	8.75075e+06	3.58332e+06	9.08062e+06	4.16877e+06
P51148	P51148		RAB5C		1.72973e+08	1.63762e+08	1.89614e+08	1.9635e+08	1.69361e+08	2.82093e+08	1.87177e+08	2.49415e+08
P51149	P51149		RAB7A		3.5801e+08	2.9725e+08	3.91431e+08	4.2259e+08	3.88431e+08	6.97831e+08	4.16255e+08	5.87141e+08
P51151	P51151		RAB9A		9.47844e+07	9.85781e+07	1.02282e+08	9.49599e+07	1.0734e+08	1.27512e+08	1.08446e+08	1.34862e+08
P51153	P51153		RAB13		1.98793e+08	1.07373e+08	2.01806e+08	2.0323e+08	1.53787e+08	3.22495e+08	1.41636e+08	2.22218e+08
P51157	P51157		RAB28		407967	1.1518e+06	1.01973e+06	1.26069e+06	517433	747220	919682	628814
P51159	P51159		RAB27A		3.60704e+07	2.75079e+07	2.81072e+07	2.45119e+07	2.96104e+07	3.89884e+07	2.3048e+07	2.48324e+07
P51178	P51178		PLCD1		4.28813e+06	3.68779e+06	3.84834e+06	2.38505e+06	3.74261e+06	2.30731e+06	4.30927e+06	2.78631e+06
P51398	P51398		DAP3		6.42567e+07	2.78006e+07	5.10501e+07	1.96518e+07	6.74803e+07	3.90751e+07	5.40589e+07	4.59997e+07
P51452	P51452		DUSP3		4.29814e+06	7.65192e+06	5.9359e+06	8.60284e+06	5.48514e+06	6.1695e+06	6.81881e+06	7.59612e+06
P51513	P51513		NOVA1		864922	1.3885e+06	1.07985e+06	1.13651e+06	946391	568542	1.25822e+06	891678
P51531	P51531		SMARCA2		461359	890307	614562	928726	645884	622092	814728	535027
P51532	P51532		SMARCA4		1.85499e+06	7.37628e+06	3.63593e+06	9.20882e+06	3.89088e+06	3.46085e+06	5.12325e+06	3.0164e+06
P51553	P51553		IDH3G		6.09192e+07	3.5873e+07	4.51365e+07	2.24324e+07	5.84468e+07	3.63296e+07	4.44869e+07	3.48476e+07
P51570	P51570		GALK1		7.98683e+06	7.96363e+06	8.33467e+06	6.35825e+06	8.83214e+06	6.42965e+06	8.62898e+06	7.96336e+06
P51571	P51571		SSR4		1.76407e+08	1.40004e+08	1.775e+08	1.91758e+08	1.56864e+08	2.7545e+08	1.49914e+08	2.27934e+08
P51572	P51572		BCAP31		1.44846e+08	1.48026e+08	1.53946e+08	1.53819e+08	1.61446e+08	2.02759e+08	1.58089e+08	1.89546e+08
P51580	P51580		TPMT		8.40784e+06	1.05582e+07	1.04607e+07	1.02589e+07	7.16519e+06	1.06472e+07	1.0532e+07	8.82659e+06
P51589	P51589		CYP2J2		5.25054e+06	6.62837e+06	7.68762e+06	7.49012e+06	5.9221e+06	8.85111e+06	8.31802e+06	8.02601e+06
P51608	P51608		MECP2		2.86727e+07	2.82427e+07	2.58139e+07	2.51631e+07	3.01098e+07	1.95002e+07	3.0304e+07	2.08314e+07
P51610	P51610		HCFC1		4.2373e+06	1.3582e+07	7.50176e+06	1.66459e+07	7.05065e+06	7.60658e+06	9.39869e+06	6.84385e+06
P51617	P51617		IRAK1		6.13964e+06	9.60864e+06	8.50979e+06	9.88207e+06	4.39291e+06	7.00807e+06	9.57511e+06	8.11467e+06
P51636	P51636		CAV2		1.27161e+07	2.00468e+07	1.57168e+07	1.29641e+07	1.45429e+07	1.66334e+07	1.64751e+07	2.12442e+07
P51648	P51648		ALDH3A2		3.58099e+07	3.91444e+07	3.97521e+07	4.89121e+07	3.33199e+07	5.90211e+07	4.54291e+07	6.02615e+07
P51649	P51649		ALDH5A1		3.00248e+07	1.81655e+07	2.12891e+07	1.37218e+07	3.65208e+07	2.17158e+07	2.68039e+07	2.47588e+07
P51659	P51659		HSD17B4		8.0283e+07	8.1245e+07	7.73756e+07	5.80905e+07	1.0313e+08	1.19577e+08	9.38902e+07	1.10389e+08
P51665	P51665		PSMD7		1.15463e+07	2.32106e+07	1.81029e+07	2.41966e+07	1.3437e+07	1.45341e+07	1.7155e+07	1.29252e+07
P51668	P51668		UBE2D1		1.93258e+07	2.85644e+07	2.90853e+07	4.77405e+07	1.43257e+07	2.35918e+07	2.02031e+07	2.2746e+07
P51674	P51674		GPM6A		116696	103955	138969	98826.6	100850	113739	102640	94566.5
P51687	P51687		SUOX		6.6456e+06	4.60434e+06	5.33493e+06	2.72558e+06	7.09947e+06	2.49846e+06	7.18381e+06	2.65081e+06
P51688	P51688		SGSH		5.48658e+06	3.72486e+06	5.37206e+06	3.04415e+06	5.38226e+06	4.6899e+06	6.40505e+06	4.2063e+06
P51692	P51692		STAT5B		6.58645e+06	1.69012e+07	1.34479e+07	1.96709e+07	7.61364e+06	1.10605e+07	1.19752e+07	1.05194e+07
P51784	P51784		USP11		444109	888148	663537	1.18272e+06	514244	768685	587328	782433
P51788	P51788		CLCN2		1.26959e+06	1.35645e+06	1.3827e+06	1.43031e+06	1.41358e+06	1.43711e+06	1.53296e+06	1.62129e+06
P51790	P51790		CLCN3		3.16006e+06	2.94653e+06	3.37374e+06	3.61761e+06	2.53045e+06	3.6435e+06	3.30937e+06	3.88315e+06
P51795	P51795		CLCN5		808391	896348	1.03911e+06	900497	763546	1.06621e+06	852902	1.1462e+06
P51797	P51797		CLCN6		1.2003e+07	1.76534e+07	1.66591e+07	1.87988e+07	8.46326e+06	1.44548e+07	1.48963e+07	1.36492e+07
P51798	P51798		CLCN7		1.45469e+07	1.35076e+07	1.38457e+07	1.17735e+07	1.58597e+07	1.95177e+07	1.16245e+07	1.71707e+07
P51805	P51805		PLXNA3		943498	694516	707063	804354	1.0808e+06	1.03424e+06	790978	1.35726e+06
P51808	P51808		DYNLT3		4.95749e+06	5.65891e+06	5.22333e+06	6.57428e+06	7.10582e+06	2.48222e+06	7.23616e+06	2.20205e+06
P51809	P51809		VAMP7		1.62678e+07	1.71968e+07	2.02779e+07	1.78295e+07	1.52493e+07	2.10226e+07	2.12206e+07	1.78747e+07
P51812	P51812		RPS6KA3		3.17883e+06	4.42209e+06	4.46441e+06	4.87866e+06	2.78568e+06	3.16181e+06	3.63264e+06	2.87012e+06
P51816	P51816		AFF2		6.97668e+06	3.49399e+06	6.70873e+06	3.43831e+06	1.105e+07	5.40758e+06	7.85357e+06	5.13381e+06
P51828	P51828		ADCY7		5.70419e+06	5.15304e+06	6.3816e+06	6.3212e+06	4.95255e+06	6.00314e+06	5.15074e+06	4.96858e+06
P51858	P51858		HDGF		7.79683e+06	1.94233e+07	1.29167e+07	1.58865e+07	7.06695e+06	1.02814e+07	1.30135e+07	7.78424e+06
P51946	P51946		CCNH		3.90925e+06	9.57424e+06	6.66003e+06	1.03495e+07	5.9865e+06	7.20752e+06	6.47942e+06	6.90894e+06
P51948	P51948		MNAT1		1.48985e+06	3.28546e+06	2.11234e+06	3.75744e+06	1.75327e+06	2.24582e+06	2.37247e+06	1.82989e+06
P51956	P51956		NEK3		385630	276402	485328	528615	276532	517304	333177	327527
P51965	P51965		UBE2E1		1.68151e+07	3.71666e+07	3.66774e+07	5.22009e+07	2.36934e+07	3.60542e+07	2.7358e+07	3.38158e+07
P51970	P51970		NDUFA8		7.60917e+07	7.71251e+07	8.3996e+07	8.58119e+07	7.17429e+07	1.02761e+08	7.61897e+07	1.02535e+08
P51991	P51991		HNRNPA3		1.26851e+07	2.98354e+07	2.393e+07	3.40835e+07	2.32924e+07	1.22554e+07	3.74441e+07	1.14169e+07
P52209	P52209		PGD		3.51279e+07	3.45104e+07	4.10201e+07	4.21584e+07	3.31204e+07	3.03374e+07	4.36344e+07	2.61331e+07
P52272	P52272		HNRNPM		2.0123e+07	1.21805e+08	5.87932e+07	1.64565e+08	2.9121e+07	6.18746e+07	7.1365e+07	7.09178e+07
P52292	P52292		KPNA2		2.09108e+07	2.78672e+07	2.82444e+07	4.14144e+07	2.4146e+07	5.07898e+07	2.62441e+07	4.0286e+07
P52294	P52294		KPNA1		4.27641e+07	6.95681e+07	6.66744e+07	8.51995e+07	4.71387e+07	6.70001e+07	5.98413e+07	5.53234e+07
P52298	P52298		NCBP2		2.42322e+06	4.33432e+06	3.19272e+06	3.62856e+06	3.25694e+06	2.26374e+06	3.4556e+06	2.37129e+06
P52306	P52306		RAP1GDS1		3.65259e+06	4.28641e+06	4.58945e+06	4.88353e+06	3.53693e+06	3.72572e+06	5.41763e+06	4.08083e+06
P52429	P52429		DGKE		9.74203e+06	8.31882e+06	1.06976e+07	9.14426e+06	8.65507e+06	1.31351e+07	8.86412e+06	1.18062e+07
P52434	P52434		POLR2H		4.09107e+06	6.68759e+06	5.37122e+06	7.18333e+06	5.34615e+06	4.77729e+06	6.38373e+06	4.91961e+06
P52435	P52435		POLR2J			1.25152e+06	1.18336e+06	1.30152e+06		1.30392e+06	1.41305e+06	1.55413e+06
P52565	P52565		ARHGDIA		5.01709e+07	5.74536e+07	5.44919e+07	4.08312e+07	4.25145e+07	4.66974e+07	5.39127e+07	4.91565e+07
P52566	P52566		ARHGDIB		7.5197e+06	1.07427e+07	9.41755e+06	1.26513e+07	4.61214e+06	9.22223e+06	9.91325e+06	7.74191e+06
P52569	P52569		SLC7A2		3.72579e+06	4.83826e+06	4.61993e+06	2.91953e+06	4.63776e+06	8.15339e+06	4.16078e+06	9.47326e+06
P52594	P52594		AGFG1		1.95024e+07	1.58592e+07	1.54261e+07	1.43332e+07	2.04633e+07	1.10125e+07	1.70907e+07	1.12318e+07
P52597	P52597		HNRNPF		1.45773e+07	1.9969e+07	1.9936e+07	2.13656e+07	1.44684e+07	1.42828e+07	1.84782e+07	1.58774e+07
P52630	P52630		STAT2		692308	1.17168e+06	842408	1.01671e+06	952514	745531	930398	971711
P52701	P52701		MSH6		9.35079e+06	3.06043e+07	1.81612e+07	3.08714e+07	1.6102e+07	2.06714e+07	2.17793e+07	1.68675e+07
P52732	P52732		KIF11		8.59296e+06	1.02416e+07	1.3636e+07	1.93733e+07	1.05886e+07	1.4562e+07	1.03573e+07	9.13337e+06
P52735	P52735		VAV2		1.69308e+06	1.91103e+06	1.80856e+06	1.94609e+06	1.94171e+06	1.543e+06	1.97162e+06	1.97747e+06
P52742	P52742		ZNF135		255197			282106		370015		
P52747	P52747		ZNF143			193063	106497	152752	86201.3	58483.1	97400.4	81233.9
P52758	P52758		RIDA		2.72392e+07	2.5172e+07	2.40079e+07	1.93828e+07	3.21544e+07	2.71809e+07	3.49649e+07	3.74692e+07
P52788	P52788		SMS		4.98512e+06	4.54226e+06	5.70712e+06	4.0378e+06	4.87386e+06	3.62123e+06	6.85491e+06	4.20301e+06
P52789	P52789		HK2		3.55851e+07	2.82165e+07	4.27503e+07	4.10468e+07	2.20765e+07	3.01304e+07	2.83016e+07	2.50951e+07
P52799	P52799		EFNB2		6.2866e+06	3.88628e+06	5.84616e+06	3.35579e+06	9.09175e+06	5.24607e+06	5.4907e+06	4.77123e+06
P52803	P52803		EFNA5		7.04362e+06	8.36906e+06	6.27249e+06	4.91027e+06	5.62821e+06	7.69595e+06	8.12254e+06	9.70425e+06
P52815	P52815		MRPL12		6.78666e+07	5.61021e+07	6.52665e+07	4.29055e+07	9.11375e+07	6.81196e+07	1.00044e+08	9.14923e+07
P52823	P52823		STC1		2.34038e+06	1.22232e+06	1.60502e+06	1.8571e+06	2.91231e+06	1.12294e+06	1.95472e+06	1.27227e+06
P52848	P52848		NDST1		1.85843e+06	2.17544e+06	1.64845e+06	1.59426e+06	1.98881e+06	2.31867e+06	1.93605e+06	2.57803e+06
P52849	P52849		NDST2		1.22162e+06	1.32131e+06	1.86274e+06	1.73557e+06	1.58497e+06	2.0359e+06	1.4258e+06	1.49889e+06
P52888	P52888		THOP1		9.62174e+06	1.24311e+07	1.02443e+07	9.00378e+06	9.31759e+06	1.05383e+07	1.2143e+07	1.24663e+07
P52907	P52907		CAPZA1		1.07433e+08	1.09714e+08	1.10298e+08	1.05916e+08	1.00462e+08	1.04028e+08	1.12433e+08	9.27515e+07
P52926	P52926		HMGA2		4.83408e+06	1.19645e+07	6.17584e+06	1.73368e+07	1.01497e+07	4.2651e+06	8.9594e+06	2.87186e+06
P52943	P52943		CRIP2		1.90488e+07	1.31411e+07	1.1133e+07	9.92347e+06	2.21989e+07	8.82431e+06	1.37752e+07	1.20422e+07
P52948	P52948		NUP98		7.89872e+07	1.25707e+08	9.34776e+07	9.48965e+07	1.52005e+08	7.14921e+07	1.66277e+08	1.09356e+08
P53004	P53004		BLVRA		1.82701e+07	1.80938e+07	1.98285e+07	1.8136e+07	1.53502e+07	1.56988e+07	1.95495e+07	1.45451e+07
P53007	P53007		SLC25A1		1.52034e+08	1.35119e+08	1.24136e+08	1.22076e+08	1.63521e+08	1.48334e+08	1.36267e+08	1.53727e+08
P53041	P53041		PPP5C		7.12208e+06	6.78602e+06	8.25915e+06	6.68207e+06	6.92628e+06	5.95668e+06	8.82948e+06	6.18461e+06
P53350	P53350		PLK1		6.3843e+06	6.29037e+06	7.31426e+06	7.82281e+06	8.87384e+06	1.27057e+07	8.17042e+06	1.02221e+07
P53355	P53355		DAPK1		1.23698e+06	1.35654e+06	1.41175e+06	1.37245e+06	1.14145e+06	1.91578e+06	1.43919e+06	1.5173e+06
P53365	P53365		ARFIP2		1.85057e+07	2.0857e+07	2.06445e+07	2.16514e+07	1.83585e+07	2.15189e+07	2.26874e+07	1.92866e+07
P53367	P53367		ARFIP1		1.47575e+07	1.78791e+07	1.69131e+07	1.99785e+07	1.39584e+07	1.84883e+07	1.7095e+07	2.03821e+07
P53370	P53370		NUDT6		1.10417e+07	1.01332e+07	8.52443e+06	4.53738e+06	1.3741e+07	5.54818e+06	1.47854e+07	9.00932e+06
P53384	P53384		NUBP1		2.9756e+06	4.66936e+06	3.69841e+06	5.01011e+06	3.01649e+06	3.68623e+06	3.83383e+06	3.6869e+06
P53396	P53396		ACLY		4.43565e+07	6.81619e+07	5.70242e+07	7.09144e+07	4.88696e+07	4.86339e+07	6.0573e+07	5.33833e+07
P53582	P53582		METAP1		6.87797e+06	7.72656e+06	7.55843e+06	7.80835e+06	8.14612e+06	5.11888e+06	9.91632e+06	6.86766e+06
P53597	P53597		SUCLG1		1.48448e+08	9.2736e+07	1.23904e+08	5.29866e+07	1.805e+08	7.49104e+07	1.6962e+08	1.17551e+08
P53602	P53602		MVD		7.97655e+06	5.94393e+06	6.96673e+06	5.53353e+06	5.26423e+06	5.8841e+06	6.6052e+06	5.44212e+06
P53609	P53609		PGGT1B		2.32058e+06	2.62742e+06	2.74011e+06	2.7021e+06	3.27784e+06	3.16049e+06	3.45453e+06	3.36345e+06
P53611	P53611		RABGGTB		5.22176e+06	3.86309e+06	4.46908e+06	3.90632e+06	4.18318e+06	5.95206e+06	4.51086e+06	4.84504e+06
P53618	P53618		COPB1		1.54988e+07	3.78552e+07	3.50995e+07	5.65034e+07	2.06845e+07	3.24584e+07	3.07722e+07	2.86093e+07
P53621	P53621		COPA		2.6113e+07	6.41557e+07	6.00406e+07	9.60216e+07	2.63672e+07	5.09016e+07	4.80803e+07	4.55768e+07
P53634	P53634		CTSC		2.29023e+07	1.6585e+07	1.6573e+07	5.97557e+06	3.96344e+07	1.25586e+07	3.24796e+07	1.69412e+07
P53667	P53667		LIMK1		349006	1.23777e+06		510458				
P53675	P53675		CLTCL1		8.5352e+06	1.06253e+07	8.49417e+06	6.46024e+06	7.02497e+06	8.24686e+06	9.11503e+06	8.00724e+06
P53677	P53677		AP3M2		797042	1.91336e+06	1.13874e+06	1.80985e+06	1.13365e+06	1.15023e+06	1.40313e+06	1.14116e+06
P53680	P53680		AP2S1		7.75536e+07	9.30059e+07	5.99513e+07	7.57619e+07	7.60824e+07	5.93576e+07	6.09501e+07	5.31154e+07
P53701	P53701		HCCS		1.01196e+08	1.12153e+08	1.01501e+08	9.27164e+07	9.89296e+07	1.48982e+08	9.95653e+07	1.45402e+08
P53801	P53801		PTTG1IP		1.532e+07	1.23726e+07	2.11951e+07	1.60517e+07	1.28029e+07	3.66926e+07	1.68775e+07	3.47565e+07
P53803	P53803		POLR2K		484309	843770	756021	1.03864e+06	640409	675787	868021	717621
P53804	P53804		TTC3		775969	879503	776334	885289	822923	873872	879154	831762
P53814	P53814		SMTN		1.31928e+06	1.49421e+06	2.32224e+06	2.72103e+06	1.71794e+06	1.76637e+06	1.67393e+06	1.05285e+06
P53816	P53816		PLAAT3		1.76695e+06	1.5369e+06	2.04427e+06	1.86697e+06	1.05027e+06	2.20335e+06	1.58518e+06	2.22346e+06
P53985	P53985		SLC16A1		4.90762e+07	4.57391e+07	5.33044e+07	4.25119e+07	4.75737e+07	6.75308e+07	5.97956e+07	6.37273e+07
P53990	P53990		IST1		1.27487e+07	1.79301e+07	1.54325e+07	1.96737e+07	1.18241e+07	1.52174e+07	1.3912e+07	1.4712e+07
P53992	P53992		SEC24C		3.24629e+07	4.35421e+07	4.46792e+07	4.88051e+07	3.6354e+07	5.23634e+07	3.8128e+07	4.43096e+07
P53999	P53999		SUB1		2.89254e+07	9.5195e+07	5.64083e+07	8.75157e+07	4.68661e+07	4.65292e+07	7.3035e+07	5.26035e+07
P54098	P54098		POLG		2.06269e+07	1.75454e+07	1.85924e+07	1.30106e+07	2.37253e+07	1.57061e+07	2.09082e+07	1.72641e+07
P54105	P54105		CLNS1A		6.7953e+06	8.30367e+06	8.21386e+06	7.59586e+06	6.80075e+06	8.7868e+06	1.01892e+07	8.7727e+06
P54136	P54136		RARS1		6.64347e+07	6.40283e+07	5.91124e+07	5.54978e+07	7.17161e+07	4.48796e+07	7.11832e+07	5.3903e+07
P54198	P54198		HIRA			413398		320970	452207	182420	382135	364840
P54252	P54252		ATXN3		3.64552e+06	6.15353e+06	5.26889e+06	6.01174e+06	3.13162e+06	4.64402e+06	5.25024e+06	4.24895e+06
P54277	P54277		PMS1		237062	1.48692e+06	602364	1.43824e+06	593627	501279	784865	489624
P54278	P54278		PMS2		2.96026e+06	4.39318e+06	3.38126e+06	5.60651e+06	2.76517e+06	3.17806e+06	3.73179e+06	2.8832e+06
P54284	P54284		CACNB3		844446	418433	616595	582885	572439	441045	504735	386837
P54289	P54289		CACNA2D1		2.51856e+07	2.81749e+07	2.29886e+07	2.16798e+07	2.63048e+07	2.19569e+07	2.28737e+07	2.1307e+07
P54577	P54577		YARS1		2.0248e+07	3.67761e+07	2.83672e+07	2.75576e+07	1.78223e+07	1.84614e+07	3.15529e+07	2.15586e+07
P54578	P54578		USP14		1.61542e+07	3.9158e+07	2.93032e+07	4.56262e+07	1.95277e+07	2.5219e+07	3.02595e+07	2.55195e+07
P54619	P54619		PRKAG1		6.44162e+06	1.10821e+07	9.55546e+06	1.23753e+07	7.74787e+06	7.81698e+06	9.66835e+06	8.80052e+06
P54646	P54646		PRKAA2		3.4373e+06	3.49954e+06	3.63537e+06	3.61385e+06	3.03702e+06	3.07565e+06	3.82356e+06	3.46649e+06
P54652	P54652		HSPA2		2.00517e+06	1.74754e+06	2.2672e+06	2.81798e+06	1.25946e+06	2.88172e+06	1.83883e+06	1.98076e+06
P54687	P54687		BCAT1		9.70785e+06	8.7761e+06	1.09804e+07	7.28679e+06	9.84888e+06	7.38046e+06	1.23894e+07	7.46684e+06
P54707	P54707		ATP12A		2.84856e+06	2.42294e+06	2.24465e+06	2.40108e+06	2.49168e+06	2.46631e+06	2.50555e+06	3.07295e+06
P54709	P54709		ATP1B3		3.87505e+08	3.38583e+08	3.75705e+08	3.54668e+08	3.49903e+08	4.75196e+08	3.73985e+08	4.61501e+08
P54725	P54725		RAD23A		4.01743e+06	7.57989e+06	4.41388e+06	4.42468e+06	4.38096e+06	3.91396e+06	6.17568e+06	5.32391e+06
P54727	P54727		RAD23B		7.65422e+06	1.31385e+07	9.17793e+06	9.48568e+06	7.59825e+06	8.6488e+06	1.12456e+07	8.84098e+06
P54753	P54753		EPHB3		2.74219e+06	1.28364e+06	1.70831e+06	722398	1.99858e+06	2.77605e+06	2.07713e+06	3.9681e+06
P54760	P54760		EPHB4		7.01947e+06	4.25934e+06	5.85569e+06	4.38111e+06	5.94829e+06	7.93211e+06	5.09017e+06	6.5256e+06
P54762	P54762		EPHB1		7.96518e+06	4.5693e+06	7.379e+06	4.98145e+06	6.47133e+06	7.80704e+06	5.60856e+06	5.67432e+06
P54764	P54764		EPHA4		4.95249e+06	3.45809e+06	3.61721e+06	4.1366e+06	3.44905e+06	3.48029e+06	3.88196e+06	3.53221e+06
P54792	P54792		DVL1P1		880139							
P54793	P54793		ARSF			1.58895e+06						
P54802	P54802		NAGLU		7.77826e+06	5.01748e+06	7.56018e+06	3.36546e+06	1.11706e+07	4.92369e+06	1.26053e+07	6.80253e+06
P54803	P54803		GALC		1.50826e+06		1.6112e+06	767011		834501		
P54819	P54819		AK2		2.40661e+08	1.73628e+08	1.82859e+08	8.92745e+07	3.0383e+08	1.03591e+08	2.93742e+08	1.36869e+08
P54821	P54821		PRRX1		2.70008e+06	7.03347e+06	3.56701e+06	7.47237e+06	3.73911e+06	4.55079e+06	5.39672e+06	3.90614e+06
P54826	P54826		GAS1		238770	120061	126665	93309.4	115038	192745	146364	143961
P54852	P54852		EMP3		3.23385e+07	2.85871e+07	3.38235e+07	3.50783e+07	2.41235e+07	4.64464e+07	3.36314e+07	4.68539e+07
P54886	P54886		ALDH18A1		1.8647e+08	8.74789e+07	1.50864e+08	6.9075e+07	2.11389e+08	1.07709e+08	1.64514e+08	1.10884e+08
P54920	P54920		NAPA		3.42989e+07	4.18256e+07	3.8319e+07	4.06778e+07	3.44484e+07	5.80183e+07	4.42043e+07	6.19883e+07
P55010	P55010		EIF5		1.74676e+07	2.77114e+07	2.20729e+07	2.76114e+07	1.69817e+07	3.05251e+07	2.29323e+07	3.01444e+07
P55011	P55011		SLC12A2		1.48018e+07	1.45805e+07	1.33526e+07	1.1943e+07	1.79579e+07	2.05454e+07	1.44958e+07	2.18054e+07
P55036	P55036		PSMD4		1.23759e+07	1.83674e+07	1.54521e+07	1.60921e+07	1.21563e+07	1.34452e+07	1.58414e+07	1.39994e+07
P55039	P55039		DRG2		9.31327e+06	1.24349e+07	1.24257e+07	1.45062e+07	8.38193e+06	9.99388e+06	1.18176e+07	9.35731e+06
P55060	P55060		CSE1L		2.10279e+07	1.05636e+08	7.97839e+07	1.58188e+08	2.71969e+07	6.43226e+07	5.99073e+07	5.28275e+07
P55061	P55061		TMBIM6		1.95256e+06	2.66481e+06	2.54718e+06	3.20126e+06	3.34796e+06	5.36208e+06	2.64899e+06	4.59333e+06
P55072	P55072		VCP		6.46278e+07	1.01588e+08	7.65593e+07	6.82791e+07	6.22071e+07	8.67559e+07	7.67507e+07	8.40807e+07
P55081	P55081		MFAP1		673921	1.10487e+06	702248	1.11534e+06	789724	343940	1.19788e+06	570565
P55082	P55082		MFAP3		1.00152e+06	1.45369e+06	975805	962589	1.3068e+06	1.79572e+06	1.30612e+06	1.55936e+06
P55084	P55084		HADHB		4.65528e+08	3.85498e+08	3.79252e+08	3.04018e+08	4.14692e+08	3.68776e+08	3.90224e+08	3.79191e+08
P55145	P55145		MANF		1.2493e+08	7.97256e+07	9.93301e+07	1.05382e+08	1.65847e+08	1.13995e+08	9.55299e+07	7.98698e+07
P55196	P55196		AFDN		1.99151e+07	1.33521e+07	2.07094e+07	1.79168e+07	1.41939e+07	1.5283e+07	1.57473e+07	1.19392e+07
P55199	P55199		ELL		275367	773312	299029	476858	269118	331025	331774	392718
P55209	P55209		NAP1L1		3.11649e+07	2.87446e+07	3.67315e+07	3.35161e+07	3.26522e+07	4.07282e+07	3.99856e+07	4.82794e+07
P55210	P55210		CASP7		5.84132e+06	5.6835e+06	6.26947e+06	6.25525e+06	4.47305e+06	6.38365e+06	5.27104e+06	5.31616e+06
P55211	P55211		CASP9		926975	1.62719e+06	1.55523e+06	2.04697e+06	949645	1.5531e+06	1.41862e+06	1.18798e+06
P55212	P55212		CASP6		453790	539603	415081	667187	379936	440174	534253	456022
P55263	P55263		ADK		1.86403e+07	2.60667e+07	2.32229e+07	2.31803e+07	1.7175e+07	2.6363e+07	2.58996e+07	2.43073e+07
P55265	P55265		ADAR		2.59069e+06	3.26062e+06	3.71866e+06	5.33728e+06	2.77521e+06	2.90834e+06	3.56333e+06	2.57128e+06
P55268	P55268		LAMB2		6.91865e+06	2.12762e+06	4.32382e+06	3.09551e+06	4.22841e+06	5.17355e+06	3.78138e+06	4.27507e+06
P55283	P55283		CDH4		1.97248e+06	1.62366e+06		1.66333e+06	1.22689e+06	1.56473e+06	1.51925e+06	2.01352e+06
P55285	P55285		CDH6		4.93132e+06	2.73801e+06	3.91464e+06	2.5726e+06	4.49284e+06	2.97647e+06	3.57363e+06	3.82583e+06
P55287	P55287		CDH11		1.03261e+07	1.18144e+07	1.0729e+07	7.81724e+06	1.19917e+07	1.32877e+07	1.33195e+07	1.69203e+07
P55290	P55290		CDH13		1.75214e+07	1.09272e+07	1.57431e+07	1.33873e+07	2.07532e+07	1.34716e+07	1.3856e+07	1.04739e+07
P55327	P55327		TPD52		2.07866e+07	1.84728e+07	2.16781e+07	1.94196e+07	2.22571e+07	1.71943e+07	2.26441e+07	1.20964e+07
P55735	P55735		SEC13		8.62228e+06	1.10644e+07	9.75079e+06	1.01836e+07	1.15482e+07	8.26417e+06	1.32892e+07	1.04648e+07
P55769	P55769		SNU13		6.0062e+06	1.44098e+07	1.01943e+07	1.58584e+07	9.87045e+06	7.07035e+06	1.11032e+07	6.69536e+06
P55786	P55786		NPEPPS		1.44873e+07	1.6274e+07	1.28347e+07	7.98787e+06	1.36989e+07	9.20975e+06	1.44438e+07	9.17267e+06
P55789	P55789		GFER		1.23975e+07	8.65574e+06	9.72722e+06	4.56326e+06	1.94859e+07	5.99352e+06	1.29075e+07	6.2879e+06
P55795	P55795		HNRNPH2		9.67022e+06	1.84008e+07	1.25619e+07	1.84034e+07	1.08729e+07	8.80756e+06	1.42792e+07	9.65796e+06
P55809	P55809		OXCT1		1.09347e+08	5.88559e+07	8.89844e+07	2.5124e+07	1.36391e+08	3.84584e+07	1.27361e+08	5.31571e+07
P55854	P55854		SUMO3		551220	1.11546e+06	886279	1.05131e+06	502340	698279	935187	474637
P55884	P55884		EIF3B		2.60925e+07	4.12324e+07	3.6405e+07	4.55898e+07	2.55601e+07	3.2203e+07	3.31784e+07	3.13462e+07
P55899	P55899		FCGRT		1.99517e+06	3.30725e+06	2.63533e+06	2.90447e+06	1.71674e+06	2.63667e+06	2.74705e+06	2.76578e+06
P55957	P55957		BID		6.72375e+06	1.32724e+07	1.28561e+07	1.86277e+07	9.53768e+06	9.6667e+06	1.07439e+07	8.11153e+06
P56134	P56134		ATP5MF		5.49636e+08	6.16601e+08	5.78956e+08	6.6113e+08	5.57606e+08	9.10011e+08	6.01384e+08	8.30001e+08
P56159	P56159		GFRA1		674638	177104	464601	270751	549974	458704	444801	326201
P56177	P56177		DLX1			1.11288e+06	1.07922e+06	920847		933517		886450
P56181	P56181		NDUFV3		1.62902e+07	1.32437e+07	1.3656e+07	1.30037e+07	1.6728e+07	9.58433e+06	1.47407e+07	9.07341e+06
P56182	P56182		RRP1		1.19066e+07	9.89976e+06	1.17106e+07	9.71862e+06	6.61644e+06	1.52397e+07	1.1005e+07	1.7227e+07
P56192	P56192		MARS1		1.20571e+08	1.11963e+08	1.05783e+08	9.19817e+07	1.37502e+08	5.9705e+07	1.24354e+08	7.26713e+07
P56199	P56199		ITGA1		2.52974e+07	3.05383e+07	1.84113e+07	2.12403e+07	3.45782e+07	2.64723e+07	2.64042e+07	3.66294e+07
P56270	P56270		MAZ		358203	740285	553864	1.02831e+06	521718	593666	712753	484146
P56277	P56277		CMC4		6.1303e+06	4.41677e+06	3.82756e+06	2.52784e+06	8.26774e+06	3.30689e+06	5.9659e+06	4.5575e+06
P56282	P56282		POLE2		972679	1.44716e+06	1.24025e+06	1.93702e+06	713575	1.78154e+06	1.35249e+06	972894
P56377	P56377		AP1S2		3.0985e+06	2.91406e+06	2.86476e+06	2.85288e+06	2.57201e+06	3.38893e+06	2.55129e+06	3.05997e+06
P56378	P56378		ATP5MJ		8.97776e+07	9.92019e+07	9.21302e+07	9.06181e+07	9.53919e+07	1.42873e+08	9.82879e+07	9.50577e+07
P56381	P56381		ATP5F1E		1.76246e+08	2.05418e+08	1.68247e+08	1.87769e+08	2.57579e+08	2.6971e+08	2.44923e+08	3.93958e+08
P56385	P56385		ATP5ME		2.19965e+08	2.6173e+08	2.24178e+08	2.55485e+08	2.40178e+08	3.63496e+08	2.70863e+08	3.41331e+08
P56524	P56524		HDAC4		2.06686e+06	3.9928e+06	2.21044e+06	2.38255e+06	3.30355e+06	1.71317e+06	2.99669e+06	2.71384e+06
P56537	P56537		EIF6		2.75868e+07	3.94195e+07	3.10999e+07	3.14465e+07	2.58701e+07	3.01759e+07	3.72531e+07	3.01563e+07
P56545	P56545		CTBP2		4.77792e+06	1.23946e+07	8.86117e+06	1.66769e+07	7.33595e+06	1.00567e+07	9.05534e+06	9.61949e+06
P56556	P56556		NDUFA6		2.85182e+07	2.23289e+07	2.74634e+07	2.74093e+07	2.59617e+07	3.45862e+07	2.38019e+07	2.57744e+07
P56559	P56559		ARL4C		6.29648e+06	4.18691e+06	3.27159e+06	2.78881e+06	6.63618e+06	2.71705e+06	4.014e+06	3.8008e+06
P56589	P56589		PEX3		7.34223e+06	9.19348e+06	7.7352e+06	7.73229e+06	8.80144e+06	1.45804e+07	8.52984e+06	1.2436e+07
P56706	P56706		WNT7B		1.12436e+06	732636	1.06436e+06	1.24282e+06	1.28965e+06	1.57935e+06	1.04055e+06	1.25086e+06
P56937	P56937		HSD17B7		2.37409e+07	2.12346e+07	2.06168e+07	2.27501e+07	2.20414e+07	3.03261e+07	2.15767e+07	2.8539e+07
P56945	P56945		BCAR1		5.69372e+06	7.26207e+06	7.73858e+06	9.52453e+06	4.3874e+06	6.68611e+06	6.99676e+06	5.81338e+06
P56962	P56962		STX17		1.87294e+06	1.99419e+06	1.96094e+06	1.78705e+06	2.87592e+06	2.29729e+06	2.77708e+06	3.14162e+06
P57076	P57076		CFAP298		5.67694e+06	8.50724e+06	6.29355e+06	6.79419e+06	7.9979e+06	5.31412e+06	7.33311e+06	5.80933e+06
P57078	P57078		RIPK4		3.79352e+06	2.0391e+06	3.01145e+06	2.67665e+06	3.1781e+06	2.14941e+06	2.392e+06	1.9911e+06
P57087	P57087		JAM2		2.02786e+07	1.57497e+07	2.02857e+07	1.72551e+07	2.13828e+07	2.44648e+07	1.80115e+07	2.20792e+07
P57088	P57088		TMEM33		1.2723e+08	1.3802e+08	1.57077e+08	1.58484e+08	1.14163e+08	2.53955e+08	1.55191e+08	2.33936e+08
P57105	P57105		SYNJ2BP		1.33727e+08	1.13766e+08	1.2156e+08	1.17993e+08	1.11045e+08	1.69604e+08	1.22749e+08	1.66884e+08
P57678	P57678		GEMIN4		2.96711e+07	4.89702e+07	5.00673e+07	6.37997e+07	3.75957e+07	3.986e+07	4.9265e+07	3.77475e+07
P57721	P57721		PCBP3		1.48423e+07	2.0245e+07	2.07656e+07	2.49127e+07	1.63874e+07	1.45266e+07	2.36067e+07	1.20035e+07
P57729	P57729		RAB38		2.82566e+06	4.22837e+06	3.73332e+06	3.95477e+06	3.88079e+06	5.77318e+06	4.08019e+06	4.16793e+06
P57730	P57730		CARD18			962767						
P57735	P57735		RAB25			1.06432e+06						
P57737	P57737		CORO7		1.73556e+07	1.43352e+07	1.89728e+07	2.34364e+07	1.04469e+07	1.5149e+07	1.36085e+07	1.18193e+07
P57740	P57740		NUP107		1.1743e+07	1.85304e+07	1.41688e+07	1.59351e+07	2.19532e+07	1.1247e+07	2.35107e+07	1.40241e+07
P57764	P57764		GSDMD		1.64836e+07	2.59984e+07	2.84879e+07	3.67149e+07	1.97208e+07	2.11478e+07	2.42247e+07	1.86479e+07
P57768	P57768		SNX16		3.42067e+06	2.22357e+06	3.64066e+06	1.43225e+06	4.747e+06	2.88524e+06	4.09752e+06	2.85776e+06
P57772	P57772		EEFSEC		7.33143e+06	7.68726e+06	7.15268e+06	8.22423e+06	7.2299e+06	6.48613e+06	7.0914e+06	6.79011e+06
P57789	P57789		KCNK10		383838	605873	444723	668082	495032	373329	548294	339783
P58004	P58004		SESN2		1.90431e+06	3.55479e+06	2.85891e+06	3.47435e+06	2.07308e+06	2.00201e+06	2.63247e+06	2.13396e+06
P58107	P58107		EPPK1		2.14426e+07	7.4325e+07	3.37799e+07	3.94778e+07	2.70305e+07	1.97903e+07	2.38045e+07	2.9857e+07
P58180	P58180		OR4D2		2.04875e+06	2.27427e+06	2.2544e+06	2.26332e+06	1.84686e+06	2.32409e+06	2.18314e+06	1.71704e+06
P58335	P58335		ANTXR2		1.5926e+07	1.83951e+07	2.01342e+07	1.88022e+07	1.61767e+07	2.12268e+07	2.08261e+07	2.12527e+07
P58397	P58397		ADAMTS12		1.87042e+06	1.30725e+06	1.33933e+06	1.03469e+06	3.2776e+06	1.57724e+06	1.61754e+06	1.6718e+06
P58511	P58511		SMIM11		1.78729e+06	3.37179e+06	2.27564e+06	2.49341e+06	1.5986e+06	3.01718e+06	2.91835e+06	4.85094e+06
P58546	P58546		MTPN		1.69936e+07	1.86068e+07	1.82162e+07	1.46599e+07	1.58402e+07	1.52713e+07	2.24663e+07	1.78186e+07
P58557	P58557		YBEY		5.57293e+06	3.61417e+06	4.08698e+06	2.39462e+06	7.44351e+06	3.17199e+06	5.10897e+06	5.71003e+06
P59190	P59190		RAB15		406846	329690	370574	323732	650018	791967	407359	632778
P59768	P59768		GNG2		8.02988e+06	5.52897e+06	4.45147e+06	3.52668e+06	1.20219e+07	4.23641e+06	5.00793e+06	7.62248e+06
P59780	P59780		AP3S2		5.04145e+06	6.10843e+06	6.20462e+06	5.93294e+06	4.85721e+06	5.43867e+06	4.92071e+06	4.08108e+06
P59998	P59998		ARPC4		5.26766e+07	5.78301e+07	4.76083e+07	6.09118e+07	3.29817e+07	6.25795e+07	4.28835e+07	5.47637e+07
P60002	P60002		ELOF1		2.20604e+07	1.72533e+07	2.11788e+07	2.09302e+07	1.77241e+07	2.85026e+07	1.68016e+07	2.45319e+07
P60033	P60033		CD81		6.854e+07	4.52919e+07	6.03901e+07	4.73441e+07	5.49304e+07	6.7564e+07	5.18672e+07	6.33312e+07
P60059	P60059		SEC61G		3.38845e+07	3.71515e+07	3.53662e+07	4.95906e+07	5.20225e+07	6.69495e+07	4.14225e+07	7.17644e+07
P60174	P60174		TPI1		8.35299e+07	1.05089e+08	7.79989e+07	6.36986e+07	8.2657e+07	6.37809e+07	1.0983e+08	7.94276e+07
P60201	P60201		PLP1		8.12021e+06	9.35002e+06	8.10742e+06	9.60649e+06	9.57754e+06	8.55611e+06	1.03399e+07	1.15016e+07
P60228	P60228		EIF3E		1.58001e+07	3.23314e+07	2.7921e+07	4.23693e+07	1.73902e+07	2.31457e+07	2.33478e+07	2.05906e+07
P60468	P60468		SEC61B		1.80063e+08	2.20419e+08	1.80052e+08	2.12398e+08	2.16936e+08	3.23112e+08	2.08338e+08	2.70788e+08
P60484	P60484		PTEN		2.04456e+06	1.71286e+06	1.39257e+06	1.45953e+06	1.68305e+06	1.85109e+06	1.37927e+06	2.07751e+06
P60510	P60510		PPP4C		1.0674e+07	1.70794e+07	1.41623e+07	1.54168e+07	1.0272e+07	9.98016e+06	1.48976e+07	1.15432e+07
P60520	P60520		GABARAPL2		4.81304e+06	6.73788e+06	7.96198e+06	8.38492e+06	4.34416e+06	7.37309e+06	7.08535e+06	5.79801e+06
P60602	P60602		ROMO1		1.00819e+08	8.99841e+07	8.98175e+07	8.96702e+07	1.33874e+08	1.86947e+08	1.02932e+08	1.82133e+08
P60604	P60604		UBE2G2		1.18324e+07	8.27834e+06	9.91752e+06	1.03336e+07	1.31774e+07	1.84781e+07	8.29069e+06	1.32549e+07
P60660	P60660		MYL6		2.42325e+08	1.92539e+08	2.35111e+08	1.57556e+08	2.58992e+08	2.30377e+08	2.10042e+08	2.61906e+08
P60709	P60709		ACTB		3.77174e+09	2.82719e+09	3.39208e+09	2.54203e+09	2.70273e+09	3.97952e+09	3.3903e+09	4.08229e+09
P60763	P60763		RAC3		3.16072e+07	2.60285e+07	2.32486e+07	2.25865e+07	3.49467e+07	3.00293e+07	3.21758e+07	3.32866e+07
P60842	P60842		EIF4A1		1.19388e+08	2.61437e+08	2.05148e+08	2.82447e+08	1.44267e+08	2.41298e+08	1.92128e+08	2.32706e+08
P60866	P60866		RPS20		7.72337e+07	7.86694e+07	9.02547e+07	7.72638e+07	6.7606e+07	5.29225e+07	8.52443e+07	5.06342e+07
P60880	P60880		SNAP25		3.77178e+06	3.387e+06	5.07411e+06	4.59736e+06	3.66815e+06	5.05577e+06	5.89855e+06	5.56385e+06
P60891	P60891		PRPS1		1.50601e+07	1.71002e+07	1.78456e+07	1.45383e+07	1.86835e+07	1.47217e+07	2.02929e+07	1.61905e+07
P60900	P60900		PSMA6		1.55803e+07	2.45771e+07	1.97821e+07	2.01944e+07	1.59638e+07	1.50792e+07	2.13618e+07	1.41168e+07
P60903	P60903		S100A10		1.09937e+09	5.15724e+08	7.36338e+08	7.20103e+08	5.93885e+08	8.62627e+08	6.17213e+08	7.5814e+08
P60953	P60953		CDC42		3.05131e+08	2.20515e+08	2.90471e+08	2.7152e+08	2.54626e+08	4.16137e+08	2.66873e+08	3.80239e+08
P60981	P60981		DSTN		3.03795e+07	3.81439e+07	3.2618e+07	3.36896e+07	2.23601e+07	3.5071e+07	3.66328e+07	3.96365e+07
P60983	P60983		GMFB		1.31049e+07	1.11706e+07	1.41755e+07	1.41037e+07	1.18136e+07	1.4762e+07	1.39199e+07	1.38087e+07
P60985	P60985		KRTDAP			4.27316e+06						
P61006	P61006		RAB8A		3.7463e+07	3.00273e+07	3.44246e+07	3.47296e+07	3.51261e+07	6.30723e+07	3.49366e+07	6.00478e+07
P61009	P61009		SPCS3		6.51379e+07	6.40117e+07	7.35489e+07	8.25802e+07	6.06452e+07	1.2655e+08	6.59526e+07	1.04606e+08
P61011	P61011		SRP54		1.6827e+07	3.28151e+07	2.94571e+07	4.85727e+07	1.76967e+07	2.27473e+07	2.5618e+07	1.9378e+07
P61018	P61018		RAB4B		6.50872e+06	7.44977e+06	6.72448e+06	6.65372e+06	5.68942e+06	5.50024e+06	6.30918e+06	5.61468e+06
P61019	P61019		RAB2A		1.30234e+08	1.24668e+08	1.46288e+08	1.51419e+08	1.55943e+08	2.1403e+08	1.62453e+08	1.97399e+08
P61020	P61020		RAB5B		2.16458e+07	1.78542e+07	2.33497e+07	2.23957e+07	2.19997e+07	2.43155e+07	2.41942e+07	2.56566e+07
P61024	P61024		CKS1B		3.23649e+06	2.46305e+06	3.57571e+06	3.82191e+06	3.1053e+06	7.91367e+06	2.90931e+06	6.8784e+06
P61026	P61026		RAB10		5.04191e+08	4.33453e+08	5.12305e+08	5.39415e+08	4.38901e+08	6.68407e+08	4.48824e+08	5.39844e+08
P61073	P61073		CXCR4		2.26943e+06	697911	1.61647e+06	1.21784e+06	1.40139e+06	2.35787e+06	1.05849e+06	1.35482e+06
P61077	P61077		UBE2D3		4.0176e+07	6.988e+07	4.97304e+07	8.77888e+07	5.11567e+07	5.68042e+07	5.58067e+07	5.20334e+07
P61081	P61081		UBE2M		2.80245e+07	6.41182e+07	4.80946e+07	6.40221e+07	3.06838e+07	4.22896e+07	4.81611e+07	4.33836e+07
P61086	P61086		UBE2K		8.68222e+06	2.01715e+07	1.58179e+07	2.30322e+07	1.02734e+07	1.21799e+07	1.52026e+07	1.17494e+07
P61088	P61088		UBE2N		3.86776e+07	9.1103e+07	6.34675e+07	9.7945e+07	4.43124e+07	6.11562e+07	6.23341e+07	5.62229e+07
P61106	P61106		RAB14		3.96721e+07	4.44762e+07	4.42266e+07	4.57827e+07	3.76586e+07	6.01784e+07	4.3876e+07	5.51471e+07
P61158	P61158		ACTR3		5.47736e+07	6.02809e+07	5.26033e+07	7.07245e+07	3.97593e+07	6.5664e+07	4.86924e+07	5.54275e+07
P61160	P61160		ACTR2		4.34997e+07	4.7925e+07	4.31605e+07	5.88144e+07	3.06517e+07	5.51128e+07	3.95465e+07	4.38107e+07
P61163	P61163		ACTR1A		3.19608e+07	3.22647e+07	2.8058e+07	2.61406e+07	3.13699e+07	2.14732e+07	2.58309e+07	2.09611e+07
P61165	P61165		TMEM258		9.89709e+06	1.17148e+07	1.04383e+07	1.44881e+07	1.26557e+07	1.89069e+07	1.41306e+07	2.02479e+07
P61201	P61201		COPS2		6.68697e+06	1.38829e+07	1.10039e+07	1.45078e+07	7.63555e+06	9.76784e+06	1.09947e+07	8.4825e+06
P61204	P61204		ARF3			2.41574e+06	351475	449195	337794	1.00503e+06	357567	1.15277e+06
P61221	P61221		ABCE1		2.79493e+07	4.1321e+07	3.51906e+07	3.95729e+07	3.02297e+07	3.11706e+07	3.99692e+07	3.35578e+07
P61224	P61224		RAP1B		6.0848e+07	4.18487e+07	6.47774e+07	5.3384e+07	5.54087e+07	6.54123e+07	5.83401e+07	5.6323e+07
P61225	P61225		RAP2B		8.76083e+07	8.74145e+07	9.55497e+07	8.95385e+07	9.25749e+07	9.20291e+07	1.0156e+08	1.2146e+08
P61244	P61244		MAX		671220	2.19894e+06	1.90087e+06	3.09532e+06	2.28776e+06	6.79486e+06	2.02061e+06	943122
P61247	P61247		RPS3A		6.85612e+07	7.80932e+07	8.8252e+07	7.94593e+07	6.03494e+07	5.30247e+07	8.63188e+07	5.54009e+07
P61254	P61254		RPL26		1.94511e+08	1.71184e+08	2.32138e+08	1.9416e+08	1.8898e+08	2.02751e+08	1.92187e+08	1.76818e+08
P61266	P61266		STX1B		1.15355e+06	1.28282e+06	1.27567e+06	1.30849e+06	1.32217e+06	1.41236e+06	1.3687e+06	1.56305e+06
P61289	P61289		PSME3		8.73899e+06	6.45467e+07	3.66269e+07	8.90342e+07	1.40634e+07	4.72342e+07	2.89937e+07	4.0461e+07
P61313	P61313		RPL15		1.35186e+08	1.23804e+08	1.58841e+08	1.25536e+08	1.22684e+08	1.43351e+08	1.32267e+08	1.24336e+08
P61326	P61326		MAGOH		5.52704e+07	1.34683e+08	9.86513e+07	1.53328e+08	6.86142e+07	1.13359e+08	1.15415e+08	1.33175e+08
P61353	P61353		RPL27		1.80593e+08	1.62976e+08	2.16212e+08	1.80587e+08	1.9037e+08	1.8772e+08	1.7712e+08	1.57685e+08
P61421	P61421		ATP6V0D1		1.67803e+07	1.51476e+07	1.92729e+07	1.95241e+07	1.52722e+07	2.87397e+07	1.57367e+07	2.06947e+07
P61457	P61457		PCBD1		1.91635e+06	1.37049e+06	1.60903e+06	1.74211e+06	1.32561e+06	2.0843e+06	1.70926e+06	2.64746e+06
P61513	P61513		RPL37A		5.9217e+07	4.85817e+07	7.13319e+07	6.20602e+07	5.77251e+07	6.60258e+07	6.00089e+07	5.87754e+07
P61586	P61586		RHOA		1.21278e+08	8.04767e+07	1.19703e+08	1.09057e+08	1.14999e+08	1.23536e+08	1.29581e+08	1.07821e+08
P61587	P61587		RND3		1.65854e+06	1.22685e+06	1.37401e+06	812187	1.97723e+06	1.03091e+06	1.89638e+06	1.18208e+06
P61599	P61599		NAA20		2.88531e+06	4.97796e+06	3.37006e+06	5.09846e+06	3.73062e+06	2.84196e+06	4.44237e+06	3.76068e+06
P61604	P61604		HSPE1		1.56499e+09	9.55247e+08	1.19749e+09	3.82882e+08	1.92802e+09	7.15084e+08	1.62771e+09	1.0711e+09
P61619	P61619		SEC61A1		1.51987e+08	1.80468e+08	1.5615e+08	1.73897e+08	1.66099e+08	2.472e+08	1.67246e+08	2.455e+08
P61626	P61626		LYZ		1.19678e+06	5.79861e+06	2.66754e+06	1.91984e+06	1.62407e+06	1.28363e+06	1.45907e+06	3.54335e+07
P61758	P61758		VBP1		1.18053e+07	1.79274e+07	1.83549e+07	2.22322e+07	1.17764e+07	1.29217e+07	1.79051e+07	1.1726e+07
P61764	P61764		STXBP1		9.85152e+06	9.03757e+06	9.38101e+06	9.7562e+06	9.82302e+06	1.04465e+07	9.01006e+06	9.71434e+06
P61769	P61769		B2M		9.6241e+07	6.76786e+07	7.92265e+07	6.43618e+07	9.79062e+07	9.6789e+07	6.9138e+07	7.09837e+07
P61803	P61803		DAD1		1.1819e+08	1.43373e+08	1.15138e+08	1.46924e+08	1.44069e+08	2.15954e+08	1.52723e+08	2.07236e+08
P61916	P61916		NPC2		5.20319e+07	2.12513e+07	4.99593e+07	2.06194e+07	5.28904e+07	4.09452e+07	5.45489e+07	3.64306e+07
P61923	P61923		COPZ1		5.80446e+06	1.45392e+07	1.20775e+07	1.95458e+07	6.93464e+06	1.311e+07	1.20007e+07	1.45479e+07
P61956	P61956		SUMO2		1.92167e+07	3.66358e+07	2.61248e+07	3.63743e+07	2.29585e+07	2.44729e+07	3.24827e+07	2.45723e+07
P61960	P61960		UFM1		1.96565e+07	2.06426e+07	2.42307e+07	2.61822e+07	1.89589e+07	2.24696e+07	2.00408e+07	1.99462e+07
P61962	P61962		DCAF7		5.60796e+06	6.82625e+06	6.61565e+06	7.41276e+06	6.10698e+06	6.76024e+06	7.3194e+06	7.12069e+06
P61964	P61964		WDR5		3.20166e+06	1.01779e+07	5.90957e+06	1.04937e+07	5.29869e+06	5.9207e+06	7.17598e+06	5.74931e+06
P61966	P61966		AP1S1		1.07837e+07	1.1599e+07	1.16343e+07	1.37632e+07	9.48741e+06	1.24685e+07	1.06943e+07	1.05695e+07
P61968	P61968		LMO4			352070	726710	609085	395052	353868	500806	339863
P61970	P61970		NUTF2		9.61663e+06	9.95006e+06	9.66275e+06	7.15967e+06	8.99772e+06	7.79985e+06	1.17769e+07	8.31608e+06
P61978	P61978		HNRNPK		2.2303e+08	3.91817e+08	3.13516e+08	4.61789e+08	2.60727e+08	4.8132e+08	3.28333e+08	5.27098e+08
P61981	P61981		YWHAG		4.93607e+07	5.04688e+07	4.82935e+07	4.32993e+07	3.93646e+07	4.31057e+07	5.00546e+07	3.69234e+07
P62068	P62068		USP46		5.63655e+06	3.11095e+06	4.03312e+06	3.17599e+06	5.35522e+06	4.91982e+06	4.45242e+06	5.53647e+06
P62070	P62070		RRAS2		1.30123e+07	1.44441e+07	1.66373e+07	1.40591e+07	1.31368e+07	1.84884e+07	2.03086e+07	1.86322e+07
P62072	P62072		TIMM10		5.59385e+07	6.5945e+07	5.37358e+07	5.99093e+07	6.29468e+07	8.52147e+07	7.17964e+07	1.41452e+08
P62079	P62079		TSPAN5		3.93373e+06	3.91867e+06	2.81889e+06	3.00143e+06	3.78398e+06	3.4607e+06	3.26117e+06	4.43527e+06
P62081	P62081		RPS7		6.34372e+07	7.76865e+07	8.16558e+07	8.20594e+07	5.42289e+07	4.71874e+07	8.42664e+07	4.70326e+07
P62136	P62136		PPP1CA		1.01254e+08	7.13365e+07	9.37797e+07	7.17022e+07	9.16299e+07	9.04805e+07	9.59361e+07	9.17991e+07
P62140	P62140		PPP1CB		1.68011e+07	1.46313e+07	1.50223e+07	1.15768e+07	1.53302e+07	1.19222e+07	1.61483e+07	1.39644e+07
P62166	P62166		NCS1		3.05725e+06	2.65183e+06	2.99403e+06	3.03501e+06	3.47556e+06	3.13805e+06	3.46539e+06	2.90942e+06
P62191	P62191		PSMC1		2.24803e+07	3.10917e+07	3.46331e+07	3.78158e+07	2.33577e+07	3.38636e+07	3.37435e+07	2.9341e+07
P62195	P62195		PSMC5		9.4227e+06	1.68143e+07	1.35411e+07	1.57311e+07	1.04537e+07	1.2147e+07	1.363e+07	1.18064e+07
P62241	P62241		RPS8		8.94692e+07	1.04388e+08	1.2275e+08	1.16837e+08	8.21348e+07	7.50883e+07	1.11305e+08	6.99706e+07
P62244	P62244		RPS15A		9.23994e+07	1.13737e+08	1.07748e+08	1.13334e+08	8.21451e+07	7.42385e+07	1.1124e+08	8.58028e+07
P62249	P62249		RPS16		5.35969e+07	6.03605e+07	6.94626e+07	6.38693e+07	4.7602e+07	4.12005e+07	6.69248e+07	3.8501e+07
P62253	P62253		UBE2G1		1.90932e+06	2.67678e+06	2.35426e+06	4.39013e+06	2.02414e+06	2.43882e+06	2.74402e+06	1.7676e+06
P62256	P62256		UBE2H		633333	1.1679e+06	1.19418e+06	1.78551e+06	598601	998892	998734	812762
P62258	P62258		YWHAE		2.03205e+08	2.17408e+08	2.17677e+08	1.95002e+08	1.87563e+08	1.74373e+08	2.53765e+08	1.83683e+08
P62263	P62263		RPS14		9.60241e+07	1.27454e+08	1.2043e+08	1.1247e+08	9.43337e+07	7.43639e+07	1.3098e+08	7.92271e+07
P62266	P62266		RPS23		4.74349e+07	5.72293e+07	6.02107e+07	5.8643e+07	4.45976e+07	3.49435e+07	5.89622e+07	3.55145e+07
P62269	P62269		RPS18		7.70122e+07	9.20327e+07	9.03002e+07	9.18884e+07	6.82524e+07	5.73243e+07	9.45961e+07	5.61034e+07
P62273	P62273		RPS29		1.53622e+07	1.50092e+07	1.80835e+07	1.58026e+07	1.37862e+07	1.11552e+07	1.93414e+07	1.05776e+07
P62277	P62277		RPS13		8.46253e+07	8.36188e+07	9.46213e+07	8.58368e+07	7.31359e+07	5.86068e+07	1.00482e+08	5.84366e+07
P62280	P62280		RPS11		4.96152e+07	5.39096e+07	6.38351e+07	6.25498e+07	4.60668e+07	3.66507e+07	6.16421e+07	3.70837e+07
P62304	P62304		SNRPE		5.77807e+07	8.16567e+07	7.05637e+07	9.28919e+07	6.75515e+07	1.1059e+08	8.74577e+07	1.00923e+08
P62306	P62306		SNRPF		1.4389e+07	1.9658e+07	2.00132e+07	2.37258e+07	1.79314e+07	2.6477e+07	1.94919e+07	3.22574e+07
P62310	P62310		LSM3		7.53175e+06	1.03209e+07	9.26311e+06	8.79635e+06	7.62345e+06	5.88515e+06	9.41794e+06	5.6819e+06
P62312	P62312		LSM6		3.29204e+06	6.04544e+06	5.07954e+06	5.60106e+06	4.0268e+06	3.10674e+06	5.94324e+06	2.92516e+06
P62314	P62314		SNRPD1		3.07956e+07	3.65461e+07	3.83823e+07	4.19157e+07	2.90863e+07	5.67894e+07	3.5841e+07	4.80834e+07
P62316	P62316		SNRPD2		2.92985e+07	3.67162e+07	3.88811e+07	4.69449e+07	3.55335e+07	5.67887e+07	3.75931e+07	4.51354e+07
P62318	P62318		SNRPD3		2.84731e+07	3.38704e+07	3.88324e+07	4.18344e+07	3.2477e+07	5.25093e+07	3.64268e+07	5.24369e+07
P62330	P62330		ARF6		1.05497e+08	1.15512e+08	9.19262e+07	1.01641e+08	1.18745e+08	9.60953e+07	1.20251e+08	1.14936e+08
P62333	P62333		PSMC6		2.00109e+07	4.70169e+07	3.66988e+07	5.04673e+07	2.18247e+07	3.02919e+07	3.59977e+07	2.82766e+07
P62341	P62341		SELENOT		2.21713e+07	1.84614e+07	2.46124e+07	2.4331e+07	2.38395e+07	3.94279e+07	2.57566e+07	3.82088e+07
P62380	P62380		TBPL1		238720	612786	410687	748562	261797	595658	318830	490039
P62424	P62424		RPL7A		1.40425e+08	1.19233e+08	1.65663e+08	1.39283e+08	1.38933e+08	1.4529e+08	1.37326e+08	1.35634e+08
P62487	P62487		POLR2G		1.99778e+06	6.19428e+06	4.41557e+06	7.28229e+06	3.26853e+06	5.22587e+06	4.72469e+06	3.41646e+06
P62491	P62491		RAB11A		1.42204e+08	1.2515e+08	1.80993e+08	1.6218e+08	1.11255e+08	2.26959e+08	1.38473e+08	1.65992e+08
P62495	P62495		ETF1		5.87661e+07	5.7247e+07	6.58923e+07	7.17486e+07	6.59311e+07	6.63469e+07	6.07074e+07	5.36667e+07
P62633	P62633		CNBP		3.96611e+07	1.40877e+07	3.89181e+07	3.78483e+07	4.70191e+07	3.96489e+07	5.32078e+07	6.1771e+07
P62699	P62699		YPEL5		2.7084e+06	3.92732e+06	3.9794e+06	5.74298e+06	2.25583e+06	2.63631e+06	2.96349e+06	1.39926e+06
P62701	P62701		RPS4X		7.03223e+07	8.05677e+07	8.61001e+07	8.5121e+07	6.39955e+07	5.44557e+07	8.66167e+07	5.41087e+07
P62714	P62714		PPP2CB		3.94159e+06	3.64609e+06	4.79233e+06	3.34451e+06	4.44968e+06	3.10573e+06	5.5534e+06	4.32663e+06
P62736	P62736		ACTA2		1.09569e+09	6.90865e+08	9.12909e+08	7.08001e+08	7.9044e+08	8.70303e+08	9.23346e+08	8.87552e+08
P62745	P62745		RHOB		9.93475e+06	3.46947e+06	1.1137e+07	7.29298e+06	6.69546e+06	7.17662e+06	4.23257e+06	4.99332e+06
P62750	P62750		RPL23A		9.98207e+07	8.49542e+07	1.23617e+08	9.50604e+07	9.48367e+07	8.58306e+07	9.86453e+07	8.42571e+07
P62753	P62753		RPS6		7.86758e+07	8.9963e+07	9.82869e+07	9.23872e+07	7.12306e+07	5.98521e+07	9.85945e+07	6.58712e+07
P62805	P62805		H4C1		1.30696e+09	5.53672e+09	2.56167e+09	5.97946e+09	2.77396e+09	2.48154e+09	4.62729e+09	1.79176e+09
P62820	P62820		RAB1A		1.18832e+08	1.27701e+08	1.44979e+08	1.61893e+08	1.25514e+08	1.78498e+08	1.31609e+08	1.58616e+08
P62826	P62826		RAN		1.6379e+08	3.17999e+08	2.49272e+08	3.44847e+08	2.06415e+08	2.37331e+08	2.87236e+08	2.85081e+08
P62829	P62829		RPL23		2.68474e+08	2.37457e+08	2.99264e+08	2.67576e+08	2.85592e+08	2.44284e+08	2.80681e+08	2.41707e+08
P62834	P62834		RAP1A		2.50891e+08	1.75813e+08	2.63446e+08	2.26058e+08	2.0418e+08	2.81494e+08	2.61625e+08	2.59623e+08
P62841	P62841		RPS15		2.75928e+07	2.87192e+07	3.41374e+07	2.76788e+07	2.13874e+07	1.8306e+07	3.12565e+07	1.59117e+07
P62847	P62847		RPS24		4.46645e+07	4.75832e+07	5.90623e+07	5.11996e+07	4.4968e+07	3.15646e+07	5.40832e+07	3.12586e+07
P62851	P62851		RPS25		6.31745e+07	7.93277e+07	8.39729e+07	7.78558e+07	5.53222e+07	4.43481e+07	7.80363e+07	5.00706e+07
P62854	P62854		RPS26		3.13907e+07	3.52792e+07	4.19136e+07	4.44075e+07	2.82415e+07	2.57842e+07	3.9857e+07	2.12782e+07
P62857	P62857		RPS28		1.13179e+08	1.2256e+08	1.01638e+08	1.20732e+08	9.66952e+07	7.03918e+07	1.46468e+08	7.24922e+07
P62861	P62861		FAU		5.5402e+07	5.78002e+07	6.75262e+07	5.97721e+07	4.69471e+07	3.11233e+07	5.66011e+07	3.6027e+07
P62873	P62873		GNB1		4.02618e+08	3.45052e+08	3.83095e+08	3.35535e+08	3.27395e+08	4.07925e+08	3.73406e+08	3.62866e+08
P62875	P62875		POLR2L		2.00878e+06	9.20366e+06	4.23584e+06	8.33819e+06	2.23724e+06	5.94872e+06	4.67514e+06	5.23079e+06
P62877	P62877		RBX1		5.02082e+06	6.11723e+06	5.94747e+06	7.6986e+06	5.10783e+06	5.21432e+06	6.79034e+06	5.74334e+06
P62879	P62879		GNB2		1.6096e+08	1.34804e+08	1.56675e+08	1.42689e+08	1.3543e+08	1.72333e+08	1.50794e+08	1.69523e+08
P62888	P62888		RPL30		3.58676e+08	3.10229e+08	3.93335e+08	3.50957e+08	3.70762e+08	3.98258e+08	3.65417e+08	3.2637e+08
P62891	P62891		RPL39		2.95899e+07	2.81323e+07	3.62832e+07	3.43308e+07	4.83731e+07	3.08911e+07	4.04165e+07	3.3205e+07
P62899	P62899		RPL31		8.97188e+07	7.63721e+07	1.06087e+08	8.90362e+07	9.1632e+07	9.33311e+07	9.1873e+07	7.85422e+07
P62906	P62906		RPL10A		8.44764e+07	7.72221e+07	9.89826e+07	8.84049e+07	9.19276e+07	9e+07	9.11551e+07	8.42254e+07
P62910	P62910		RPL32		8.73176e+07	7.53782e+07	1.05479e+08	8.4631e+07	8.45431e+07	1.01467e+08	8.03485e+07	8.41889e+07
P62913	P62913		RPL11		2.22165e+08	1.93071e+08	2.38857e+08	2.30696e+08	2.22458e+08	2.16347e+08	2.27192e+08	2.28617e+08
P62917	P62917		RPL8		2.23508e+08	1.87235e+08	2.61728e+08	2.16504e+08	2.16069e+08	2.35426e+08	2.09975e+08	2.15472e+08
P62937	P62937		PPIA		1.0556e+09	1.22901e+09	1.05673e+09	1.42173e+09	9.4212e+08	1.36986e+09	1.23823e+09	1.42984e+09
P62942	P62942		FKBP1A		2.93715e+07	5.03829e+07	3.50312e+07	3.85034e+07	2.96073e+07	2.76639e+07	4.03897e+07	3.34707e+07
P62979	P62979		RPS27A		2.06429e+09	2.34913e+09	2.16904e+09	2.23617e+09	1.93214e+09	2.2883e+09	2.39585e+09	2.17935e+09
P62993	P62993		GRB2		1.96342e+07	1.76757e+07	1.49734e+07	1.31574e+07	1.91499e+07	1.40902e+07	1.6852e+07	1.49208e+07
P62995	P62995		TRA2B		1.09503e+07	1.8013e+07	1.52299e+07	1.88585e+07	1.49134e+07	8.85884e+06	2.11524e+07	9.19242e+06
P63000	P63000		RAC1		3.35918e+08	2.3879e+08	2.91462e+08	2.61611e+08	2.89838e+08	4.28145e+08	2.80001e+08	3.54992e+08
P63010	P63010		AP2B1		9.90613e+07	1.12671e+08	8.10716e+07	1.07213e+08	1.01852e+08	7.9398e+07	8.18974e+07	8.30012e+07
P63027	P63027		VAMP2		1.54601e+07	2.95552e+07	1.61134e+07	2.02008e+07	1.86211e+07	2.60601e+07	2.70195e+07	5.24835e+07
P63096	P63096		GNAI1		1.56852e+07	1.3182e+07	1.38146e+07	1.14193e+07	1.37967e+07	1.42614e+07	1.46593e+07	1.59868e+07
P63098	P63098		PPP3R1		3.22473e+06	3.04049e+06	3.0535e+06	2.94921e+06	2.70788e+06	2.6718e+06	3.32744e+06	3.5803e+06
P63104	P63104		YWHAZ		2.37599e+08	2.53998e+08	2.39719e+08	2.14169e+08	1.91253e+08	2.01498e+08	2.6234e+08	1.85825e+08
P63151	P63151		PPP2R2A		9.36845e+06	1.40743e+07	1.18297e+07	1.26152e+07	9.52519e+06	1.17334e+07	1.56224e+07	1.49739e+07
P63167	P63167		DYNLL1		4.29078e+07	3.8309e+07	4.08658e+07	3.92295e+07	4.30412e+07	3.38409e+07	4.978e+07	2.93556e+07
P63172	P63172		DYNLT1		1.18698e+07	1.4181e+07	1.50909e+07	1.9543e+07	1.89073e+07	8.96902e+06	1.98146e+07	7.65507e+06
P63173	P63173		RPL38		3.57931e+07	2.90095e+07	4.13133e+07	3.22828e+07	4.29193e+07	1.32731e+07	4.20776e+07	1.59843e+07
P63208	P63208		SKP1		5.00206e+07	6.46922e+07	5.81626e+07	5.97736e+07	6.75311e+07	5.7811e+07	6.58901e+07	7.42578e+07
P63220	P63220		RPS21		5.30933e+07	4.81992e+07	5.39868e+07	4.37085e+07	4.89161e+07	2.49715e+07	6.00486e+07	3.01594e+07
P63241	P63241		EIF5A		2.06394e+08	2.4398e+08	2.34383e+08	1.88246e+08	2.50508e+08	1.8816e+08	2.85937e+08	2.16474e+08
P63244	P63244		RACK1		1.04257e+08	1.23907e+08	1.26164e+08	1.3084e+08	9.6001e+07	1.01965e+08	1.32905e+08	9.95845e+07
P63261	P63261		ACTG1		1.98187e+08	1.7064e+08	1.86985e+08	1.29205e+08	2.1648e+08	2.69894e+08	2.26848e+08	4.11889e+08
P63272	P63272		SUPT4H1		1.95521e+06	4.77265e+06	4.19376e+06	8.09699e+06	2.78423e+06	5.83266e+06	3.86762e+06	4.03583e+06
P63279	P63279		UBE2I		2.9694e+07	4.0903e+07	3.56759e+07	3.98761e+07	3.32088e+07	3.07593e+07	4.14568e+07	3.49693e+07
P63313	P63313		TMSB10		5.40417e+06	3.31322e+06	3.32294e+06	3.31332e+06	3.5594e+06	5.26314e+06	7.1524e+06	6.09953e+06
P67775	P67775		PPP2CA		3.14381e+07	2.96352e+07	3.45723e+07	2.63191e+07	3.41665e+07	2.90903e+07	4.0289e+07	3.3273e+07
P67809	P67809		YBX1		8.37584e+07	7.81146e+07	8.85803e+07	6.9082e+07	6.92167e+07	4.15933e+07	8.78191e+07	3.82045e+07
P67812	P67812		SEC11A		6.34746e+07	7.93579e+07	7.66542e+07	8.32779e+07	6.94911e+07	1.24959e+08	6.5302e+07	1.00751e+08
P67870	P67870		CSNK2B		1.39717e+07	1.34717e+07	1.60201e+07	1.48188e+07	1.72118e+07	1.73004e+07	1.63253e+07	1.50654e+07
P67936	P67936		TPM4		9.92136e+07	7.27847e+07	9.10364e+07	6.05036e+07	8.51901e+07	9.15756e+07	9.49568e+07	8.98281e+07
P68036	P68036		UBE2L3		2.96774e+07	4.94413e+07	4.51332e+07	6.10284e+07	3.3005e+07	4.4035e+07	4.68542e+07	4.79101e+07
P68104	P68104		EEF1A1		1.62953e+09	1.38106e+09	1.80997e+09	1.85158e+09	1.35291e+09	1.88637e+09	1.49855e+09	1.5618e+09
P68133	P68133		ACTA1		4.73049e+07	2.95727e+07	5.40404e+07	4.38035e+07	3.9216e+07	5.42617e+07	4.77094e+07	5.22163e+07
P68366	P68366		TUBA4A		3.26687e+08	5.18154e+08	4.24902e+08	7.22663e+08	2.80071e+08	4.45762e+08	4.75152e+08	3.69592e+08
P68371	P68371		TUBB4B		3.30228e+07	6.80953e+07	3.88311e+07	7.2997e+07	3.23699e+07	3.38465e+07	4.27902e+07	3.6984e+07
P68400	P68400		CSNK2A1		1.18542e+07	1.14967e+07	1.35222e+07	1.21382e+07	1.59508e+07	1.44935e+07	1.4716e+07	1.38919e+07
P68402	P68402		PAFAH1B2		2.09868e+07	1.96173e+07	2.02488e+07	1.70452e+07	1.87971e+07	1.75288e+07	2.60545e+07	1.79842e+07
P68431	P68431		H3C1		513798	1.33979e+06	442562	1.32774e+06	520781	487030	1.16894e+06	156380
P68871	P68871		HBB		1.32368e+07	8.14597e+06	1.75235e+07	1.51588e+07	2.33707e+07	1.82041e+07	2.40267e+07	2.06329e+07
P69849	P69849		NOMO3		9.45287e+06	8.07155e+06	1.05141e+07	1.15604e+07	1.08319e+07	1.55336e+07	1.06332e+07	1.61505e+07
P69892	P69892		HBG2		2.2431e+06	2.37972e+06	1.97034e+06	2.28695e+06	2.04499e+06	2.23289e+06	2.3669e+06	2.97308e+06
P69905	P69905		HBA1		4.95952e+06	6.3227e+06	8.43698e+06	5.63699e+06	9.79319e+06	1.136e+07	1.04353e+07	1.57957e+07
P78310	P78310		CXADR		1.6106e+07	1.10795e+07	1.62713e+07	1.37673e+07	1.3518e+07	1.68181e+07	1.43744e+07	1.46966e+07
P78316	P78316		NOP14		911570	2.64825e+06	1.57081e+06	2.68692e+06	1.40255e+06	1.19186e+06	1.92461e+06	1.09131e+06
P78318	P78318		IGBP1		1.67759e+07	2.08428e+07	2.21057e+07	2.31195e+07	1.76684e+07	2.64791e+07	2.3098e+07	2.69097e+07
P78324	P78324		SIRPA		9.56405e+06	5.61868e+06	9.06197e+06	7.26993e+06	1.11577e+07	1.28493e+07	9.51721e+06	1.00822e+07
P78325	P78325		ADAM8		3.683e+06	593246	3.23805e+06	2.34406e+06	2.02778e+06	2.87279e+06	1.56872e+06	1.45448e+06
P78330	P78330		PSPH		4.32024e+06	7.67344e+06	6.64587e+06	7.08219e+06	3.42107e+06	4.57712e+06	4.92402e+06	4.25847e+06
P78332	P78332		RBM6		315965	423564	452452	611931	283159	423604	464670	491668
P78344	P78344		EIF4G2		2.52663e+07	3.28277e+07	3.21406e+07	4.23542e+07	2.80678e+07	2.49088e+07	3.00072e+07	2.50318e+07
P78345	P78345		RPP38		1.00372e+06	3.65463e+06	2.46046e+06	4.12936e+06	1.30201e+06	1.41828e+06	1.76569e+06	1.12396e+06
P78346	P78346		RPP30		2.05568e+06	3.36028e+06	2.38198e+06	3.25404e+06	2.52831e+06	2.62058e+06	2.61429e+06	2.3844e+06
P78347	P78347		GTF2I		4.86807e+06	2.69668e+07	1.21576e+07	2.37287e+07	9.43918e+06	1.46099e+07	1.70261e+07	1.69905e+07
P78348	P78348		ASIC1		794252	1.14719e+06	1.0079e+06	839529	1.10515e+06	1.30275e+06	1.66671e+06	1.52341e+06
P78356	P78356		PIP4K2B		3.10993e+06	4.08023e+06	2.23466e+06	3.40395e+06	4.33735e+06	3.74367e+06	2.65401e+06	4.31014e+06
P78357	P78357		CNTNAP1		2.02331e+07	1.7953e+07	1.92026e+07	1.49272e+07	1.81973e+07	2.5456e+07	2.00949e+07	2.24043e+07
P78362	P78362		SRPK2		5.03724e+06	5.27194e+06	6.04832e+06	5.78516e+06	4.75719e+06	3.78906e+06	5.21351e+06	3.46602e+06
P78368	P78368		CSNK1G2		4.13638e+06	2.99445e+06	3.4864e+06	2.74728e+06	3.50009e+06	3.93921e+06	3.5666e+06	3.55725e+06
P78369	P78369		CLDN10		703974	156626	488016	371559	434217	706913	185779	211115
P78371	P78371		CCT2		2.95595e+07	5.30904e+07	4.90395e+07	6.05036e+07	3.05863e+07	5.43111e+07	4.99999e+07	4.82533e+07
P78381	P78381		SLC35A2		1.20874e+07	1.1031e+07	1.38042e+07	1.47216e+07	1.39809e+07	2.89047e+07	1.35551e+07	2.76196e+07
P78382	P78382		SLC35A1		671372	936330	975722	1.26477e+06	1.0299e+06	1.05431e+06	1.17783e+06	1.20977e+06
P78383	P78383		SLC35B1		2.6838e+06	2.84207e+06	3.08798e+06	3.95849e+06	3.57752e+06	5.18401e+06	4.39214e+06	6.13916e+06
P78395	P78395		PRAME		356948	928201	733790	1.09258e+06	493940	1.37822e+06	938840	1.42537e+06
P78406	P78406		RAE1		1.57759e+07	2.5399e+07	1.90639e+07	1.9362e+07	2.76642e+07	1.31003e+07	3.15534e+07	2.09247e+07
P78410	P78410		BTN3A2		1.87511e+06	1.45039e+06	2.02e+06	1.23132e+06	1.97872e+06	1.77847e+06	2.42842e+06	1.76552e+06
P78417	P78417		GSTO1		2.44011e+07	2.72868e+07	2.61467e+07	2.29427e+07	2.26599e+07	2.22249e+07	3.07359e+07	2.31349e+07
P78504	P78504		JAG1		2.85155e+06	959752	2.01431e+06	1.87301e+06	2.96668e+06	1.98283e+06	1.70487e+06	1.37313e+06
P78509	P78509		RELN		246686	139225	216727	122834	405842	400018	147407	254044
P78527	P78527		PRKDC		1.42916e+07	7.32937e+07	2.55413e+07	5.60514e+07	2.33253e+07	2.86687e+07	3.62002e+07	4.72159e+07
P78536	P78536		ADAM17		1.57019e+07	7.90737e+06	1.27408e+07	1.03672e+07	1.27597e+07	1.37144e+07	9.21866e+06	9.34802e+06
P78537	P78537		BLOC1S1		1.27961e+06	1.61833e+06	1.43304e+06	1.49788e+06	1.8547e+06	1.40453e+06	1.63683e+06	1.79673e+06
P78539	P78539		SRPX		4.68922e+06	3.30644e+06	4.31268e+06	3.93122e+06	4.43297e+06	4.53782e+06	3.95607e+06	3.51452e+06
P78540	P78540		ARG2		7.23743e+07	7.44974e+06	4.56031e+07	1.10396e+07	4.37021e+07	1.26171e+07	3.6247e+07	1.11473e+07
P78549	P78549		NTHL1		1.72362e+06	1.98119e+06	1.96238e+06	1.91473e+06	2.26691e+06	2.17806e+06	2.24749e+06	2.06424e+06
P78552	P78552		IL13RA1		3.49984e+06	2.92466e+06	3.11512e+06	2.56634e+06	3.57067e+06	3.86539e+06	2.84807e+06	3.33202e+06
P78559	P78559		MAP1A				1.15601e+07		1.02163e+07			
P78560	P78560		CRADD		1.07638e+06	1.91707e+06		1.1873e+06		1.30538e+06	1.55606e+06	
P80188	P80188		LCN2			3.19148e+06		143752				382925
P80217	P80217		IFI35		434190	539729	462430	427749	367624	482559	412631	453983
P80303	P80303		NUCB2		3.96126e+07	2.33506e+07	3.43849e+07	2.17747e+07	5.1767e+07	3.34201e+07	3.42724e+07	2.6551e+07
P80404	P80404		ABAT		6.97763e+06	2.7723e+06	4.14202e+06	1.81059e+06	9.11507e+06	2.2469e+06	7.01807e+06	3.74367e+06
P80511	P80511		S100A12			1.48885e+06						1.41576e+06
P80723	P80723		BASP1		7.85629e+07	7.32029e+07	8.95318e+07	7.65736e+07	7.42994e+07	1.04655e+08	9.19738e+07	8.32456e+07
P81408	P81408		ENTREP3		285175		242204			342878		114343
P81605	P81605		DCD		4.57658e+06	6.40254e+06	5.30703e+06	7.279e+06	3.20495e+06	4.01091e+06	7.26208e+06	7.64535e+06
P81877	P81877		SSBP2		170759	473410	286463	601419	124285	347898	270409	681510
P82094	P82094		TMF1		933473	1.14724e+06	872426	789106	1.18443e+06	655861	1.19509e+06	1.12473e+06
P82650	P82650		MRPS22		5.28514e+07	2.64415e+07	4.07931e+07	1.71055e+07	6.19314e+07	3.34355e+07	5.0156e+07	4.38312e+07
P82663	P82663		MRPS25		3.79846e+07	2.15438e+07	3.05803e+07	1.34124e+07	4.78539e+07	2.35619e+07	4.03662e+07	3.19721e+07
P82664	P82664		MRPS10		2.54954e+07	1.18892e+07	2.17928e+07	9.74225e+06	2.90061e+07	1.51473e+07	2.29219e+07	1.70124e+07
P82673	P82673		MRPS35		3.0773e+07	1.36908e+07	2.5195e+07	1.03289e+07	3.33216e+07	1.88417e+07	2.68057e+07	2.09497e+07
P82675	P82675		MRPS5		5.69415e+07	2.38386e+07	4.73307e+07	1.81473e+07	5.52656e+07	3.25979e+07	4.30527e+07	3.60617e+07
P82909	P82909		KGD4		5.70514e+07	4.13043e+07	3.49753e+07	2.00229e+07	6.99399e+07	3.73136e+07	5.18817e+07	5.15971e+07
P82912	P82912		MRPS11		8.79285e+07	3.55488e+07	6.52837e+07	2.68555e+07	9.27953e+07	4.91855e+07	6.78285e+07	5.59002e+07
P82914	P82914		MRPS15		3.89891e+07	1.68132e+07	3.18492e+07	1.28473e+07	4.06525e+07	2.38272e+07	3.1911e+07	2.61935e+07
P82921	P82921		MRPS21		3.21018e+07	1.31135e+07	2.34743e+07	9.82525e+06	3.5699e+07	1.69045e+07	2.3191e+07	1.99579e+07
P82930	P82930		MRPS34		1.12474e+08	6.10817e+07	8.99897e+07	3.68867e+07	1.47455e+08	7.58832e+07	1.13152e+08	9.63421e+07
P82932	P82932		MRPS6		1.39094e+07	9.77201e+06	1.32178e+07	5.85665e+06	1.90422e+07	9.81629e+06	1.82738e+07	1.39414e+07
P82933	P82933		MRPS9		6.16312e+07	3.08941e+07	5.13425e+07	2.27445e+07	6.80937e+07	4.30366e+07	5.53919e+07	5.40301e+07
P82970	P82970		HMGN5		3.66801e+06	4.80121e+06	4.84609e+06	4.2965e+06	3.9653e+06	2.71375e+06	6.23814e+06	2.16313e+06
P82979	P82979		SARNP		1.69978e+06	2.60931e+06	2.67756e+06	2.81342e+06	3.37598e+06	780072	4.91575e+06	989777
P83111	P83111		LACTB		2.49249e+07	2.01794e+07	2.37473e+07	1.9565e+07	2.2334e+07	2.8245e+07	2.05986e+07	2.61741e+07
P83436	P83436		COG7		9.08864e+06	9.0619e+06	9.52203e+06	9.5271e+06	8.47541e+06	5.81869e+06	7.43929e+06	5.70535e+06
P83731	P83731		RPL24		1.32825e+08	1.23606e+08	1.56502e+08	1.35621e+08	1.3685e+08	1.50038e+08	1.43973e+08	1.4315e+08
P83876	P83876		TXNL4A		1.10974e+06	2.68252e+06	1.74519e+06	2.9353e+06	1.85961e+06	1.92496e+06	1.77827e+06	2.16947e+06
P83916	P83916		CBX1		1.45071e+06	1.80829e+06	1.93242e+06	2.27648e+06	1.6166e+06	1.49113e+06	2.11037e+06	1.24995e+06
P84022	P84022		SMAD3		1.48636e+07	2.03396e+07	1.78555e+07	2.19354e+07	1.72728e+07	1.31913e+07	1.75473e+07	1.24652e+07
P84077	P84077		ARF1		1.06017e+08	1.51348e+08	1.48936e+08	1.85511e+08	9.61292e+07	1.53567e+08	1.32627e+08	1.36357e+08
P84085	P84085		ARF5		2.05016e+07	3.37193e+07	3.43417e+07	4.98692e+07	2.30302e+07	3.13263e+07	3.10198e+07	2.60227e+07
P84090	P84090		ERH		1.05657e+07	1.59132e+07	1.23223e+07	1.65852e+07	1.24104e+07	1.39521e+07	1.51668e+07	1.29605e+07
P84095	P84095		RHOG		6.10796e+07	5.93902e+07	6.16109e+07	6.60726e+07	5.98775e+07	1.00431e+08	6.73106e+07	9.41769e+07
P84098	P84098		RPL19		8.41494e+07	7.45889e+07	9.24549e+07	8.29524e+07	9.11584e+07	9.21405e+07	8.74307e+07	8.60555e+07
P84101	P84101		SERF2		472789	349382	763620	661071	391475	404188		1.29364e+06
P84103	P84103		SRSF3		5.50821e+07	5.45419e+07	6.15799e+07	5.37303e+07	5.12521e+07	5.11718e+07	6.31295e+07	6.25226e+07
P84157	P84157		MXRA7		1.49813e+06	1.07133e+06	1.1954e+06	1.04482e+06	765964	878165	1.11471e+06	753108
P85037	P85037		FOXK1		5.04188e+06	1.13351e+07	7.90183e+06	1.16403e+07	8.05713e+06	6.43078e+06	9.34837e+06	5.99367e+06
P86397	P86397		HTD2		4.38018e+07	3.28478e+07	3.88269e+07	2.87097e+07	4.76967e+07	4.11818e+07	3.92132e+07	3.95651e+07
P86452	P86452		ZBED6			71158.6	45497.9	99822.6	29607.6	42334.7	45091.4	
P86790	P86790		CCZ1B		6.31238e+06	6.52481e+06	6.66908e+06	5.91748e+06	7.65887e+06	6.86806e+06	5.9554e+06	6.11709e+06
P98082	P98082		DAB2		2.82037e+07	2.67413e+07	2.77658e+07	2.57019e+07	2.22459e+07	2.38574e+07	2.72823e+07	2.48721e+07
P98095	P98095		FBLN2		527775	295137	514608	214133	704504	535862	536040	455485
P98153	P98153		DGCR2		432068	412315	406568	337507	507421	1.02941e+06	440524	1.12438e+06
P98155	P98155		VLDLR		8.56044e+06	8.00002e+06	7.89902e+06	9.3221e+06	7.78908e+06	9.29678e+06	7.62377e+06	8.08452e+06
P98160	P98160		HSPG2		6.83888e+07	1.38686e+07	3.54835e+07	3.82794e+07	5.50737e+07	2.81971e+07	2.14332e+07	1.52727e+07
P98170	P98170		XIAP		6.12797e+06	6.50498e+06	6.96415e+06	9.73957e+06	5.05793e+06	7.6526e+06	6.75034e+06	6.5952e+06
P98171	P98171		ARHGAP4		2.9485e+06	4.44902e+06	3.17681e+06	3.4406e+06	4.54716e+06	2.13008e+06	3.42713e+06	2.8255e+06
P98172	P98172		EFNB1		2.89992e+07	1.48247e+07	2.06882e+07	1.15022e+07	2.68555e+07	1.82614e+07	2.72469e+07	2.1345e+07
P98173	P98173		FAM3A		3.47213e+06	3.39262e+06	4.26737e+06	4.47554e+06	4.65411e+06	7.49883e+06	3.90793e+06	6.22725e+06
P98175	P98175		RBM10		4.30083e+06	5.3121e+06	4.86266e+06	4.91165e+06	5.02187e+06	4.01067e+06	6.38581e+06	2.62416e+06
P98179	P98179		RBM3		6.18156e+06	5.59246e+06	5.66361e+06	4.25197e+06		6.58121e+06	4.70111e+06	4.37651e+06
P98194	P98194		ATP2C1		2.87982e+07	2.83964e+07	2.93447e+07	3.28975e+07	3.80872e+07	4.68915e+07	2.90637e+07	4.12662e+07
P98196	P98196		ATP11A		1.4874e+07	8.58379e+06	1.27884e+07	1.11058e+07	1.11073e+07	1.26941e+07	9.6152e+06	9.56559e+06
P98198	P98198		ATP8B2		1.96936e+07	1.38499e+07	2.01497e+07	1.93507e+07	1.50065e+07	2.69935e+07	1.61663e+07	1.87486e+07
P99999	P99999		CYCS		5.04064e+08	5.02585e+08	3.11564e+08	1.97972e+08	4.15238e+08	4.04207e+08	3.05237e+08	3.65946e+08
Q00013	Q00013		MPP1		2.93462e+07	1.93049e+07	3.11049e+07	2.25417e+07	2.23589e+07	2.77412e+07	2.78885e+07	2.60542e+07
Q00059	Q00059		TFAM		2.24769e+08	2.09158e+08	1.95244e+08	1.66383e+08	2.62004e+08	2.55483e+08	2.40493e+08	2.86889e+08
Q00169	Q00169		PITPNA		7.95876e+06	2.23697e+07	1.24336e+07	1.81375e+07	1.03814e+07	1.15046e+07	1.18171e+07	9.91174e+06
Q00325	Q00325		SLC25A3		2.10955e+09	2.14314e+09	2.02301e+09	1.88889e+09	2.24383e+09	3.11605e+09	2.29244e+09	3.56377e+09
Q00341	Q00341		HDLBP		2.02835e+07	1.7661e+07	1.37636e+07	1.20101e+07	2.12463e+07	9.09554e+06	1.90141e+07	1.28811e+07
Q00403	Q00403		GTF2B		3.37918e+06	5.43093e+06	5.23982e+06	6.50345e+06	3.41761e+06	4.58764e+06	4.31319e+06	3.68382e+06
Q00534	Q00534		CDK6		3.13352e+06	1.01519e+07	7.67829e+06	1.14864e+07	4.93672e+06	7.47685e+06	8.35082e+06	8.05124e+06
Q00535	Q00535		CDK5		4.78351e+06	5.27106e+06	5.72896e+06	5.58194e+06	5.12231e+06	4.84183e+06	5.0942e+06	5.40799e+06
Q00536	Q00536		CDK16		4.20685e+06	3.70325e+06	5.53069e+06	4.66383e+06	3.82484e+06	3.79579e+06	3.58502e+06	4.64531e+06
Q00537	Q00537		CDK17		3.37883e+06	3.21386e+06	3.75698e+06	4.75194e+06	3.06162e+06	3.41946e+06	2.68496e+06	2.62294e+06
Q00577	Q00577		PURA		6.91524e+06	6.92289e+06	6.53434e+06	6.34834e+06	6.10565e+06	3.52291e+06	7.60194e+06	4.35216e+06
Q00587	Q00587		CDC42EP1		8.1708e+06	5.4319e+06	7.58972e+06	5.23913e+06	8.85586e+06	5.8857e+06	7.393e+06	5.7455e+06
Q00610	Q00610		CLTC		8.53233e+07	1.45198e+08	9.87523e+07	1.32359e+08	7.34829e+07	7.68912e+07	9.17362e+07	7.87202e+07
Q00613	Q00613		HSF1		803274	3.00189e+06	1.80176e+06	3.35786e+06	1.09207e+06	1.29397e+06	1.97167e+06	1.28023e+06
Q00653	Q00653		NFKB2		1.44351e+07	1.24183e+07	1.67533e+07	1.7758e+07	1.67333e+07	9.23509e+06	9.33415e+06	3.92216e+06
Q00688	Q00688		FKBP3		3.50616e+07	2.28517e+07	2.81561e+07	2.43574e+07	3.25954e+07	1.96555e+07	2.69149e+07	2.1005e+07
Q00765	Q00765		REEP5		3.32468e+07	3.04994e+07	3.7589e+07	4.27806e+07	4.03009e+07	6.03687e+07	4.22704e+07	5.82864e+07
Q00796	Q00796		SORD		4.31529e+07	5.0664e+07	4.83791e+07	5.48086e+07	3.79359e+07	5.62572e+07	4.83986e+07	5.13118e+07
Q00839	Q00839		HNRNPU		1.07345e+08	2.51785e+08	2.09593e+08	3.37883e+08	1.73085e+08	1.35583e+08	2.82998e+08	1.18451e+08
Q00978	Q00978		IRF9		637323	618040	597321	625021	696726	506966	548770	
Q01081	Q01081		U2AF1		5.54895e+06	8.62628e+06	8.23549e+06	9.64162e+06	6.17897e+06	7.35436e+06	8.22072e+06	8.8771e+06
Q01082	Q01082		SPTBN1		6.15909e+07	5.79689e+07	6.63383e+07	6.24694e+07	5.27739e+07	5.23101e+07	5.05215e+07	4.31575e+07
Q01085	Q01085		TIAL1		1.04254e+07	1.36175e+07	1.4829e+07	1.65476e+07	9.91088e+06	7.9432e+06	1.46829e+07	7.49271e+06
Q01105	Q01105		SET		8.01844e+06	3.15745e+07	1.42214e+07	1.89726e+07	8.66443e+06	1.26353e+07	1.79527e+07	1.63737e+07
Q01130	Q01130		SRSF2		1.3302e+07	1.61748e+07	1.05187e+07	1.19548e+07	9.52566e+06	8.0094e+06	9.14275e+06	9.11033e+06
Q01167	Q01167		FOXK2		813091	1.52078e+06		1.59765e+06	916094	1.17061e+06	1.17645e+06	1.03655e+06
Q01196	Q01196		RUNX1		1.03513e+06	2.12151e+06	1.08578e+06	1.95382e+06	1.22999e+06	1.40818e+06	1.53267e+06	1.45405e+06
Q01201	Q01201		RELB		3.50582e+06	3.20406e+06	3.39079e+06	3.49873e+06	4.60852e+06	2.65486e+06	2.87592e+06	1.74967e+06
Q01415	Q01415		GALK2		6.09734e+06	6.72519e+06	6.72819e+06	5.94316e+06	8.30911e+06	5.80388e+06	7.64838e+06	5.58997e+06
Q01432	Q01432		AMPD3		1.73255e+06	1.94581e+06	1.85171e+06	1.96567e+06	2.06527e+06	1.38934e+06	1.67785e+06	1.54323e+06
Q01433	Q01433		AMPD2		5.57684e+06	6.51718e+06	6.32267e+06	6.79985e+06	5.70321e+06	5.63149e+06	7.31315e+06	5.93325e+06
Q01459	Q01459		CTBS		6.22827e+06	3.61419e+06	5.27927e+06	3.12187e+06	6.38833e+06	3.78515e+06	7.21304e+06	3.78433e+06
Q01469	Q01469		FABP5		4.99768e+07	6.85037e+07	4.95216e+07	4.91112e+07	4.11078e+07	5.24537e+07	6.95673e+07	5.82196e+07
Q01484	Q01484		ANK2		1.0013e+07		1.06331e+07			1.23717e+07		2.02805e+07
Q01518	Q01518		CAP1		1.5936e+08	2.26828e+08	2.0895e+08	2.40328e+08	1.35038e+08	2.11667e+08	1.86319e+08	2.13711e+08
Q01543	Q01543		FLI1		4.05939e+06	5.20007e+06	4.41511e+06	4.66483e+06	3.85942e+06	4.24846e+06	4.69934e+06	4.92576e+06
Q01546	Q01546		KRT76		2.15101e+06	2.96074e+06	2.02434e+06		1.25699e+06			
Q01581	Q01581		HMGCS1		1.38573e+07	1.6576e+07	1.44231e+07	1.68381e+07	9.08782e+06	2.04821e+07	1.35504e+07	1.90649e+07
Q01628	Q01628		IFITM3		4.15468e+06	3.94881e+06	3.81738e+06	2.07402e+06	4.37528e+06	6.28729e+06	4.89986e+06	4.05439e+06
Q01650	Q01650		SLC7A5		6.99962e+07	7.34643e+07	1.21644e+08	9.47269e+07	4.33956e+07	1.21984e+08	7.97704e+07	8.86827e+07
Q01658	Q01658		DR1		4.10169e+06	9.24221e+06	5.85516e+06	8.99077e+06	4.44971e+06	4.83812e+06	6.95638e+06	4.83376e+06
Q01664	Q01664		TFAP4		34992.3	103536	71107.2	121996	119923	17841.7	181000	47564.1
Q01780	Q01780		EXOSC10		6.57451e+06	2.41942e+07	1.52021e+07	3.03875e+07	9.71736e+06	1.53652e+07	1.53281e+07	1.44387e+07
Q01804	Q01804		OTUD4		2.74312e+06	4.01193e+06	3.4183e+06	3.52465e+06	3.68952e+06	1.62815e+06	3.8637e+06	2.08991e+06
Q01813	Q01813		PFKP		3.81363e+07	5.30744e+07	4.76739e+07	6.44081e+07	3.42502e+07	4.445e+07	4.68319e+07	4.58684e+07
Q01814	Q01814		ATP2B2			6.7063e+06				1.05983e+07	7.47483e+06	4.90696e+06
Q01831	Q01831		XPC		1.94987e+06	2.62992e+06	1.84055e+06	2.95229e+06	1.55654e+06	2.2257e+06	2.24334e+06	1.46166e+06
Q01844	Q01844		EWSR1		2.12171e+07	5.49075e+07	3.31218e+07	5.07326e+07	2.46366e+07	4.47002e+07	3.2273e+07	4.81881e+07
Q01968	Q01968		OCRL		4.4709e+06	6.43281e+06	6.30869e+06	6.72561e+06	5.12057e+06	5.72797e+06	6.66032e+06	6.70867e+06
Q01970	Q01970		PLCB3		1.84554e+07	1.29672e+07	1.50366e+07	1.31486e+07	1.47625e+07	1.28035e+07	1.58458e+07	1.31369e+07
Q01973	Q01973		ROR1		1.20089e+06	1.19216e+06	1.10889e+06	652243	1.11232e+06	746901	1.11199e+06	910177
Q01974	Q01974		ROR2		5.00113e+06	3.81077e+06	4.4485e+06	3.63528e+06	6.08345e+06	4.7691e+06	5.14793e+06	4.88358e+06
Q01995	Q01995		TAGLN		758046	1.14538e+06	1.54928e+06	1.09909e+06	666922	1.72498e+06	1.80213e+06	2.39051e+06
Q02083	Q02083		NAAA		2.69704e+06	1.74826e+06	2.13997e+06	1.38259e+06	3.56301e+06	2.32244e+06	2.24496e+06	2.06791e+06
Q02127	Q02127		DHODH		2.89531e+07	3.86954e+07	3.34977e+07	3.3185e+07	3.10826e+07	4.69721e+07	3.80282e+07	4.79282e+07
Q02156	Q02156		PRKCE		2.01829e+06	1.08651e+06	1.95233e+06	1.73464e+06	1.67261e+06	1.97938e+06	1.62879e+06	1.63353e+06
Q02218	Q02218		OGDH		1.91735e+08	1.06247e+08	1.54807e+08	6.34517e+07	2.04023e+08	1.12829e+08	1.72908e+08	1.2773e+08
Q02224	Q02224		CENPE		4.64756e+06	4.93403e+06	5.82824e+06	5.27371e+06	4.42893e+06	5.46212e+06	4.3307e+06	4.10873e+06
Q02241	Q02241		KIF23		7.5739e+06	7.41124e+06	9.02536e+06	1.01844e+07	7.0245e+06	1.58761e+07	1.1721e+07	1.58681e+07
Q02252	Q02252		ALDH6A1		4.54163e+07	3.07951e+07	3.22339e+07	1.46573e+07	5.40418e+07	2.17464e+07	4.45941e+07	3.25472e+07
Q02297	Q02297		NRG1		73861.2	51267.8	119968	19840.7	167067	125472	178338	170291
Q02338	Q02338		BDH1		6.25735e+07	5.60075e+07	4.16258e+07	3.78197e+07	8.53523e+07	5.18361e+07	5.61789e+07	6.87309e+07
Q02388	Q02388		COL7A1		9.24959e+07	3.80854e+07	4.1076e+07	4.24748e+07	5.8616e+07	2.02125e+07	2.24965e+07	1.90882e+07
Q02413	Q02413		DSG1		2.13745e+06	3.13182e+07	2.73128e+06	4.44656e+06	2.33389e+06	2.13427e+06	4.93024e+06	3.40441e+06
Q02446	Q02446		SP4		433748	400748	333943	118611	299549	283930	237840	
Q02447	Q02447		SP3		1.12931e+06	2.33867e+06	1.9485e+06	2.36266e+06	1.90673e+06	1.73451e+06	2.58163e+06	1.42346e+06
Q02487	Q02487		DSC2		2.38651e+06	4.71377e+06	2.19471e+06	2.05033e+06	1.92851e+06	2.90128e+06	2.39822e+06	2.34723e+06
Q02539	Q02539		H1-1		1.05902e+06	6.16014e+06	2.22374e+06	5.25255e+06	2.76724e+06	2.14491e+06	3.89605e+06	1.61795e+06
Q02543	Q02543		RPL18A		1.89073e+08	1.50467e+08	2.18887e+08	1.84427e+08	1.78015e+08	2.066e+08	1.83438e+08	1.87633e+08
Q02750	Q02750		MAP2K1		2.18812e+07	2.54633e+07	3.31641e+07	4.55704e+07	1.97568e+07	2.98909e+07	2.13131e+07	1.77584e+07
Q02790	Q02790		FKBP4		1.70504e+07	1.84058e+07	1.94487e+07	1.62367e+07	1.69607e+07	1.60632e+07	2.138e+07	1.68877e+07
Q02809	Q02809		PLOD1		9.30711e+07	4.83897e+07	7.37279e+07	6.08378e+07	9.75089e+07	8.84553e+07	6.69332e+07	7.04983e+07
Q02818	Q02818		NUCB1		2.56352e+07	2.20261e+07	1.77556e+07	1.39175e+07	4.32405e+07	2.29286e+07	2.66903e+07	2.84529e+07
Q02833	Q02833		RASSF7		1.87281e+06	1.1245e+06	1.76493e+06	1.50394e+06	1.79324e+06	2.14967e+06	1.46112e+06	1.9551e+06
Q02878	Q02878		RPL6		1.80009e+08	1.58072e+08	2.29213e+08	1.63196e+08	1.82169e+08	1.9548e+08	1.76228e+08	1.59362e+08
Q02880	Q02880		TOP2B		6.77185e+06	2.44682e+07	1.19902e+07	2.37294e+07	1.17272e+07	9.48486e+06	1.61341e+07	9.59332e+06
Q02952	Q02952		AKAP12		2.1792e+08	7.27823e+07	1.40443e+08	1.1321e+08	1.64603e+08	1.24115e+08	1.07892e+08	7.55138e+07
Q02978	Q02978		SLC25A11		2.45223e+08	2.88541e+08	2.34277e+08	2.30627e+08	2.80522e+08	3.3471e+08	2.73702e+08	3.82321e+08
Q03001	Q03001		DST		9.91951e+06	6.82377e+06	9.74012e+06	9.33534e+06	8.09747e+06	6.57058e+06	9.00789e+06	6.50209e+06
Q03014	Q03014		HHEX			634037		371676	444746			557363
Q03113	Q03113		GNA12		6.08517e+06	3.72225e+06	5.11095e+06	3.19331e+06	7.51156e+06	6.42005e+06	4.53443e+06	5.2255e+06
Q03135	Q03135		CAV1		1.49634e+08	2.91481e+08	2.41962e+08	2.2748e+08	1.52304e+08	3.38076e+08	2.92175e+08	4.94009e+08
Q03154	Q03154		ACY1		5.50167e+06	6.79977e+06	6.62416e+06	5.05155e+06	6.75491e+06	4.22478e+06	9.33854e+06	5.76193e+06
Q03164	Q03164		KMT2A		1.44974e+06	2.41117e+06	2.45082e+06	3.39881e+06	3.21774e+06	1.62754e+06	3.53881e+06	1.28182e+06
Q03169	Q03169		TNFAIP2		1.01292e+07	7.21275e+06	7.26707e+06	6.82718e+06	7.13199e+06	7.3486e+06	5.5688e+06	5.0304e+06
Q03188	Q03188		CENPC		4672.53	16571.5	15763.6	19049.5	20878.8		37481.1	
Q03252	Q03252		LMNB2		1.98445e+07	2.19357e+07	1.97971e+07	3.01666e+07	2.16269e+07	2.21481e+07	2.94877e+07	1.8867e+07
Q03405	Q03405		PLAUR		4.62547e+07	1.84467e+07	3.68592e+07	3.65519e+07	3.99527e+07	4.3943e+07	3.01383e+07	2.19591e+07
Q03426	Q03426		MVK		5.5253e+06	4.93359e+06	6.44838e+06	5.75549e+06	3.51947e+06	4.11301e+06	6.27323e+06	4.03492e+06
Q03518	Q03518		TAP1		3.91555e+07	2.50475e+07	3.54404e+07	3.29484e+07	4.128e+07	4.49668e+07	2.76432e+07	3.14007e+07
Q03519	Q03519		TAP2		1.94658e+07	1.22245e+07	1.81742e+07	1.62182e+07	1.84354e+07	2.46833e+07	1.31154e+07	1.64085e+07
Q03701	Q03701		CEBPZ		2.31604e+06	3.61167e+06	2.77318e+06	4.31214e+06	2.13253e+06	2.64703e+06	2.97934e+06	2.33121e+06
Q04118	Q04118		PRB3									3.88336e+06
Q04206	Q04206		RELA		4.18091e+06	6.52373e+06	4.69816e+06	6.25805e+06	5.50563e+06	4.5034e+06	5.25704e+06	5.05195e+06
Q04323	Q04323		UBXN1		3.62251e+06	6.12494e+06	5.41075e+06	5.72716e+06	3.86166e+06	4.83626e+06	5.33249e+06	6.45731e+06
Q04446	Q04446		GBE1		6.21996e+06	6.56381e+06	6.12951e+06	5.45634e+06	4.81178e+06	6.10007e+06	7.10472e+06	6.92546e+06
Q04637	Q04637		EIF4G1		2.93384e+07	4.25782e+07	4.69953e+07	6.00928e+07	3.2151e+07	3.15317e+07	4.05357e+07	2.87137e+07
Q04656	Q04656		ATP7A		1.3737e+06	1.87459e+06	1.39255e+06	1.37821e+06	1.09178e+06	1.15195e+06	1.54925e+06	1.37958e+06
Q04695	Q04695		KRT17		1.94528e+07	1.49105e+09	1.90309e+07	2.60748e+07	1.97114e+07	1.60576e+07	3.03917e+07	2.6334e+07
Q04721	Q04721		NOTCH2		1.39794e+07	7.05579e+06	1.29961e+07	9.99059e+06	1.13274e+07	1.20659e+07	1.2252e+07	9.66086e+06
Q04724	Q04724		TLE1		1.50831e+06	3.28824e+06	2.34323e+06	3.91581e+06	2.83049e+06	2.22104e+06	2.84126e+06	3.10385e+06
Q04726	Q04726		TLE3		7.81281e+06	1.19168e+07	1.05348e+07	1.18084e+07	8.92193e+06	1.33994e+07	9.55482e+06	1.43009e+07
Q04727	Q04727		TLE4		329352	854212	498249	848968	348740	687844	591409	958629
Q04759	Q04759		PRKCQ		6.71796e+07	4.20718e+07	7.32901e+07	6.14111e+07	6.33774e+07	8.71648e+07	5.60891e+07	6.53018e+07
Q04760	Q04760		GLO1		2.77575e+07	2.77271e+07	3.21974e+07	2.25736e+07	2.25394e+07	2.34589e+07	3.85144e+07	2.27367e+07
Q04771	Q04771		ACVR1		1.30481e+07	1.21436e+07	1.43955e+07	1.2695e+07	1.14692e+07	1.52731e+07	1.32767e+07	1.36247e+07
Q04837	Q04837		SSBP1		2.90977e+08	2.11917e+08	2.60745e+08	1.53286e+08	3.14416e+08	3.11523e+08	3.14354e+08	3.04225e+08
Q04864	Q04864		REL		1.32081e+06	1.61886e+06	1.37375e+06	1.46215e+06	1.22819e+06	1.31908e+06	928361	726511
Q04917	Q04917		YWHAH		2.37435e+07	1.81662e+07	2.4904e+07	2.33651e+07	1.79323e+07	1.82558e+07	2.2505e+07	1.48646e+07
Q04941	Q04941		PLP2		5.45218e+07	3.47383e+07	4.2825e+07	3.60944e+07	3.17639e+07	5.53683e+07	2.95937e+07	3.92524e+07
Q05048	Q05048		CSTF1		2.68109e+06	9.43262e+06	4.52007e+06	9.92786e+06	4.16672e+06	5.76436e+06	5.54827e+06	7.16215e+06
Q05086	Q05086		UBE3A		9.27973e+06	1.72173e+07	1.41216e+07	2.23504e+07	9.07467e+06	1.38956e+07	1.27034e+07	1.26737e+07
Q05193	Q05193		DNM1		5.46517e+06	1.10822e+07	6.618e+06	8.38922e+06	5.57875e+06	8.09747e+06	7.3664e+06	1.13227e+07
Q05209	Q05209		PTPN12		1.18559e+07	1.57281e+07	1.5051e+07	1.6352e+07	1.2896e+07	1.07202e+07	1.21871e+07	8.59417e+06
Q05397	Q05397		PTK2		2.67438e+07	3.42522e+07	3.79055e+07	5.01468e+07	3.25581e+07	2.45605e+07	4.55671e+07	2.68748e+07
Q05513	Q05513		PRKCZ		1.45398e+06	2.5116e+06	1.85309e+06	2.4856e+06	2.23509e+06	2.02152e+06	2.1022e+06	1.88678e+06
Q05519	Q05519		SRSF11		5.93586e+06	1.11689e+07	8.94173e+06	1.27889e+07	7.06501e+06	9.98117e+06	8.21025e+06	7.5168e+06
Q05639	Q05639		EEF1A2		1.10159e+08	7.88888e+07	1.40722e+08	1.37693e+08	9.96813e+07	1.27242e+08	9.85932e+07	8.32547e+07
Q05655	Q05655		PRKCD		4.81542e+07	2.65265e+07	5.30566e+07	4.16545e+07	3.05055e+07	4.48219e+07	3.24925e+07	2.30866e+07
Q05682	Q05682		CALD1		1.52985e+07	1.56587e+07	1.3763e+07	9.16215e+06	1.78062e+07	1.0292e+07	1.98273e+07	1.6643e+07
Q05932	Q05932		FPGS		3.85923e+06	3.62859e+06	3.73963e+06	3.19321e+06	4.79737e+06	4.34073e+06	3.9372e+06	5.04416e+06
Q05D32	Q05D32		CTDSPL2		346902	612535	634416	962930	600097	446488	877424	575942
Q06124	Q06124		PTPN11		7.40297e+06	9.74912e+06	8.91785e+06	9.75151e+06	7.15211e+06	8.79701e+06	8.95134e+06	8.05344e+06
Q06136	Q06136		KDSR		3.37661e+07	4.12288e+07	3.72751e+07	3.75492e+07	4.54439e+07	4.62568e+07	3.97491e+07	4.38201e+07
Q06190	Q06190		PPP2R3A		1.13635e+07	1.30434e+07	1.72234e+07	1.51499e+07	8.0177e+06	1.55404e+07	1.58388e+07	1.79465e+07
Q06203	Q06203		PPAT		3.45959e+07	3.75297e+07	3.7135e+07	2.55403e+07	3.69777e+07	2.85759e+07	5.03401e+07	3.9084e+07
Q06210	Q06210		GFPT1		1.14562e+07	1.31519e+07	1.4529e+07	1.93407e+07	9.44878e+06	1.45428e+07	1.25466e+07	1.19103e+07
Q06265	Q06265		EXOSC9		1.68849e+06	4.39766e+06	2.92442e+06	4.81795e+06	2.04347e+06	3.30282e+06	3.28209e+06	3.34867e+06
Q06323	Q06323		PSME1		1.73917e+07	2.41679e+07	1.95309e+07	2.37882e+07	1.63976e+07	1.30347e+07	1.6632e+07	1.28903e+07
Q06330	Q06330		RBPJ		1.31873e+06	4.66489e+06	2.63038e+06	4.93905e+06	2.2456e+06	2.8052e+06	3.31967e+06	2.81667e+06
Q06418	Q06418		TYRO3		2.20194e+06	950819	2.03952e+06	1.68223e+06	2.00095e+06	2.58133e+06	1.5764e+06	2.19989e+06
Q06481	Q06481		APLP2		3.63639e+07	2.70351e+07	3.63238e+07	3.98892e+07	4.48903e+07	4.28493e+07	3.78615e+07	3.51718e+07
Q06546	Q06546		GABPA		2.52759e+06	8.74631e+06	4.61435e+06	1.02675e+07	4.51987e+06	3.80412e+06	6.81208e+06	3.78364e+06
Q06587	Q06587		RING1		3.95946e+06	4.71234e+06	4.08347e+06	5.06933e+06	4.37746e+06	3.86874e+06	4.54902e+06	4.32597e+06
Q06609	Q06609		RAD51		1.06527e+06	1.31775e+06	1.13936e+06	1.48206e+06	1.37972e+06	2.15659e+06	1.35301e+06	1.54203e+06
Q06787	Q06787		FMR1		6.34492e+06	6.74536e+06	7.18634e+06	7.00415e+06	6.50054e+06	3.59932e+06	7.6199e+06	3.98172e+06
Q06830	Q06830		PRDX1		4.70745e+08	4.90119e+08	4.58656e+08	4.28986e+08	5.30877e+08	3.97929e+08	5.39069e+08	4.79901e+08
Q07011	Q07011		TNFRSF9		1.05463e+06	837683	1.80249e+06	1.32553e+06	439926	902894	912697	710524
Q07020	Q07020		RPL18		1.04346e+08	9.74199e+07	1.27383e+08	9.03675e+07	1.01244e+08	1.13073e+08	9.61458e+07	9.53872e+07
Q07021	Q07021		C1QBP		8.49975e+08	5.08699e+08	7.96687e+08	3.03651e+08	9.69096e+08	5.13703e+08	9.45395e+08	5.79079e+08
Q07065	Q07065		CKAP4		3.36372e+08	3.42566e+08	3.18774e+08	3.0287e+08	4.07074e+08	4.44399e+08	3.4898e+08	4.61787e+08
Q07157	Q07157		TJP1		3.73454e+07	1.86808e+07	3.67707e+07	2.48354e+07	3.05391e+07	3.15145e+07	2.87192e+07	2.41631e+07
Q07352	Q07352		ZFP36L1		4.11528e+06	1.7736e+06	2.30139e+06	2.50546e+06	5.27242e+06	1.69272e+06	2.8106e+06	1.51059e+06
Q07617	Q07617		SPAG1		1.89303e+06	1.45104e+06	1.82632e+06	1.36214e+06	1.8018e+06	1.8118e+06	1.54732e+06	1.50213e+06
Q07666	Q07666		KHDRBS1		5.78706e+06	3.37424e+07	1.89366e+07	3.8574e+07	1.14671e+07	1.44947e+07	2.42481e+07	1.39445e+07
Q07812	Q07812		BAX		2.77853e+07	4.23158e+07	3.15361e+07	3.58053e+07	3.39768e+07	3.77773e+07	3.70804e+07	4.27867e+07
Q07817	Q07817		BCL2L1		7.07634e+06	1.00895e+07	9.12442e+06	8.04804e+06	6.05293e+06	1.23751e+07	9.79714e+06	1.15109e+07
Q07820	Q07820		MCL1		1.95334e+07	1.10485e+07	1.71749e+07	1.57012e+07	2.82942e+07	1.99646e+07	1.32758e+07	1.53856e+07
Q07864	Q07864		POLE		300017	1.02272e+06	896217	1.51094e+06	443201	888384	803042	819071
Q07866	Q07866		KLC1		1.14614e+07	1.34728e+07	1.25203e+07	1.48339e+07	1.12143e+07	1.02713e+07	1.15509e+07	9.55934e+06
Q07889	Q07889		SOS1		6.41344e+06	8.4679e+06	7.61316e+06	8.35596e+06	6.41372e+06	7.2479e+06	8.03416e+06	7.94315e+06
Q07954	Q07954		LRP1		1.03765e+07	7.72122e+06	8.06707e+06	6.91511e+06	7.33485e+06	6.3661e+06	8.64235e+06	5.45508e+06
Q07955	Q07955		SRSF1		2.17253e+07	2.21036e+07	2.1869e+07	1.88285e+07	1.83654e+07	1.52757e+07	2.11263e+07	1.59534e+07
Q07960	Q07960		ARHGAP1		1.23834e+07	2.21362e+07	2.09104e+07	3.07234e+07	1.15831e+07	1.80493e+07	1.79949e+07	1.63317e+07
Q08117	Q08117		TLE5		2.65867e+06	4.35416e+06	3.34454e+06	3.49579e+06	2.82271e+06	3.69328e+06	2.99609e+06	4.18614e+06
Q08170	Q08170		SRSF4		1.7287e+07	1.73025e+07	1.86865e+07	1.77506e+07	1.50623e+07	1.31444e+07	2.01124e+07	
Q08174	Q08174		PCDH1		2.94844e+06	854610	2.746e+06	1.64725e+06	1.88239e+06	2.08147e+06	1.67609e+06	1.27942e+06
Q08188	Q08188		TGM3		2.03942e+06	1.58597e+08	3.82e+06	5.02681e+06	2.23225e+06	2.20341e+06	5.01336e+06	2.97763e+06
Q08209	Q08209		PPP3CA		3.43786e+07	4.07244e+07	3.73232e+07	4.05892e+07	2.55902e+07	2.76173e+07	3.78477e+07	3.26442e+07
Q08211	Q08211		DHX9		1.70838e+08	4.12491e+08	2.99392e+08	6.65745e+08	2.22556e+08	2.96311e+08	3.30527e+08	2.3284e+08
Q08257	Q08257		CRYZ		4.02515e+07	2.61241e+07	3.14312e+07	1.6922e+07	3.092e+07	1.7799e+07	3.23209e+07	1.83946e+07
Q08334	Q08334		IL10RB		5.37023e+06	3.26966e+06	4.05506e+06	3.2551e+06	5.7504e+06	6.16195e+06	4.70279e+06	5.24229e+06
Q08345	Q08345		DDR1		2.72417e+07	9.95299e+06	1.32686e+07	1.15654e+07	1.40752e+07	1.17007e+07	1.55016e+07	1.06478e+07
Q08357	Q08357		SLC20A2		5.23313e+06	4.9955e+06	5.01054e+06	4.56925e+06	5.14944e+06	6.58508e+06	5.04894e+06	6.0107e+06
Q08378	Q08378		GOLGA3		7.65622e+06	5.77677e+06	6.68941e+06	4.77614e+06	9.11996e+06	6.23174e+06	6.95632e+06	6.93698e+06
Q08379	Q08379		GOLGA2		3.75221e+06	3.14406e+06	3.74101e+06	2.89221e+06	4.78265e+06	2.32289e+06	3.51852e+06	1.97135e+06
Q08380	Q08380		LGALS3BP		8.31792e+06	5.84744e+06	7.90614e+06	4.41414e+06	7.54172e+06	8.80224e+06	6.3913e+06	8.08885e+06
Q08397	Q08397		LOXL1		2.47916e+06	1.84756e+06	2.94288e+06	3.19003e+06	2.40735e+06	4.66547e+06	2.59666e+06	3.78249e+06
Q08426	Q08426		EHHADH		2.42288e+07	1.89878e+07	2.2072e+07	1.5588e+07	2.84531e+07	3.23836e+07	2.70053e+07	2.82129e+07
Q08431	Q08431		MFGE8		4.44078e+06	3.90344e+06	5.08619e+06	5.4324e+06	2.91997e+06	6.40087e+06	4.81855e+06	4.99919e+06
Q08554	Q08554		DSC1		1.01653e+07	3.5122e+07	1.12209e+07	1.27655e+07	1.26921e+07	9.22022e+06	1.43157e+07	1.19998e+07
Q08629	Q08629		SPOCK1		1.40053e+07	1.10675e+07	8.33536e+06	6.37972e+06	3.36258e+07	6.3513e+06	9.04466e+06	5.86525e+06
Q08722	Q08722		CD47		2.0361e+08	1.48774e+08	1.78105e+08	1.42114e+08	2.05755e+08	1.89932e+08	1.5683e+08	1.35795e+08
Q08752	Q08752		PPID		8.03086e+06	1.16558e+07	8.77807e+06	8.81719e+06	8.47267e+06	8.23324e+06	1.02758e+07	9.47353e+06
Q08945	Q08945		SSRP1		5.95685e+06	3.25475e+07	1.25535e+07	3.66506e+07	8.31706e+06	2.00174e+07	1.59494e+07	2.53641e+07
Q08999	Q08999		RBL2		5.30143e+06	4.365e+06	6.88163e+06	4.5914e+06	6.49377e+06	5.53913e+06	5.37909e+06	3.47579e+06
Q08AD1	Q08AD1		CAMSAP2		4.84231e+06	7.21712e+06	7.32016e+06	7.07186e+06	5.21185e+06	4.70455e+06	6.07793e+06	4.10509e+06
Q08AE8	Q08AE8		SPIRE1		4.53587e+06	5.38896e+06	4.78775e+06	4.83766e+06	5.07268e+06	3.9523e+06	5.28248e+06	4.12619e+06
Q08AF3	Q08AF3		SLFN5		3.8922e+06	1.12622e+07	6.79212e+06	1.19003e+07	4.38685e+06	6.76599e+06	7.72687e+06	6.15741e+06
Q08AI8	Q08AI8		MAB21L4			1.10214e+06			265706	420730	247217	
Q08AM6	Q08AM6		VAC14		7.91876e+06	1.05339e+07	9.47072e+06	1.20147e+07	9.10765e+06	7.63805e+06	8.87406e+06	8.50649e+06
Q08J23	Q08J23		NSUN2		9.9272e+06	1.88168e+07	1.53546e+07	1.52233e+07	1.38867e+07	1.12317e+07	1.9018e+07	1.40891e+07
Q09028	Q09028		RBBP4		6.7494e+06	2.22593e+07	1.18604e+07	1.72461e+07	1.35592e+07	1.00825e+07	1.85568e+07	1.03564e+07
Q09161	Q09161		NCBP1		9.44602e+06	2.16674e+07	1.5028e+07	2.07529e+07	1.29175e+07	1.14971e+07	1.71134e+07	1.09027e+07
Q09328	Q09328		MGAT5		1.08589e+07	7.96838e+06	9.97443e+06	1.06318e+07	1.08224e+07	1.73012e+07	9.66406e+06	1.19263e+07
Q09472	Q09472		EP300		1.54665e+06	2.96795e+06	1.82589e+06	2.78744e+06	1.94258e+06	1.92198e+06	2.14072e+06	2.1048e+06
Q09666	Q09666		AHNAK		4.58064e+08	2.40736e+08	3.78532e+08	2.50135e+08	2.73206e+08	2.43987e+08	3.89447e+08	2.8012e+08
Q0GE19	Q0GE19		SLC10A7		777219	1.08102e+06	956638	976199	1.04891e+06	1.39831e+06	944585	1.25216e+06
Q0IIM8	Q0IIM8		TBC1D8B		2.69993e+06	3.82416e+06	4.26716e+06	6.09436e+06	2.51337e+06	2.72686e+06	4.12936e+06	2.34162e+06
Q0JRZ9	Q0JRZ9		FCHO2		1.59867e+06	2.88322e+06	2.32149e+06	3.91747e+06	1.66279e+06	2.11896e+06	1.94001e+06	1.92069e+06
Q0P651	Q0P651		ABHD18		1.27067e+06	701357	790352	468938	1.26419e+06	464774	946720	577899
Q0P6H9	Q0P6H9		TMEM62		197542		163624	140074	213050	227013	147054	151255
Q0PNE2	Q0PNE2		ELP6		1.60373e+06	3.02275e+06	2.39341e+06	3.28434e+06	1.76789e+06	2.37645e+06	2.74861e+06	2.33182e+06
Q0VAQ4	Q0VAQ4		SMAGP		1.57452e+07	4.25349e+06	1.34611e+07	1.2207e+07	1.55964e+07	2.12274e+07	1.75181e+07	1.74382e+07
Q0VDF9	Q0VDF9		HSPA14		9.19509e+06	1.34408e+07	1.22224e+07	1.23826e+07	9.89214e+06	1.00004e+07	1.32994e+07	9.37881e+06
Q0VDG4	Q0VDG4		SCRN3		348502		561156	562094	582750	447334	1.00205e+06	598418
Q0VDI3	Q0VDI3		TMEM267		838480	2.08211e+06	2.53058e+06	2.27479e+06	1.23201e+06	2.74528e+06	1.56887e+06	2.9658e+06
Q0VGL1	Q0VGL1		LAMTOR4		1.46647e+07	4.73687e+06	6.13897e+06	4.95057e+06	6.08496e+06	8.15868e+06	4.42212e+06	5.65056e+06
Q10469	Q10469		MGAT2		2.84171e+07	2.19208e+07	3.0851e+07	3.38704e+07	3.47897e+07	5.36081e+07	2.89299e+07	3.45733e+07
Q10471	Q10471		GALNT2		3.70084e+07	2.89486e+07	3.70725e+07	3.72491e+07	4.82886e+07	4.67909e+07	3.53098e+07	3.48814e+07
Q10472	Q10472		GALNT1		1.46583e+07	1.50539e+07	1.19294e+07	1.49496e+07	1.85487e+07	2.43457e+07	1.5317e+07	2.1235e+07
Q10567	Q10567		AP1B1		5.12544e+07	5.86858e+07	5.4275e+07	6.23259e+07	6.04707e+07	4.44079e+07	5.41952e+07	4.62215e+07
Q10570	Q10570		CPSF1		1.93973e+06	5.77919e+06	3.93685e+06	8.08348e+06	2.62546e+06	2.75963e+06	4.2882e+06	2.58963e+06
Q10588	Q10588		BST1		6.95919e+06	5.97442e+06	7.15814e+06	7.17233e+06	3.76174e+06	9.75064e+06	4.38086e+06	4.73777e+06
Q10589	Q10589		BST2			251452	318585		231184	201376		
Q10713	Q10713		PMPCA		6.2209e+07	3.40261e+07	5.28867e+07	1.63151e+07	8.60169e+07	2.6749e+07	7.6169e+07	3.54081e+07
Q11201	Q11201		ST3GAL1		7.61894e+06	6.74734e+06	7.16742e+06	7.33222e+06	8.54058e+06	8.73138e+06	7.46565e+06	7.66691e+06
Q11206	Q11206		ST3GAL4		3.40182e+06	3.44793e+06	3.3501e+06	3.79104e+06	4.17706e+06	6.65155e+06	3.40767e+06	5.83197e+06
Q12756	Q12756		KIF1A		1.20992e+07	6.08302e+06	1.59094e+07	1.59842e+07	6.93953e+06	8.57546e+06	6.96738e+06	3.62456e+06
Q12765	Q12765		SCRN1		2.46123e+07	1.7023e+07	2.43748e+07	1.76854e+07	1.88478e+07	1.83829e+07	2.67216e+07	1.51039e+07
Q12767	Q12767		TMEM94		6.21977e+06	6.25372e+06	6.92871e+06	5.66432e+06	6.0251e+06	6.0409e+06	6.15958e+06	5.81303e+06
Q12768	Q12768		WASHC5		3.47289e+06	5.85277e+06	4.40046e+06	6.12045e+06	4.03997e+06	3.70058e+06	4.17742e+06	3.92865e+06
Q12769	Q12769		NUP160		1.40843e+07	2.0985e+07	1.65658e+07	1.73028e+07	2.5298e+07	1.2314e+07	2.71077e+07	1.77124e+07
Q12770	Q12770		SCAP		1.49258e+07	1.84102e+07	1.79688e+07	1.66247e+07	1.78406e+07	2.12399e+07	1.80661e+07	2.26759e+07
Q12772	Q12772		SREBF2		2.40117e+06	2.63662e+06	2.74974e+06	2.72156e+06	2.22335e+06	3.00394e+06	2.64983e+06	3.00299e+06
Q12778	Q12778		FOXO1		141829	64685.9	122430	98774.2	124231	65770.9	113372	59672
Q12788	Q12788		TBL3		4.44359e+06	7.72378e+06	6.6297e+06	9.05522e+06	5.4134e+06	5.60297e+06	7.23622e+06	5.46502e+06
Q12789	Q12789		GTF3C1		4.55606e+06	1.21302e+07	7.7947e+06	1.49089e+07	6.52152e+06	8.478e+06	8.32703e+06	7.50477e+06
Q12791	Q12791		KCNMA1		2.73224e+07	3.53378e+07	2.75691e+07	2.98074e+07	2.50098e+07	3.79875e+07	2.80353e+07	3.75703e+07
Q12792	Q12792		TWF1		1.2156e+07	2.18893e+07	1.63896e+07	2.37787e+07	1.27888e+07	2.05305e+07	1.76466e+07	2.00268e+07
Q12797	Q12797		ASPH		1.20506e+08	1.12522e+08	1.30005e+08	1.36335e+08	1.21699e+08	1.60209e+08	1.27337e+08	1.51702e+08
Q12800	Q12800		TFCP2		3.12992e+06	6.67284e+06	4.74807e+06	7.10572e+06	3.92632e+06	3.69846e+06	5.93838e+06	5.30668e+06
Q12802	Q12802		AKAP13		1.2523e+07	9.81196e+06	1.38634e+07	1.17528e+07	9.56386e+06	8.57903e+06	1.2545e+07	7.21619e+06
Q12805	Q12805		EFEMP1		1.44008e+06	1.61041e+06	1.81603e+06	996073	1.93949e+06	2.09534e+06	1.70356e+06	1.87001e+06
Q12824	Q12824		SMARCB1		2.08452e+06	5.68628e+06	3.31856e+06	7.28509e+06	3.33909e+06	2.47424e+06	5.06114e+06	2.86408e+06
Q12830	Q12830		BPTF			3.0838e+06	1.70562e+06	3.13089e+06	1.98446e+06	1.15543e+06	2.64734e+06	1.91313e+06
Q12834	Q12834		CDC20		4.07099e+06	4.98579e+06	4.78044e+06	5.39196e+06	4.86433e+06	8.22876e+06	4.82714e+06	7.76778e+06
Q12841	Q12841		FSTL1		1.52883e+07	6.3456e+06	1.0809e+07	5.62754e+06	2.50458e+07	1.61462e+07	8.38391e+06	9.1719e+06
Q12846	Q12846		STX4		1.89317e+07	2.19739e+07	2.03635e+07	1.50426e+07	1.80766e+07	1.71159e+07	2.00919e+07	1.70753e+07
Q12849	Q12849		GRSF1		7.737e+07	4.31547e+07	6.96509e+07	3.33132e+07	9.71079e+07	8.72091e+07	8.27095e+07	9.79273e+07
Q12851	Q12851		MAP4K2			349199	263939	337728		303529	315928	243610
Q12857	Q12857		NFIA			512537	132689	421953	199233	186931	254972	162342
Q12860	Q12860		CNTN1		7.30861e+06	7.19436e+06	1.04431e+07	9.26772e+06	4.83293e+06	9.07268e+06	9.12224e+06	7.22239e+06
Q12866	Q12866		MERTK		3.33173e+06	1.56792e+06	2.79998e+06	2.41116e+06	3.15617e+06	3.01809e+06	2.60985e+06	2.52182e+06
Q12873	Q12873		CHD3		3.69909e+06	1.25262e+07	5.24898e+06	1.26721e+07	4.61401e+06	3.88629e+06	8.10574e+06	4.36332e+06
Q12874	Q12874		SF3A3		6.8342e+06	1.77748e+07	1.287e+07	1.72979e+07	8.1866e+06	1.36071e+07	1.1889e+07	1.42056e+07
Q12882	Q12882		DPYD		833104	847536	761431	660264	641326	653305	735360	619557
Q12887	Q12887		COX10		5.82011e+06	8.28341e+06	5.2538e+06	4.92054e+06	9.1049e+06	1.03204e+07	9.09195e+06	1.45801e+07
Q12888	Q12888		TP53BP1		4.0454e+06	9.95797e+06	7.21959e+06	1.20778e+07	5.38082e+06	4.22421e+06	8.05421e+06	3.89434e+06
Q12891	Q12891		HYAL2		3.01785e+06	2.60239e+06	3.12273e+06	2.1949e+06	4.74952e+06	4.02666e+06	3.17986e+06	3.12069e+06
Q12893	Q12893		TMEM115		5.07387e+06	7.388e+06	7.45664e+06	6.9886e+06	7.6566e+06	1.09673e+07	7.06208e+06	8.98549e+06
Q12894	Q12894		IFRD2		857035	1.21857e+06	1.27309e+06	1.74283e+06	1.40658e+06	1.15383e+06	1.23486e+06	983141
Q12899	Q12899		TRIM26		1.33132e+06	2.32572e+06	1.98602e+06	1.59999e+06	1.74507e+06	3.39239e+06	1.61366e+06	3.50845e+06
Q12904	Q12904		AIMP1		4.04404e+07	3.32197e+07	3.24294e+07	2.47855e+07	4.12248e+07	2.07888e+07	3.85819e+07	2.46166e+07
Q12905	Q12905		ILF2		1.10616e+07	3.08402e+07	2.2771e+07	3.91234e+07	1.71451e+07	2.12007e+07	2.86268e+07	1.84121e+07
Q12906	Q12906		ILF3		2.60204e+07	7.20581e+07	5.05708e+07	8.49066e+07	3.82609e+07	3.8534e+07	6.44758e+07	3.31582e+07
Q12907	Q12907		LMAN2		8.73533e+07	1.93136e+08	1.26529e+08	1.49184e+08	1.28123e+08	2.06194e+08	1.65615e+08	2.30745e+08
Q12913	Q12913		PTPRJ		1.80663e+07	2.48259e+07	1.81444e+07	1.48192e+07	2.43322e+07	2.10102e+07	2.09914e+07	2.35662e+07
Q12923	Q12923		PTPN13		9.56607e+06	1.02579e+07	7.65105e+06	7.29956e+06	1.0759e+07	6.5565e+06	8.57294e+06	8.28941e+06
Q12929	Q12929		EPS8		1.10925e+07	1.25238e+07	1.24109e+07	1.05994e+07	9.52009e+06	1.11066e+07	1.34643e+07	1.4151e+07
Q12931	Q12931		TRAP1		2.03879e+08	1.27852e+08	2.04897e+08	8.78862e+07	2.54584e+08	9.83475e+07	2.66541e+08	1.24061e+08
Q12933	Q12933		TRAF2		1.87389e+06	2.99654e+06	2.74508e+06	2.96083e+06	2.45853e+06	2.49589e+06	2.85035e+06	3.30382e+06
Q12955	Q12955		ANK3		1.91952e+07	1.74532e+07	1.84723e+07	1.8731e+07	1.46206e+07	1.065e+07	1.73977e+07	1.12954e+07
Q12959	Q12959		DLG1		5.09939e+07	3.61893e+07	5.48635e+07	3.56308e+07	4.49544e+07	4.01712e+07	5.12217e+07	4.13634e+07
Q12962	Q12962		TAF10		523486	1.0116e+06	844117	1.4015e+06	659675	648022	1.04401e+06	311912
Q12965	Q12965		MYO1E		1.485e+07	1.48128e+07	1.60656e+07	1.41168e+07	1.31752e+07	1.37742e+07	1.36614e+07	1.36429e+07
Q12972	Q12972		PPP1R8		2.33365e+06	4.11279e+06	3.00689e+06	3.46512e+06	3.40359e+06	2.33102e+06	3.91531e+06	3.42164e+06
Q12974	Q12974		PTP4A2		1.63466e+07	1.41023e+07	1.76348e+07	1.14285e+07	1.60971e+07	2.07959e+07	1.7156e+07	2.73656e+07
Q12979	Q12979		ABR		1.04044e+07	1.57688e+07	1.17559e+07	1.58205e+07	1.06664e+07	9.54704e+06	1.08474e+07	9.6402e+06
Q12981	Q12981		BNIP1		2.18314e+07	2.49826e+07	2.75798e+07	2.92631e+07	3.01376e+07	3.87942e+07	3.35286e+07	3.90003e+07
Q12982	Q12982		BNIP2		2.96979e+06	5.65809e+06	4.95128e+06	7.10475e+06	2.5058e+06	4.52416e+06	3.72965e+06	3.60194e+06
Q12983	Q12983		BNIP3		4.15662e+06	2.74059e+06	2.54325e+06	3.00468e+06	3.2493e+06	3.2032e+06	3.63975e+06	4.35031e+06
Q12986	Q12986		NFX1		384758	265609	412808	367240	400773	286391	433358	240863
Q12996	Q12996		CSTF3		2.83736e+06	1.34569e+07	5.34743e+06	1.6276e+07	3.94208e+06	7.27639e+06	5.61896e+06	8.00327e+06
Q12999	Q12999		TSPAN31		1.30333e+06	1.4872e+06	1.45277e+06	1.51033e+06	1.56971e+06	1.23932e+06	1.60296e+06	1.45307e+06
Q13009	Q13009		TIAM1		2.3043e+06	2.49271e+06	2.1019e+06	2.05273e+06	1.87885e+06	1.64549e+06	2.3275e+06	1.85122e+06
Q13011	Q13011		ECH1		1.58972e+08	7.3336e+07	1.13071e+08	4.8201e+07	1.57916e+08	7.62735e+07	1.21866e+08	8.33407e+07
Q13017	Q13017		ARHGAP5		9.30726e+06	8.40664e+06	9.98526e+06	1.09811e+07	8.99957e+06	7.23902e+06	1.03838e+07	7.11054e+06
Q13033	Q13033		STRN3		7.40551e+06	7.15343e+06	8.26336e+06	6.56775e+06	8.27886e+06	6.75659e+06	8.37588e+06	6.35505e+06
Q13042	Q13042		CDC16		2.4166e+06	4.71131e+06	3.74434e+06	5.67437e+06	3.22263e+06	2.95796e+06	3.75768e+06	2.45432e+06
Q13043	Q13043		STK4		1.68738e+06	1.74138e+06	1.78888e+06	1.99095e+06	1.46377e+06	1.37428e+06	1.59709e+06	1.39937e+06
Q13045	Q13045		FLII		1.5377e+07	2.24352e+07	2.27092e+07	2.72213e+07	1.3316e+07	1.72178e+07	1.82949e+07	1.58486e+07
Q13049	Q13049		TRIM32		1.20804e+07	1.10043e+07	1.28348e+07	1.37688e+07	1.12469e+07	2.0487e+07	1.30864e+07	1.44987e+07
Q13057	Q13057		COASY		1.22895e+07	1.53515e+07	1.36862e+07	1.37963e+07	1.73775e+07	1.03279e+07	1.79285e+07	1.29094e+07
Q13084	Q13084		MRPL28		3.21229e+07	2.39951e+07	2.61079e+07	1.58075e+07	4.43798e+07	2.65017e+07	3.64574e+07	3.23581e+07
Q13085	Q13085		ACACA		9.91286e+06	1.69768e+07	1.53779e+07	2.06336e+07	1.02486e+07	1.41605e+07	1.30378e+07	1.32485e+07
Q13098	Q13098		GPS1		7.62606e+06	1.78917e+07	1.46457e+07	2.09512e+07	8.50911e+06	1.36149e+07	1.46725e+07	1.33376e+07
Q13107	Q13107		USP4		6.081e+06	9.39088e+06	7.8095e+06	9.55428e+06	6.8664e+06	8.36687e+06	8.83162e+06	8.93539e+06
Q13111	Q13111		CHAF1A		770586	1.25273e+06		1.21002e+06		897925	1.53041e+06	928816
Q13114	Q13114		TRAF3		9.57919e+06	8.06445e+06	9.48801e+06	9.7038e+06	8.71673e+06	7.86142e+06	8.05091e+06	7.23998e+06
Q13115	Q13115		DUSP4		836558	3.47445e+06	2.40795e+06	3.54694e+06	1.77461e+06	3.07696e+06	2.83546e+06	4.07824e+06
Q13123	Q13123		IK		2.44386e+06	4.49356e+06	3.60873e+06	4.72361e+06	3.96581e+06	2.42725e+06	5.0937e+06	3.26963e+06
Q13126	Q13126		MTAP		1.53555e+06	2.20705e+06	1.59512e+06		1.15958e+06	1.9196e+06		2.25586e+06
Q13131	Q13131		PRKAA1		9.23269e+06	1.30973e+07	1.28354e+07	1.67799e+07	1.06025e+07	1.20653e+07	1.2125e+07	1.14116e+07
Q13136	Q13136		PPFIA1		1.97367e+07	1.29384e+07	1.63595e+07	1.21825e+07	2.7093e+07	1.25095e+07	1.83092e+07	1.40394e+07
Q13137	Q13137		CALCOCO2		2.81418e+06	3.60947e+06	3.20597e+06	3.02042e+06	2.73143e+06	4.9169e+06	3.3651e+06	5.14434e+06
Q13144	Q13144		EIF2B5		4.18413e+06	7.16022e+06	6.62005e+06	9.44861e+06	5.41393e+06	5.3705e+06	6.75705e+06	5.04132e+06
Q13148	Q13148		TARDBP		1.24383e+07	2.0335e+07	1.79391e+07	2.21077e+07	1.50665e+07	1.14991e+07	2.18236e+07	1.10229e+07
Q13151	Q13151		HNRNPA0		1.22388e+07	2.35278e+07	2.14516e+07	2.62626e+07	1.54514e+07	1.33563e+07	2.81387e+07	1.48152e+07
Q13153	Q13153		PAK1		5.51346e+06	1.21503e+07	9.86149e+06	1.47775e+07	6.70567e+06	8.15118e+06	1.00434e+07	8.01139e+06
Q13155	Q13155		AIMP2		4.05505e+07	3.62956e+07	3.41965e+07	3.16315e+07	4.36583e+07	2.22353e+07	4.06442e+07	2.54601e+07
Q13158	Q13158		FADD		3.36183e+06	3.84011e+06	3.04613e+06	3.58641e+06	3.90152e+06	4.64007e+06	4.06644e+06	5.09747e+06
Q13162	Q13162		PRDX4		9.40316e+08	3.30896e+08	8.11952e+08	3.60871e+08	9.51653e+08	7.22777e+08	6.88117e+08	4.97978e+08
Q13163	Q13163		MAP2K5		819986	1.56734e+06	1.41786e+06	1.86569e+06	746073	980884	1.09716e+06	1.10856e+06
Q13164	Q13164		MAPK7		1.38648e+06	2.29356e+06	1.43484e+06	2.15615e+06	1.28927e+06	1.17787e+06	1.79147e+06	1.64896e+06
Q13177	Q13177		PAK2		2.04167e+07	3.5474e+07	3.2031e+07	4.64103e+07	2.37854e+07	3.09372e+07	3.13976e+07	2.94553e+07
Q13185	Q13185		CBX3		6.78657e+06	1.133e+07	1.09189e+07	1.64708e+07	8.92782e+06	1.57827e+07	1.14636e+07	1.39676e+07
Q13188	Q13188		STK3		1.11825e+07	1.138e+07	1.29584e+07	1.42447e+07	1.02224e+07	9.22171e+06	1.21752e+07	8.6649e+06
Q13190	Q13190		STX5		1.10254e+07	1.02397e+07	1.1874e+07	1.17574e+07	1.40428e+07	1.25231e+07	1.25485e+07	1.22484e+07
Q13191	Q13191		CBLB		1.34931e+08	1.44801e+08	1.35999e+08	1.18048e+08	1.71534e+08	1.4375e+08	1.43184e+08	1.58831e+08
Q13200	Q13200		PSMD2		1.72844e+07	2.46288e+07	2.7528e+07	3.29241e+07	1.86716e+07	2.99348e+07	2.66343e+07	2.58502e+07
Q13206	Q13206		DDX10		5.71817e+06	6.67659e+06	6.33545e+06	6.52477e+06	3.76508e+06	6.09675e+06	5.9948e+06	5.87871e+06
Q13217	Q13217		DNAJC3		4.37258e+07	2.76276e+07	4.28376e+07	3.33027e+07	5.89201e+07	5.07912e+07	3.92808e+07	3.70532e+07
Q13219	Q13219		PAPPA		548220	610196	698936	337578	805708	379106	497768	228521
Q13232	Q13232		NME3		1.00664e+07	1.04341e+07	8.30545e+06	7.3902e+06	1.19464e+07	7.88622e+06	1.01776e+07	9.23007e+06
Q13233	Q13233		MAP3K1		2.38309e+06	2.46495e+06	2.94629e+06	3.37042e+06	2.39152e+06	3.2191e+06	2.93602e+06	2.93654e+06
Q13242	Q13242		SRSF9		7.17556e+06	8.57179e+06	9.47999e+06	8.86566e+06	1.03721e+07	5.42889e+06	1.36493e+07	6.65151e+06
Q13243	Q13243		SRSF5		3.00174e+06	3.01372e+06	3.09357e+06	2.99746e+06	2.49104e+06	2.80034e+06	3.15439e+06	3.69935e+06
Q13247	Q13247		SRSF6		5.67796e+06	5.79303e+06	5.5933e+06	5.44833e+06	5.19735e+06	4.36651e+06	5.62142e+06	4.59969e+06
Q13257	Q13257		MAD2L1		1.98253e+06	5.53804e+06	4.31963e+06	7.49288e+06	3.17692e+06	4.71023e+06	4.02939e+06	3.43348e+06
Q13261	Q13261		IL15RA		699464	486458	852795	618856	485884	595047	556996	226654
Q13263	Q13263		TRIM28		5.57699e+06	2.35821e+07	1.64782e+07	3.54149e+07	9.4661e+06	1.79037e+07	1.59169e+07	1.28117e+07
Q13277	Q13277		STX3		4.47194e+06	3.00568e+06	4.94382e+06	4.16403e+06	3.41929e+06	6.78725e+06	3.70054e+06	4.27059e+06
Q13283	Q13283		G3BP1		3.79714e+07	3.82947e+07	4.00463e+07	3.3776e+07	4.05351e+07	2.22985e+07	4.63907e+07	2.64141e+07
Q13286	Q13286		CLN3		1.54482e+06	1.66049e+06	1.70944e+06	1.56429e+06	2.20431e+06	2.40372e+06	1.94285e+06	2.6214e+06
Q13287	Q13287		NMI		433258	317818	379865	437701	420798	426580	434023	460439
Q13303	Q13303		KCNAB2		1.17997e+07	9.55101e+06	1.08193e+07	8.09535e+06	1.16098e+07	9.66815e+06	1.12747e+07	1.09e+07
Q13308	Q13308		PTK7		5.67041e+07	4.37014e+07	5.23749e+07	3.88005e+07	5.89352e+07	5.33356e+07	5.68831e+07	5.91485e+07
Q13309	Q13309		SKP2							3.65885e+06		2.57544e+06
Q13310	Q13310		PABPC4		5.38268e+07	4.99448e+07	6.41688e+07	5.64545e+07	4.75465e+07	3.44769e+07	5.76102e+07	3.4457e+07
Q13315	Q13315		ATM		2.67894e+06	4.30801e+06	3.24884e+06	3.80969e+06	3.37625e+06	3.19445e+06	3.66706e+06	3.16363e+06
Q13322	Q13322		GRB10		8.03564e+06	6.28515e+06	7.5507e+06	1.17208e+07	1.20151e+07	4.34236e+06	7.23409e+06	3.84261e+06
Q13325	Q13325		IFIT5		1.02534e+07	1.12514e+07	1.17109e+07	1.30759e+07	1.02199e+07	1.08565e+07	1.13978e+07	8.99552e+06
Q13330	Q13330		MTA1		883864	1.81523e+06	1.21306e+06	1.81073e+06	974731	1.07933e+06	1.43673e+06	1.28357e+06
Q13332	Q13332		PTPRS		1.35651e+07	1.07116e+07	1.23951e+07	1.0372e+07	1.35897e+07	1.10704e+07	1.47994e+07	1.21814e+07
Q13336	Q13336		SLC14A1		3.53598e+07	5.2687e+07	2.90069e+07	1.35142e+07	3.97384e+07	7.85283e+06	3.83979e+07	1.83694e+07
Q13347	Q13347		EIF3I		2.33465e+07	3.48306e+07	3.09508e+07	3.68175e+07	2.285e+07	2.69864e+07	2.92576e+07	2.75689e+07
Q13362	Q13362		PPP2R5C		4.47955e+06	4.91665e+06	5.64031e+06	6.4526e+06	4.97998e+06	5.63551e+06	4.90631e+06	4.49338e+06
Q13363	Q13363		CTBP1		7.41344e+06	2.66691e+07	1.99551e+07	3.83989e+07	1.36321e+07	1.90844e+07	2.03501e+07	2.09888e+07
Q13370	Q13370		PDE3B		1.89207e+06	1.46055e+06	1.76721e+06	1.38194e+06	1.75033e+06	2.05794e+06	1.81103e+06	2.4595e+06
Q13393	Q13393		PLD1		1.73397e+07	1.16865e+07	1.6e+07	1.26707e+07	8.30494e+06	1.02028e+07	1.36842e+07	8.58081e+06
Q13395	Q13395		TARBP1		2.60029e+06	3.33711e+06	3.79651e+06	3.80863e+06	2.87466e+06	2.80466e+06	2.75163e+06	2.14478e+06
Q13404	Q13404		UBE2V1		3.85896e+07	6.21847e+07	5.38333e+07	7.26109e+07	4.07871e+07	5.64527e+07	5.13062e+07	5.48831e+07
Q13405	Q13405		MRPL49		5.95646e+07	4.80526e+07	5.28132e+07	3.06359e+07	8.32341e+07	5.7209e+07	7.12474e+07	6.62751e+07
Q13409	Q13409		DYNC1I2		2.0396e+07	2.83202e+07	2.6324e+07	3.31102e+07	3.41481e+07	1.42816e+07	3.56204e+07	1.31641e+07
Q13416	Q13416		ORC2		8.08943e+06	9.80632e+06	6.46529e+06	7.12577e+06	4.57679e+06	7.7126e+06	7.93596e+06	6.76589e+06
Q13418	Q13418		ILK		1.95496e+07	1.44791e+07	1.56563e+07	1.69925e+07	1.98282e+07	1.54943e+07	1.51582e+07	1.61175e+07
Q13423	Q13423		NNT		9.89326e+07	1.56422e+08	9.87637e+07	1.06718e+08	1.28455e+08	1.27019e+08	1.43079e+08	1.68817e+08
Q13425	Q13425		SNTB2		3.88419e+07	2.8442e+07	4.08149e+07	3.42717e+07	3.03506e+07	4.16795e+07	3.69864e+07	3.51089e+07
Q13426	Q13426		XRCC4		1.15805e+06	3.45532e+06	2.04905e+06	4.30134e+06	1.18569e+06	2.51998e+06	2.14453e+06	2.27167e+06
Q13427	Q13427		PPIG		1.65345e+06	1.64985e+06	1.58165e+06	1.58217e+06	2.31979e+06	1.15581e+06	2.0095e+06	1.12082e+06
Q13428	Q13428		TCOF1		2.65147e+06	8.5783e+06	4.26292e+06	6.97441e+06	4.08781e+06	4.05012e+06	5.58573e+06	3.8976e+06
Q13432	Q13432		UNC119		459325	816558	615317	776903		745792	583563	492971
Q13433	Q13433		SLC39A6		9.45335e+06	1.13412e+07	9.28988e+06	7.26056e+06	8.68578e+06	8.14365e+06	9.60097e+06	6.9058e+06
Q13435	Q13435		SF3B2		8.62698e+06	1.76868e+07	1.48709e+07	1.90238e+07	1.22989e+07	1.19045e+07	1.71388e+07	1.59595e+07
Q13438	Q13438		OS9		1.3587e+07	2.11355e+07	1.37912e+07	1.33785e+07	2.40486e+07	2.6681e+07	1.89921e+07	2.98364e+07
Q13439	Q13439		GOLGA4		3.27808e+07	1.87222e+07	3.60174e+07	2.30144e+07	3.48062e+07	2.03667e+07	3.7402e+07	1.89605e+07
Q13442	Q13442		PDAP1		7.03974e+07	8.81711e+07	7.37271e+07	6.9379e+07	7.67431e+07	7.01149e+07	8.62126e+07	6.64367e+07
Q13443	Q13443		ADAM9		1.42936e+07	1.3102e+07	1.43934e+07	1.52484e+07	1.28834e+07	1.85361e+07	1.54683e+07	2.02688e+07
Q13444	Q13444		ADAM15		1.2932e+06	972227	1.85132e+06	1.60223e+06	1.18396e+06	2.89765e+06	1.17179e+06	1.76971e+06
Q13445	Q13445		TMED1		1.87185e+07	1.72609e+07	1.92505e+07	2.02077e+07	2.35238e+07	2.63563e+07	2.04185e+07	2.69348e+07
Q13451	Q13451		FKBP5		1.7327e+06	3.62857e+06	2.39834e+06	2.78257e+06	2.20801e+06	1.80475e+06	2.73044e+06	2.27409e+06
Q13454	Q13454		TUSC3		1.11135e+07	1.38884e+07	1.36155e+07	1.3985e+07	1.5547e+07	1.38835e+07	1.46422e+07	1.85962e+07
Q13459	Q13459		MYO9B		1.70818e+07	1.83867e+07	1.89927e+07	1.99334e+07	1.64734e+07	1.58541e+07	1.84487e+07	1.55634e+07
Q13461	Q13461		FOXE3					692214	447458		476221	
Q13464	Q13464		ROCK1		1.3446e+07	1.43117e+07	1.49483e+07	1.45711e+07	1.55835e+07	1.00933e+07	1.6668e+07	1.24248e+07
Q13472	Q13472		TOP3A		5.7953e+07	4.79554e+07	5.56034e+07	6.18483e+07	8.40351e+07	8.22495e+07	7.54682e+07	1.02337e+08
Q13478	Q13478		IL18R1		7.20174e+06	8.65934e+06	9.40999e+06	6.43224e+06	9.4152e+06	7.58215e+06	8.90287e+06	7.35545e+06
Q13485	Q13485		SMAD4		6.388e+06	1.03619e+07	8.17442e+06	9.08306e+06	9.17384e+06	5.43001e+06	1.08602e+07	6.72389e+06
Q13488	Q13488		TCIRG1		8.56132e+06	6.21569e+06	6.6816e+06	6.99625e+06	6.78454e+06	8.13262e+06	5.74753e+06	6.72704e+06
Q13490	Q13490		BIRC2		1.69133e+06	2.77548e+06	3.03601e+06	4.16014e+06	2.41283e+06	2.45985e+06	2.60429e+06	2.21263e+06
Q13491	Q13491		GPM6B		3.10028e+06	2.52573e+06	4.09314e+06	3.27074e+06	3.52615e+06	3.64468e+06	4.52977e+06	3.74359e+06
Q13492	Q13492		PICALM		5.93124e+07	5.64936e+07	5.32878e+07	5.64601e+07	5.51474e+07	3.82459e+07	4.82873e+07	3.45983e+07
Q13496	Q13496		MTM1		2.91112e+06	2.35335e+06	2.41418e+06	2.48493e+06	2.66853e+06	2.32212e+06	2.32158e+06	2.19093e+06
Q13501	Q13501		SQSTM1		1.21301e+07	2.50506e+07	2.1184e+07	2.34561e+07	1.49951e+07	2.19218e+07	2.51511e+07	2.57451e+07
Q13505	Q13505		MTX1		5.0667e+07	3.86211e+07	5.15161e+07	4.87768e+07	4.44208e+07	6.78358e+07	4.23727e+07	5.26189e+07
Q13506	Q13506		NAB1		595746	739488	638012	524751	887832	534047	797339	751411
Q13508	Q13508		ART3		3.77354e+06	3.7422e+06	3.17087e+06	3.80293e+06	3.56944e+06	3.29555e+06	6.34905e+06	5.12574e+06
Q13509	Q13509		TUBB3		7.93841e+08	1.27375e+09	9.39994e+08	1.64038e+09	7.4108e+08	1.10466e+09	9.49498e+08	9.46498e+08
Q13510	Q13510		ASAH1		1.58614e+07	1.17069e+07	1.42244e+07	7.41521e+06	2.89416e+07	9.06248e+06	1.99101e+07	1.23556e+07
Q13523	Q13523		PRP4K		2.77143e+06	5.77769e+06	4.90142e+06	7.62287e+06	3.39891e+06	4.83716e+06	4.34395e+06	4.29636e+06
Q13526	Q13526		PIN1		7.93646e+06	1.09163e+07	9.12954e+06	7.65152e+06	7.96175e+06	8.35869e+06	1.06166e+07	1.09995e+07
Q13530	Q13530		SERINC3		1.47959e+07	1.24693e+07	1.34627e+07	1.12334e+07	1.08257e+07	1.70897e+07	1.31307e+07	1.89806e+07
Q13535	Q13535		ATR		2.22232e+06	5.06924e+06	3.65744e+06	6.51881e+06	2.85817e+06	4.02683e+06	3.76172e+06	3.80463e+06
Q13541	Q13541		EIF4EBP1		4.6549e+06	5.43005e+06	3.76603e+06	3.8244e+06	5.44511e+06	1.53702e+06	8.72696e+06	2.63413e+06
Q13546	Q13546		RIPK1		8.65248e+06	1.12468e+07	1.1404e+07	1.29678e+07	9.55548e+06	9.68023e+06	1.10328e+07	8.97298e+06
Q13547	Q13547		HDAC1		2.57924e+06	8.58572e+06	4.15317e+06	8.90805e+06	4.67427e+06	3.96635e+06	6.03601e+06	3.97341e+06
Q13555	Q13555		CAMK2G		6.8914e+06	6.68258e+06	9.99205e+06	1.05828e+07	6.21093e+06	8.28092e+06	9.08988e+06	7.4443e+06
Q13557	Q13557		CAMK2D		1.59128e+07	2.45372e+07	2.42596e+07	2.58984e+07	1.61879e+07	1.53743e+07	2.66565e+07	2.00356e+07
Q13561	Q13561		DCTN2		1.80682e+07	1.73715e+07	1.48528e+07	1.34272e+07	1.94129e+07	9.5758e+06	1.52183e+07	1.07398e+07
Q13563	Q13563		PKD2		2.89916e+06	2.33389e+06	2.2475e+06	2.51077e+06	3.1487e+06	3.69146e+06	2.17085e+06	3.71454e+06
Q13564	Q13564		NAE1		1.22361e+06	2.24398e+06	1.6454e+06	1.71786e+06	1.35447e+06	1.68255e+06	1.99731e+06	1.39378e+06
Q13572	Q13572		ITPK1		1.8183e+06	2.06613e+06	2.83693e+06	3.10315e+06	1.78663e+06	3.32518e+06	1.98433e+06	2.4074e+06
Q13573	Q13573		SNW1		3.29388e+06	7.05053e+06	6.00748e+06	9.5205e+06	4.79015e+06	4.33692e+06	7.04956e+06	4.47238e+06
Q13576	Q13576		IQGAP2		7.82295e+06	4.66019e+06	6.2406e+06	4.63941e+06	1.08677e+07	4.41514e+06	5.99026e+06	4.79616e+06
Q13585	Q13585		GPR50		8.98744e+06	1.86599e+06	6.47892e+06	4.37765e+06	5.49144e+06	7.82999e+06	3.70139e+06	4.13206e+06
Q13586	Q13586		STIM1		3.75914e+07	3.96013e+07	3.72378e+07	3.556e+07	3.63947e+07	4.23262e+07	3.97653e+07	4.19737e+07
Q13595	Q13595		TRA2A		3.06668e+06	4.1655e+06	3.5585e+06	3.821e+06	3.33284e+06	2.5491e+06	4.75888e+06	2.93137e+06
Q13596	Q13596		SNX1		8.74854e+06	9.20975e+06	1.12014e+07	1.17074e+07	8.42346e+06	1.01252e+07	9.14812e+06	9.12051e+06
Q13601	Q13601		KRR1		7.21871e+06	1.40538e+07	1.07273e+07	1.39602e+07	1.10171e+07	8.13327e+06	1.31609e+07	8.34097e+06
Q13608	Q13608		PEX6		2.52167e+06	2.29903e+06	2.77704e+06	1.98137e+06	3.20346e+06	3.34681e+06	2.45091e+06	2.90927e+06
Q13610	Q13610		PWP1		3.07512e+06	5.15495e+06	3.64694e+06	4.09986e+06	3.13662e+06	4.69758e+06	4.28102e+06	5.1312e+06
Q13613	Q13613		MTMR1		8.07358e+06	9.47531e+06	8.97011e+06	9.42621e+06	8.84992e+06	8.80631e+06	8.96406e+06	9.47388e+06
Q13614	Q13614		MTMR2		1.62217e+06	1.52275e+06	1.65618e+06	1.61174e+06	1.81756e+06	1.77224e+06	1.66782e+06	1.6382e+06
Q13615	Q13615		MTMR3		1.1919e+06	1.26515e+06	891787	1.3842e+06	778125	1.0102e+06	866663	821632
Q13616	Q13616		CUL1		5.51418e+06	7.51102e+06	6.71982e+06	8.0073e+06	5.72386e+06	5.90217e+06	6.9524e+06	5.49385e+06
Q13617	Q13617		CUL2		5.63469e+07	9.94382e+07	8.94642e+07	1.48359e+08	5.05481e+07	7.07797e+07	6.88365e+07	5.3392e+07
Q13618	Q13618		CUL3		6.8527e+06	1.10902e+07	8.68781e+06	1.12198e+07	7.38992e+06	8.29912e+06	9.37302e+06	7.16898e+06
Q13619	Q13619		CUL4A		2.67549e+06	3.87832e+06	3.32623e+06	4.78416e+06	3.00902e+06	2.88047e+06	3.55991e+06	3.17783e+06
Q13620	Q13620		CUL4B		2.97494e+06	8.37986e+06	5.32452e+06	8.17073e+06	3.96708e+06	4.54308e+06	5.90479e+06	4.36036e+06
Q13625	Q13625		TP53BP2		9.58907e+06	7.25299e+06	8.58898e+06	6.05508e+06	1.0451e+07	7.02618e+06	9.69027e+06	7.74284e+06
Q13627	Q13627		DYRK1A		4.10566e+06	4.33903e+06	3.90714e+06	4.0717e+06	3.92069e+06	4.05991e+06	4.03783e+06	3.9031e+06
Q13630	Q13630		GFUS		3.59227e+06	6.35099e+06	3.26082e+06	2.5179e+06	3.55605e+06	2.90535e+06	3.99855e+06	2.99245e+06
Q13636	Q13636		RAB31		1.35382e+08	1.2804e+08	1.10733e+08	1.12671e+08	1.9402e+08	1.62698e+08	1.23354e+08	1.64783e+08
Q13637	Q13637		RAB32		3.4912e+07	2.73299e+07	4.06336e+07	4.16555e+07	2.73149e+07	5.37937e+07	3.42791e+07	4.37086e+07
Q13641	Q13641		TPBG		7.01463e+07	6.78231e+07	7.10359e+07	5.54761e+07	5.50839e+07	6.50386e+07	5.50282e+07	4.3674e+07
Q13642	Q13642		FHL1		3.73181e+07	5.03202e+07	4.24949e+07	5.077e+07	4.09297e+07	3.14688e+07	4.69989e+07	4.61162e+07
Q13643	Q13643		FHL3		1.3211e+06	1.20316e+06	1.16797e+06	1.20209e+06	1.09377e+06	1.30695e+06	1.32639e+06	1.31395e+06
Q13671	Q13671		RIN1		1.57427e+07	1.67713e+07	1.72838e+07	2.15713e+07	1.52207e+07	2.1784e+07	1.7187e+07	1.9442e+07
Q13683	Q13683		ITGA7		2.20445e+07	1.82467e+07	2.08336e+07	1.61392e+07	1.74964e+07	1.53637e+07	2.12621e+07	1.34856e+07
Q13685	Q13685		AAMP		1.24962e+06	2.06495e+06	1.29284e+06	1.2239e+06	1.42304e+06	1.8315e+06	1.75108e+06	2.273e+06
Q13686	Q13686		ALKBH1		5.21662e+06	3.19548e+06	3.43018e+06	2.97044e+06	7.41909e+06	4.83452e+06	4.72882e+06	6.00128e+06
Q13705	Q13705		ACVR2B		2.04044e+06	1.42192e+06	2.48026e+06	1.52809e+06	1.25239e+06	3.16268e+06	1.42915e+06	2.3507e+06
Q13724	Q13724		MOGS		7.73916e+07	5.83795e+07	8.1254e+07	8.1349e+07	7.44913e+07	1.14334e+08	6.30719e+07	7.61867e+07
Q13740	Q13740		ALCAM		7.59457e+07	5.00119e+07	1.06827e+08	7.2431e+07	5.89889e+07	1.28361e+08	1.04289e+08	1.00004e+08
Q13751	Q13751		LAMB3		9.36692e+07	4.33305e+07	1.42349e+08	1.19273e+08	1.57341e+08	3.04363e+08	9.02517e+07	1.70502e+08
Q13761	Q13761		RUNX3		1.71879e+06	5.11081e+06	2.51673e+06	4.84221e+06	2.85204e+06	2.45357e+06	3.04568e+06	2.18507e+06
Q13769	Q13769		THOC5		1.46115e+06	2.21753e+06	1.94894e+06	2.04739e+06	3.0935e+06	900775	3.64915e+06	1.04519e+06
Q13794	Q13794		PMAIP1		1.5827e+07	6.94271e+06	8.469e+06	8.28104e+06	1.89425e+07	2.03642e+07	7.70503e+06	9.88189e+06
Q13795	Q13795		ARFRP1		1.53645e+07	1.59826e+07	1.50527e+07	1.47839e+07	1.87608e+07	2.50857e+07	1.37591e+07	2.12241e+07
Q13796	Q13796		SHROOM2		528721	500309	477156	367470	612681	403830	507666	395297
Q13797	Q13797		ITGA9		775567	634669	885662	789549	667648	686537	753521	409520
Q13813	Q13813		SPTAN1		2.76386e+08	2.60313e+08	2.8525e+08	2.63788e+08	2.3603e+08	1.90528e+08	2.29091e+08	1.67317e+08
Q13823	Q13823		GNL2		1.31944e+06	2.76353e+06	2.34256e+06	3.8317e+06	2.09286e+06	1.91434e+06	1.98437e+06	1.7815e+06
Q13825	Q13825		AUH		1.20547e+07	1.10624e+07	1.01822e+07	7.01099e+06	1.63086e+07	1.23355e+07	1.38242e+07	1.52485e+07
Q13835	Q13835		PKP1		400834	2.98811e+07	403354	1.04717e+06	470074	410454	1.06005e+06	505094
Q13838	Q13838		DDX39B		1.90229e+07	7.37195e+07	4.34145e+07	7.9525e+07	3.124e+07	3.10669e+07	5.89946e+07	3.39973e+07
Q13867	Q13867		BLMH		1.6485e+07	1.75851e+07	1.77444e+07	1.10267e+07	1.59632e+07	1.1456e+07	1.99873e+07	1.42772e+07
Q13868	Q13868		EXOSC2		2.69296e+06	5.96277e+06	3.54854e+06	5.55761e+06	2.6823e+06	3.7642e+06	4.32491e+06	4.23437e+06
Q13873	Q13873		BMPR2		1.80973e+06	1.70338e+06	1.67576e+06	1.619e+06	1.64618e+06	2.16387e+06	1.67604e+06	2.94269e+06
Q13884	Q13884		SNTB1		1.57574e+07	1.14737e+07	1.37076e+07	1.02351e+07	1.13307e+07	1.12843e+07	1.12179e+07	1.1528e+07
Q13885	Q13885		TUBB2A		4.40605e+06	9.14144e+06	4.22032e+06	8.03609e+06	2.7895e+06	4.06968e+06	3.02845e+06	3.10476e+06
Q13888	Q13888		GTF2H2		1.27713e+06	4.31287e+06	2.21381e+06	3.7254e+06	1.93843e+06	2.82459e+06	2.62933e+06	2.64183e+06
Q13889	Q13889		GTF2H3		9.44356e+06	6.79352e+06	5.50808e+06	7.18331e+06	1.00801e+07	7.03916e+06	6.39258e+06	6.13621e+06
Q13895	Q13895		BYSL		2.5383e+06	5.15065e+06	4.84216e+06	6.9694e+06	2.90451e+06	4.21285e+06	4.29266e+06	3.29354e+06
Q13907	Q13907		IDI1		2.36676e+07	2.1097e+07	2.66276e+07	3.45808e+07	1.9473e+07	2.41706e+07	2.53763e+07	1.85599e+07
Q13938	Q13938		CAPS		2.79445e+06	1.63801e+06	1.62765e+06	1.30129e+06	3.07062e+06	1.62573e+06	2.70815e+06	3.04768e+06
Q13951	Q13951		CBFB		6.59188e+06	1.28158e+07	9.28503e+06	1.47672e+07	6.93744e+06	1.11567e+07	9.54894e+06	8.47142e+06
Q13952	Q13952		NFYC		1.48125e+06	5.52286e+06	3.08367e+06	6.66609e+06	2.07141e+06	3.5791e+06	3.52844e+06	2.72912e+06
Q14002	Q14002		CEACAM7			3.1967e+06		3.67501e+06				
Q14004	Q14004		CDK13		1.0464e+06	3.26885e+06	1.76422e+06	4.05727e+06	1.41697e+06	2.18313e+06	1.87779e+06	1.91579e+06
Q14008	Q14008		CKAP5		2.1219e+07	3.06368e+07	2.83121e+07	3.30531e+07	2.67228e+07	2.10494e+07	2.80173e+07	2.11275e+07
Q14011	Q14011		CIRBP		6.60253e+06	9.201e+06	1.00334e+07	1.253e+07	5.58701e+06	6.63802e+06	9.29961e+06	6.73315e+06
Q14012	Q14012		CAMK1				552825	626298		510112	749493	
Q14019	Q14019		COTL1		2.52277e+07	2.3161e+07	3.4076e+07	2.55912e+07	2.06723e+07	3.11245e+07	3.65733e+07	2.85538e+07
Q14061	Q14061		COX17		2.42839e+07	1.11185e+07	1.66264e+07	1.12769e+07	1.8647e+07	1.36854e+07	1.70481e+07	1.37347e+07
Q14103	Q14103		HNRNPD		1.957e+07	4.79739e+07	4.76563e+07	5.58385e+07	2.06892e+07	2.53618e+07	5.30708e+07	2.53753e+07
Q14108	Q14108		SCARB2		9.17199e+07	8.64859e+07	1.02542e+08	9.34109e+07	8.23394e+07	1.09697e+08	1.02199e+08	1.16907e+08
Q14112	Q14112		NID2		2.35523e+06	658418	1.50058e+06	1.19363e+06	3.14549e+06	1.27687e+06	1.30623e+06	877871
Q14114	Q14114		LRP8		7.28533e+06	5.08024e+06	6.98078e+06	7.15722e+06	5.27922e+06	8.97993e+06	5.05226e+06	5.39704e+06
Q14118	Q14118		DAG1		1.2041e+07	7.09171e+06	1.03812e+07	6.58941e+06	1.31297e+07	1.50177e+07	1.14743e+07	1.41752e+07
Q14119	Q14119		VEZF1		1.13486e+06	2.52773e+06	1.60974e+06	2.88619e+06	1.31406e+06	1.55973e+06	1.89644e+06	1.67749e+06
Q14126	Q14126		DSG2		6.24178e+07	2.24329e+07	5.93163e+07	4.71717e+07	3.96296e+07	6.58541e+07	4.71357e+07	4.73143e+07
Q14134	Q14134		TRIM29			5.11679e+06	3.12946e+06		4.53234e+06		1.59385e+06	
Q14137	Q14137		BOP1		3.88398e+06	7.89662e+06	5.56757e+06	8.75854e+06	4.47405e+06	5.16089e+06	6.76357e+06	5.19636e+06
Q14139	Q14139		UBE4A		5.6555e+06	1.09339e+07	8.90792e+06	1.29316e+07	5.55645e+06	9.84615e+06	8.89195e+06	9.13537e+06
Q14141	Q14141		SEPTIN6		1.6347e+07	8.26991e+06	1.21273e+07	8.80371e+06	1.62122e+07	9.49934e+06	1.05867e+07	1.13006e+07
Q14142	Q14142		TRIM14				760962	365657	867843			884268
Q14145	Q14145		KEAP1		2.23638e+06	4.16932e+06	3.02806e+06	3.944e+06	2.07976e+06	4.71236e+06	3.49959e+06	5.22707e+06
Q14146	Q14146		URB2		1.92074e+07	3.11358e+07	2.26344e+07	2.43927e+07	1.66865e+07	1.49848e+07	2.80675e+07	1.38871e+07
Q14147	Q14147		DHX34		932803	239570	691926	239785	312281	3.50295e+06		245228
Q14149	Q14149		MORC3		845529	2.35947e+06	1.12852e+06	2.4575e+06	1.37063e+06	1.19542e+06	1.98987e+06	1.2546e+06
Q14151	Q14151		SAFB2		3.45354e+06	5.64533e+06	5.61836e+06	7.0188e+06	6.70561e+06	3.12271e+06	9.17308e+06	2.51137e+06
Q14152	Q14152		EIF3A		2.45902e+07	4.60898e+07	3.75439e+07	5.7489e+07	2.44704e+07	3.21297e+07	3.10014e+07	2.94333e+07
Q14155	Q14155		ARHGEF7		5.85932e+06	7.64056e+06	6.66944e+06	7.56321e+06	6.24401e+06	5.10681e+06	6.21017e+06	5.24844e+06
Q14156	Q14156		EFR3A		1.33099e+07	1.13346e+07	1.08173e+07	9.69809e+06	1.1709e+07	1.33572e+07	1.10431e+07	1.23554e+07
Q14157	Q14157		UBAP2L		1.531e+07	1.39137e+07	1.49036e+07	1.37339e+07	1.72864e+07	1.0115e+07	2.08282e+07	1.30751e+07
Q14160	Q14160		SCRIB		4.8429e+07	3.18317e+07	4.44815e+07	2.97861e+07	4.65076e+07	3.48221e+07	4.46968e+07	3.44386e+07
Q14161	Q14161		GIT2		1.97489e+06	2.46482e+06	2.28394e+06	2.44954e+06	2.03814e+06	2.01695e+06	2.09335e+06	2.04999e+06
Q14162	Q14162		SCARF1		1.09104e+06	427990	613473	361235	418201	298217	195212	
Q14165	Q14165		MLEC		1.43999e+08	1.38134e+08	1.36126e+08	1.44017e+08	1.5584e+08	1.95958e+08	1.44739e+08	1.6237e+08
Q14166	Q14166		TTLL12		3.44497e+07	7.2797e+07	4.89045e+07	6.48321e+07	3.99225e+07	5.229e+07	5.45242e+07	6.49653e+07
Q14168	Q14168		MPP2		1.48252e+07	1.3132e+07	1.39549e+07	1.11037e+07	1.41019e+07	1.8749e+07	1.64567e+07	1.96682e+07
Q14181	Q14181		POLA2		5.76711e+06	5.54074e+06	5.69184e+06	7.08638e+06	5.74573e+06	6.0813e+06	6.9801e+06	6.37778e+06
Q14183	Q14183		DOC2A		124811	133845	119148		94143.4		257859	162039
Q14185	Q14185		DOCK1		5.06191e+06	7.28195e+06	4.77876e+06	6.0767e+06	5.40131e+06	4.57551e+06	5.24403e+06	4.97897e+06
Q14186	Q14186		TFDP1		222417	338026	335106	485244	220241	351767	241873	284082
Q14191	Q14191		WRN		5.07568e+06	8.22398e+06	6.17076e+06	7.09146e+06	5.08088e+06	4.61322e+06	6.16623e+06	6.7961e+06
Q14192	Q14192		FHL2		2.96617e+06	1.817e+06	4.25953e+06	4.24362e+06	1.82825e+06	4.92528e+06	2.91547e+06	4.89854e+06
Q14195	Q14195		DPYSL3		2.07576e+07	1.96737e+07	2.12539e+07	1.65004e+07	1.87389e+07	2.108e+07	2.09967e+07	2.48725e+07
Q14197	Q14197		MRPL58		6.3526e+07	4.7276e+07	5.65684e+07	3.32578e+07	8.36649e+07	5.48274e+07	7.44128e+07	6.12134e+07
Q14201	Q14201		BTG3		611515	393399	480667	418684	422070	444445	394223	470484
Q14202	Q14202		ZMYM3		304821	686926	448877	987258	394541	507858	614571	615774
Q14203	Q14203		DCTN1		2.47166e+07	2.42785e+07	2.36507e+07	2.70067e+07	2.53752e+07	1.5536e+07	2.07732e+07	1.4749e+07
Q14204	Q14204		DYNC1H1		7.67478e+07	1.0602e+08	1.07792e+08	1.44568e+08	1.19554e+08	6.45433e+07	1.2771e+08	5.53907e+07
Q14232	Q14232		EIF2B1		3.50571e+06	9.04221e+06	6.7725e+06	1.06845e+07	4.21598e+06	6.01327e+06	6.81716e+06	6.23257e+06
Q14240	Q14240		EIF4A2		1.01394e+07	7.7694e+06	1.07154e+07	1.63866e+07	1.1595e+07	1.64223e+07	9.84033e+06	1.21408e+07
Q14241	Q14241		ELOA		993029	3.51246e+06	2.15298e+06	2.98878e+06	2.17396e+06	1.45391e+06	3.01517e+06	1.44699e+06
Q14247	Q14247		CTTN		5.73609e+07	4.47164e+07	4.43725e+07	4.18837e+07	5.33014e+07	4.25614e+07	5.07694e+07	4.94829e+07
Q14249	Q14249		ENDOG		1.05411e+07	5.40884e+06	6.99329e+06	4.44668e+06	1.20945e+07	5.71469e+06	8.46268e+06	7.49457e+06
Q14254	Q14254		FLOT2		3.44773e+07	2.52589e+07	3.32047e+07	2.67744e+07	2.81443e+07	3.22937e+07	3.04231e+07	3.10495e+07
Q14257	Q14257		RCN2		2.14439e+07	9.52145e+06	1.95932e+07	1.32348e+07	2.23014e+07	2.08317e+07	1.40528e+07	1.20151e+07
Q14258	Q14258		TRIM25		9.00855e+06	1.14155e+07	1.02817e+07	9.57784e+06	8.86502e+06	8.28774e+06	9.0788e+06	7.31907e+06
Q14315	Q14315		FLNC		3.39787e+07	3.82077e+07	6.6292e+07	6.38356e+07	1.98132e+07	5.34648e+07	5.22444e+07	3.95454e+07
Q14318	Q14318		FKBP8		5.27879e+07	5.39782e+07	6.53436e+07	6.90568e+07	4.94213e+07	8.70883e+07	6.20712e+07	8.29765e+07
Q14320	Q14320		FAM50A		7.69733e+06	1.12202e+07	8.18494e+06	1.0835e+07	8.57723e+06	6.2549e+06	8.32138e+06	6.58845e+06
Q14331	Q14331		FRG1		5.59708e+06	7.58866e+06	7.72526e+06	7.28026e+06	5.44757e+06	5.19368e+06	8.3045e+06	5.3589e+06
Q14332	Q14332		FZD2		7.34234e+06	6.94744e+06	7.15474e+06	6.39969e+06	8.66891e+06	1.30174e+07	8.86608e+06	1.43469e+07
Q14344	Q14344		GNA13		6.64688e+07	6.30947e+07	6.23003e+07	5.73892e+07	6.88835e+07	7.11567e+07	6.444e+07	6.95912e+07
Q14353	Q14353		GAMT		5.43538e+06	6.61464e+06	6.66447e+06	7.8552e+06	5.57421e+06	7.12559e+06	7.52227e+06	7.18636e+06
Q14376	Q14376		GALE		1.02389e+07	1.03815e+07	1.10191e+07	8.54116e+06	6.94785e+06	7.46584e+06	1.07787e+07	7.25232e+06
Q14392	Q14392		LRRC32		2.89527e+06	1.31414e+06	2.35408e+06	1.63991e+06	2.79616e+06		2.26701e+06	2.15943e+06
Q14393	Q14393		GAS6		253519	196411	183061	139904	294254	346694	181600	259535
Q14432	Q14432		PDE3A			185588	143364	182441	183431	93032.5	227506	211980
Q14435	Q14435		GALNT3		3.81043e+06	2.96596e+06	5.31962e+06	5.09163e+06	2.71435e+06	6.77339e+06	2.49512e+06	2.02187e+06
Q14439	Q14439		GPR176		1.16536e+06	742626	1.19182e+06	635984	1.04815e+06	1.72036e+06	770256	992419
Q14442	Q14442		PIGH		2.31938e+06	2.26496e+06	2.28566e+06	2.11271e+06	1.88851e+06	4.18992e+06	2.10308e+06	3.6668e+06
Q14444	Q14444		CAPRIN1		9.98871e+06	7.97489e+06	1.09674e+07	7.86186e+06	1.06915e+07	6.17788e+06	1.11931e+07	6.89257e+06
Q14457	Q14457		BECN1		2.89101e+06	3.83288e+06	3.54213e+06	3.64869e+06	3.46441e+06	3.02917e+06	3.0799e+06	2.84519e+06
Q14469	Q14469		HES1		234326	446444	313718	792303	247842	285927	301882	232169
Q14494	Q14494		NFE2L1		1.02764e+06	960260	962617	790048	845972	1.5767e+06	900352	1.23223e+06
Q14498	Q14498		RBM39		1.54664e+07	2.3187e+07	2.69626e+07	3.66505e+07	2.00669e+07	1.87011e+07	2.23886e+07	1.31188e+07
Q14508	Q14508		WFDC2		3.93617e+06	556563	2.09952e+06	1.25056e+06	2.36394e+06	1.74904e+06	1.26961e+06	253844
Q14517	Q14517		FAT1		3.104e+06	2.12267e+06	2.5582e+06	1.97234e+06	3.41077e+06	6.1346e+06	2.93784e+06	5.83004e+06
Q14527	Q14527		HLTF		5.13081e+06	1.91395e+07	1.26778e+07	2.24552e+07	5.13406e+06	1.31764e+07	1.45086e+07	1.15062e+07
Q14534	Q14534		SQLE		1.34691e+07	1.08274e+07	1.54454e+07	1.77288e+07	1.03135e+07	2.71824e+07	1.25816e+07	2.00465e+07
Q14542	Q14542		SLC29A2		2.90766e+06	1.4106e+06	1.89972e+06	1.65366e+06	2.29133e+06	2.00622e+06	1.59862e+06	1.99974e+06
Q14554	Q14554		PDIA5		4.81085e+07	2.41636e+07	3.96566e+07	3.08705e+07	6.55207e+07	3.1322e+07	3.47705e+07	2.04785e+07
Q14558	Q14558		PRPSAP1		4.67092e+06	4.4754e+06	4.99796e+06	4.31584e+06	4.9246e+06	4.22126e+06	5.19372e+06	4.42966e+06
Q14562	Q14562		DHX8		322568	667561	903751	855865	441605	504503	666178	363578
Q14563	Q14563		SEMA3A		805248	462834	459884	274746	919720	138736	479599	248624
Q14566	Q14566		MCM6		7.75911e+06	2.63282e+07	1.49077e+07	3.18816e+07	9.60982e+06	2.36518e+07	1.39472e+07	2.131e+07
Q14571	Q14571		ITPR2		9.79757e+06	1.25146e+07	9.66861e+06	1.06255e+07	1.17458e+07	1.13596e+07	1.0463e+07	1.10484e+07
Q14573	Q14573		ITPR3		2.10525e+07	1.84157e+07	1.87041e+07	1.99761e+07	2.01896e+07	2.51928e+07	1.64845e+07	2.09102e+07
Q14574	Q14574		DSC3		5.616e+06	1.87359e+07	1.57388e+06	2.62123e+06	8.07873e+06	5.89832e+06	2.93502e+06	2.80546e+06
Q14596	Q14596		NBR1		1.19174e+06	1.42178e+06	1.69372e+06	1.60176e+06	1.75487e+06	1.51786e+06	1.95369e+06	2.01429e+06
Q14624	Q14624		ITIH4		254729	938190	360416	392293	280296	232105	357756	879926
Q14642	Q14642		INPP5A		7.14418e+06	6.22733e+06	7.19555e+06	5.86224e+06	5.84593e+06	7.60305e+06	6.07919e+06	6.0183e+06
Q14643	Q14643		ITPR1		1.74898e+07	2.04705e+07	1.59235e+07	1.73051e+07	2.98612e+07	1.64415e+07	2.37008e+07	2.2039e+07
Q14644	Q14644		RASA3		2.82012e+07	8.99544e+06	1.98591e+07	1.56487e+07	2.30333e+07	2.59746e+07	1.47301e+07	2.1084e+07
Q14651	Q14651		PLS1		4.20094e+06	4.06768e+06	6.56973e+06	7.42876e+06	3.04091e+06	6.30991e+06	4.70994e+06	3.98651e+06
Q14653	Q14653		IRF3		5.9957e+06	7.49505e+06	6.77564e+06	7.88735e+06	6.23773e+06	4.47356e+06	7.33124e+06	5.8521e+06
Q14657	Q14657		LAGE3		404418	1.10571e+06	748476	1.15467e+06	615514	669327	947985	713161
Q14667	Q14667		BLTP2		1.40079e+06	1.23875e+06	1.16296e+06	1.16751e+06	1.6164e+06	1.65819e+06	1.36672e+06	1.64982e+06
Q14669	Q14669		TRIP12		5.92443e+06	1.13897e+07	8.99463e+06	1.31084e+07	7.89769e+06	8.70594e+06	9.95964e+06	7.82439e+06
Q14671	Q14671		PUM1		5.57801e+06	5.48674e+06	6.71702e+06	6.07154e+06	5.47553e+06	4.08672e+06	6.29059e+06	3.9393e+06
Q14674	Q14674		ESPL1		2.28211e+06	1.82323e+06	2.73577e+06	2.73643e+06	2.51214e+06	3.26194e+06	2.31052e+06	2.31813e+06
Q14676	Q14676		MDC1		4.19642e+06	1.09694e+07	8.12281e+06	1.31945e+07	7.84844e+06	6.11341e+06	1.39004e+07	5.618e+06
Q14677	Q14677		CLINT1		1.5507e+07	1.89651e+07	1.61089e+07	1.72197e+07	1.45441e+07	1.40437e+07	1.69047e+07	1.4824e+07
Q14678	Q14678		KANK1		1.01558e+06	646590	1.01467e+06	680431	845453	899757	860188	868787
Q14680	Q14680		MELK		4.15196e+06	4.22714e+06	4.65341e+06	4.60954e+06	4.82187e+06	5.88692e+06	4.41208e+06	6.49824e+06
Q14681	Q14681		KCTD2		353637	321962	317994	220394	338222	648577	313574	584523
Q14683	Q14683		SMC1A		3.94011e+06	1.40983e+07	6.34996e+06	1.40014e+07	7.21331e+06	5.82926e+06	9.53436e+06	5.91057e+06
Q14684	Q14684		RRP1B		1.0594e+06	2.75923e+06	2.05518e+06	3.7444e+06	1.27346e+06	1.56603e+06	2.22558e+06	1.3285e+06
Q14687	Q14687		GSE1		1.3602e+06	2.84752e+06	2.06504e+06	2.55808e+06	2.02339e+06	2.35438e+06	2.11021e+06	2.29448e+06
Q14690	Q14690		PDCD11		1.00903e+07	1.78681e+07	1.28636e+07	1.87717e+07	1.23795e+07	1.10462e+07	1.4322e+07	1.08131e+07
Q14691	Q14691		GINS1		1.50237e+06	4.32868e+06	3.22894e+06	4.94723e+06	1.8582e+06	4.40178e+06	3.30321e+06	5.75234e+06
Q14692	Q14692		BMS1		4.03001e+06	6.15184e+06	5.16284e+06	5.81208e+06	4.47891e+06	4.58034e+06	5.98145e+06	3.77451e+06
Q14693	Q14693		LPIN1		1.08238e+06	1.52226e+06	1.69831e+06	2.71027e+06	765748	1.63799e+06	1.21139e+06	1.65172e+06
Q14694	Q14694		USP10		1.22852e+07	1.51477e+07	1.50368e+07	2.10238e+07	1.05355e+07	1.1959e+07	1.35386e+07	9.82348e+06
Q14696	Q14696		MESD		3.31917e+07	1.47658e+07	2.81564e+07	1.92528e+07	3.44548e+07	2.64236e+07	2.35173e+07	1.85376e+07
Q14697	Q14697		GANAB		5.66123e+08	2.90893e+08	4.67031e+08	2.304e+08	7.7238e+08	4.11981e+08	5.5331e+08	3.89598e+08
Q14699	Q14699		RFTN1		2.11018e+07	2.75406e+07	2.32554e+07	1.94784e+07	2.88841e+07	2.59566e+07	2.48974e+07	2.39867e+07
Q14703	Q14703		MBTPS1		5.10578e+06	6.1434e+06	5.76847e+06	5.76429e+06	5.98213e+06	9.00526e+06	5.24544e+06	8.2211e+06
Q14728	Q14728		MFSD10		8.42971e+06	1.00326e+07	9.25502e+06	1.09047e+07	1.08708e+07	1.03509e+07	9.28357e+06	1.02486e+07
Q14738	Q14738		PPP2R5D		5.79691e+06	5.62403e+06	6.85198e+06	6.05028e+06	6.75195e+06	5.96803e+06	6.78437e+06	6.67469e+06
Q14739	Q14739		LBR		1.28447e+07	1.25017e+07	1.7619e+07	2.01142e+07	8.59141e+06	2.18108e+07	1.42607e+07	1.61857e+07
Q14746	Q14746		COG2		6.68579e+06	6.80699e+06	7.90438e+06	9.41293e+06	6.59197e+06	5.18375e+06	6.42495e+06	4.15932e+06
Q14764	Q14764		MVP		1.81568e+07	1.62e+07	1.53351e+07	1.55318e+07	1.45072e+07	7.63182e+06	1.30782e+07	6.87588e+06
Q14766	Q14766		LTBP1		1.22332e+06	907178	921406	475574	1.55276e+06	868558	962624	883913
Q14767	Q14767		LTBP2		842860	678151	830054	603647	816661	1.06141e+06	871664	953167
Q14789	Q14789		GOLGB1		7.99226e+07	7.65838e+07	8.34243e+07	7.24689e+07	1.04109e+08	7.02812e+07	9.28644e+07	6.91937e+07
Q14790	Q14790		CASP8		6.29658e+06	9.13545e+06	8.98922e+06	1.15009e+07	5.85326e+06	8.46371e+06	8.24139e+06	8.24015e+06
Q147X3	Q147X3		NAA30		3.00719e+06	3.4442e+06	3.6255e+06	3.92051e+06	2.44365e+06	2.80932e+06	3.61569e+06	2.36157e+06
Q14807	Q14807		KIF22		2.045e+06	4.47534e+06	4.37936e+06	5.22526e+06	3.4114e+06	5.55841e+06	4.78635e+06	4.19288e+06
Q14814	Q14814		MEF2D		730215	1.79128e+06	1.10915e+06	2.46251e+06	923461	1.40899e+06	1.39757e+06	1.05129e+06
Q14839	Q14839		CHD4		4.76755e+06	2.11596e+07	1.12733e+07	2.8695e+07	1.07104e+07	1.06549e+07	1.53597e+07	8.29179e+06
Q14847	Q14847		LASP1		4.8899e+07	3.36887e+07	4.70581e+07	3.18798e+07	3.89253e+07	3.98185e+07	5.04389e+07	5.52869e+07
Q14849	Q14849		STARD3		2.99387e+06	2.65028e+06	2.19897e+06	2.17046e+06	3.52382e+06	5.45678e+06	2.36248e+06	4.90808e+06
Q14872	Q14872		MTF1		246419	214319	373662	729452		1.40889e+06		663844
Q14914	Q14914		PTGR1		8.91239e+06	1.44726e+07	1.40817e+07	2.01068e+07	8.91372e+06	1.26232e+07	1.27548e+07	9.6668e+06
Q14919	Q14919		DRAP1		6.66521e+06	1.57479e+07	1.17951e+07	1.8725e+07	8.6504e+06	7.50459e+06	1.12635e+07	7.4389e+06
Q14934	Q14934		NFATC4		361749	455526	324484	459044	264516	334113	404113	385469
Q14956	Q14956		GPNMB		2.16648e+06	2.89618e+06	3.10567e+06	1.51464e+06	3.46129e+06	3.26614e+06	3.76998e+06	3.72542e+06
Q14964	Q14964		RAB39A		7.52525e+06	9.25066e+06	8.17678e+06	8.02297e+06	9.31622e+06	1.4927e+07	8.86089e+06	1.27132e+07
Q14966	Q14966		ZNF638		8.18184e+06	1.00662e+07	1.14692e+07	1.37337e+07	1.09976e+07	6.91961e+06	1.35629e+07	7.35795e+06
Q14974	Q14974		KPNB1		6.74207e+07	1.05656e+08	9.51725e+07	1.17057e+08	7.24004e+07	8.13699e+07	9.94855e+07	7.57178e+07
Q14978	Q14978		NOLC1		3.26276e+06	5.16523e+06	4.55553e+06	5.26924e+06	4.31944e+06	2.4484e+06	4.8027e+06	3.07889e+06
Q14980	Q14980		NUMA1		1.57653e+07	6.75431e+07	3.07774e+07	7.25986e+07	2.6389e+07	2.27561e+07	4.58149e+07	2.09959e+07
Q14997	Q14997		PSME4		1.99132e+06	2.30898e+06	2.13288e+06	2.24261e+06	1.71325e+06	1.76417e+06	1.95631e+06	1.67558e+06
Q14999	Q14999		CUL7		3.80769e+06	2.66536e+06	3.3477e+06	3.65804e+06	3.75616e+06	3.84227e+06	3.80082e+06	4.28445e+06
Q14BN4	Q14BN4		SLMAP		7.02357e+06	7.6465e+06	7.07709e+06	7.45974e+06	9.07397e+06	9.76589e+06	8.22684e+06	9.54158e+06
Q14C86	Q14C86		GAPVD1		8.36034e+06	1.55728e+07	1.41933e+07	1.83696e+07	9.80216e+06	9.41211e+06	1.28317e+07	8.41504e+06
Q14CN4	Q14CN4		KRT72		491671	1.36395e+06	794125	1.33955e+06	661379		1.24656e+06	1.08526e+06
Q14CX7	Q14CX7		NAA25		5.9263e+06	9.52987e+06	7.14868e+06	8.76973e+06	6.4292e+06	5.82139e+06	8.0365e+06	5.52893e+06
Q14CZ7	Q14CZ7		FASTKD3		1.02451e+07	1.00469e+07	1.02767e+07	6.62056e+06	1.44458e+07	1.18383e+07	1.27369e+07	1.68808e+07
Q14D04	Q14D04		VEPH1		565755	366152	601900	777316	358328	986658	538718	606539
Q15003	Q15003		NCAPH		5.55147e+06	7.22086e+06	6.71701e+06	8.18511e+06	4.60481e+06	6.44735e+06	6.23636e+06	5.76865e+06
Q15005	Q15005		SPCS2		9.0525e+07	1.00037e+08	1.09092e+08	1.19187e+08	9.37894e+07	1.91019e+08	9.5657e+07	1.53645e+08
Q15006	Q15006		EMC2		3.13385e+07	3.20265e+07	3.6185e+07	3.6663e+07	3.68404e+07	5.1949e+07	3.54103e+07	4.60465e+07
Q15007	Q15007		WTAP		515641	1.03653e+06	664426	921382	679218	494730	880135	443934
Q15008	Q15008		PSMD6		1.24841e+07	2.52002e+07	1.91681e+07	2.52321e+07	1.34565e+07	1.65917e+07	1.88391e+07	1.53782e+07
Q15011	Q15011		HERPUD1		2.17202e+06	2.37881e+06	2.7107e+06	2.95616e+06	2.56948e+06	5.1944e+06	2.67258e+06	4.04211e+06
Q15012	Q15012		LAPTM4A		3.46213e+06	2.15546e+06	3.15961e+06	2.82075e+06	3.51086e+06	4.46859e+06	2.8608e+06	4.27269e+06
Q15014	Q15014		MORF4L2		2.13695e+07	2.75573e+07	2.39796e+07	2.58547e+07	2.4524e+07	1.98622e+07	2.32962e+07	2.15042e+07
Q15018	Q15018		ABRAXAS2		3.18452e+06	3.86643e+06	3.81869e+06	4.19742e+06	2.7918e+06	3.7863e+06	3.65838e+06	3.86676e+06
Q15019	Q15019		SEPTIN2		6.45565e+07	4.96606e+07	4.5787e+07	3.50916e+07	8.24693e+07	3.68276e+07	5.61882e+07	4.89322e+07
Q15020	Q15020		SART3		7.55415e+06	2.86603e+07	1.70678e+07	3.03283e+07	8.55253e+06	1.2803e+07	1.49194e+07	1.15058e+07
Q15021	Q15021		NCAPD2		2.9923e+07	4.88109e+07	4.36572e+07	6.52357e+07	2.76111e+07	4.61122e+07	3.93834e+07	4.19688e+07
Q15022	Q15022		SUZ12			225194		18410.6	132825		274915	172827
Q15024	Q15024		EXOSC7		2.08092e+06	4.89827e+06	3.69099e+06	5.09873e+06	3.54029e+06	4.00455e+06	4.36325e+06	4.19336e+06
Q15025	Q15025		TNIP1		3.77132e+06	6.26345e+06	4.47403e+06	4.9252e+06	3.58388e+06	4.44023e+06	4.58268e+06	5.46542e+06
Q15029	Q15029		EFTUD2		1.18883e+07	3.22633e+07	2.2924e+07	3.64236e+07	1.72758e+07	2.18055e+07	2.44155e+07	2.19218e+07
Q15031	Q15031		LARS2		4.36765e+07	3.18474e+07	3.78373e+07	2.10072e+07	6.14707e+07	3.55508e+07	5.14114e+07	4.5978e+07
Q15035	Q15035		TRAM2		4.89279e+06	5.60852e+06	5.70828e+06	6.15781e+06	6.52664e+06	8.58194e+06	5.75444e+06	9.51146e+06
Q15036	Q15036		SNX17		3.48593e+06	4.07869e+06	3.40149e+06	3.61604e+06	3.22039e+06	7.23623e+06	3.66932e+06	7.15408e+06
Q15041	Q15041		ARL6IP1		1.64329e+07	1.31399e+07	1.56307e+07	1.64954e+07	1.75167e+07	3.28184e+07	1.74677e+07	3.09127e+07
Q15042	Q15042		RAB3GAP1		4.03222e+06	6.33984e+06	7.42615e+06	1.02309e+07	3.16554e+06	6.80671e+06	5.08712e+06	4.91862e+06
Q15043	Q15043		SLC39A14		8.56745e+06	1.34637e+07	1.08879e+07	9.98324e+06	1.2393e+07	2.1839e+07	1.28034e+07	2.30497e+07
Q15046	Q15046		KARS1		6.45505e+07	4.47121e+07	5.59219e+07	3.70755e+07	6.13265e+07	3.44112e+07	6.24371e+07	3.55788e+07
Q15047	Q15047		SETDB1		592791	699784	682189	810814	631205	626625	699250	602560
Q15050	Q15050		RRS1		4.21363e+06	7.33569e+06	5.19175e+06	7.03477e+06	3.48944e+06	3.90831e+06	5.19664e+06	4.29324e+06
Q15053	Q15053		KIAA0040		8.75037e+06	5.0129e+06	6.89723e+06	8.48754e+06	5.59276e+06	9.25031e+06	5.24624e+06	8.54484e+06
Q15054	Q15054		POLD3		1.49736e+06	2.17655e+06	1.862e+06	2.04491e+06	1.60631e+06	1.47559e+06	1.87504e+06	1.51214e+06
Q15056	Q15056		EIF4H		3.01846e+07	3.02875e+07	3.33122e+07	2.09826e+07	3.00726e+07	2.13377e+07	3.5424e+07	3.3826e+07
Q15057	Q15057		ACAP2		4.80159e+06	6.13094e+06	7.10862e+06	1.05899e+07	4.86889e+06	6.39701e+06	6.68856e+06	5.27705e+06
Q15058	Q15058		KIF14		1.28123e+08	9.3889e+07	1.24316e+08	1.47835e+08	1.02994e+08	1.33194e+08	1.09852e+08	1.23645e+08
Q15059	Q15059		BRD3		1.16659e+06	1.55359e+06	1.3535e+06	1.64412e+06	1.61038e+06	894117	1.82181e+06	834215
Q15061	Q15061		WDR43		1.49569e+06	3.77013e+06	3.20291e+06	5.52537e+06	2.3085e+06	2.75932e+06	3.1521e+06	2.11304e+06
Q15067	Q15067		ACOX1		1.36503e+07	9.35735e+06	1.01299e+07	7.06678e+06	1.18859e+07	1.73528e+07	1.14077e+07	1.37986e+07
Q15070	Q15070		OXA1L		2.39543e+07	3.02254e+07	2.27792e+07	2.26119e+07	3.8489e+07	4.83162e+07	2.86659e+07	5.38598e+07
Q15072	Q15072		ZNF146			317350	1.24812e+06	635093	1.00112e+06	772200	556631	619714
Q15075	Q15075		EEA1		2.98764e+07	1.2871e+07	2.51597e+07	1.30648e+07	2.61853e+07	1.39124e+07	2.45808e+07	1.2681e+07
Q15084	Q15084		PDIA6		5.51869e+08	1.97201e+08	5.13511e+08	3.08977e+08	4.61069e+08	4.94015e+08	3.69272e+08	2.60222e+08
Q15102	Q15102		PAFAH1B3		3.15867e+06	4.80867e+06	3.41688e+06	4.36687e+06	3.11762e+06	3.44995e+06	4.40124e+06	3.99612e+06
Q15113	Q15113		PCOLCE		1.32538e+07	5.70783e+06	8.83223e+06	5.40718e+06	8.76188e+06	1.08011e+07	8.00314e+06	8.51763e+06
Q15118	Q15118		PDK1		2.0694e+07	1.55705e+07	1.68481e+07	1.24752e+07	2.73463e+07	1.66101e+07	2.3971e+07	2.35708e+07
Q15119	Q15119		PDK2		2.14028e+06	2.38809e+06	1.93965e+06	1.36183e+06	2.80704e+06	2.15922e+06	3.01034e+06	3.31873e+06
Q15120	Q15120		PDK3		1.94399e+07	9.25111e+06	1.22803e+07	8.01225e+06	1.97695e+07	9.59241e+06	1.34815e+07	1.13649e+07
Q15121	Q15121		PEA15		3.7585e+06	4.02465e+06	4.2036e+06	3.1175e+06	3.63055e+06	3.41192e+06	4.99156e+06	3.20708e+06
Q15125	Q15125		EBP		4.79928e+07	4.05849e+07	4.43351e+07	4.87414e+07	4.26342e+07	7.3828e+07	4.40082e+07	6.23317e+07
Q15126	Q15126		PMVK		4.12226e+06	4.52976e+06	4.66117e+06	5.47876e+06	3.24476e+06	4.24229e+06	3.7374e+06	3.13904e+06
Q15139	Q15139		PRKD1		2.49452e+07	2.94682e+07	3.16774e+07	3.99667e+07	1.9131e+07	2.65008e+07	3.1445e+07	2.39055e+07
Q15147	Q15147		PLCB4		781921	618265	548531	478639	961467	604773	764062	804055
Q15149	Q15149		PLEC		6.99267e+07	1.28718e+08	9.94366e+07	1.53029e+08	6.49565e+07	9.64039e+07	6.80682e+07	8.18649e+07
Q15154	Q15154		PCM1		2.24913e+06	2.68537e+06	2.96857e+06	2.27484e+06	2.54068e+06	1.44349e+06	3.14064e+06	1.98069e+06
Q15155	Q15155		NOMO1		8.64558e+07	7.81791e+07	8.50445e+07	9.01491e+07	9.01777e+07	1.50251e+08	8.18833e+07	1.22365e+08
Q15165	Q15165		PON2		1.1314e+07	1.17497e+07	1.12028e+07	1.0902e+07	1.36352e+07	1.47493e+07	1.10557e+07	1.33649e+07
Q15172	Q15172		PPP2R5A		1.63878e+06	1.01039e+06	1.23724e+06	701887		912040	1.97794e+06	
Q15181	Q15181		PPA1		1.70124e+07	2.02106e+07	2.27094e+07	1.83941e+07	1.50746e+07	2.28919e+07	2.23162e+07	1.93991e+07
Q15185	Q15185		PTGES3		6.07122e+07	6.85675e+07	6.54842e+07	5.65374e+07	5.5137e+07	5.26281e+07	6.916e+07	5.7433e+07
Q15208	Q15208		STK38		4.0518e+06	6.09868e+06	4.35659e+06	5.53032e+06	4.75622e+06	3.94526e+06	4.84232e+06	4.68836e+06
Q15223	Q15223		NECTIN1		3.83604e+07	2.35558e+07	3.29787e+07	2.58501e+07	4.31368e+07	4.90846e+07	4.10608e+07	4.49817e+07
Q15233	Q15233		NONO		1.66292e+07	5.12076e+07	3.27359e+07	6.08151e+07	2.59683e+07	3.3152e+07	3.77462e+07	3.20132e+07
Q15257	Q15257		PTPA		6.41892e+06	1.15781e+07	9.02239e+06	1.10349e+07	7.19255e+06	7.61244e+06	9.49176e+06	7.60132e+06
Q15262	Q15262		PTPRK		1.2259e+07	8.50969e+06	1.12732e+07	9.05112e+06	1.14714e+07	8.0959e+06	1.03167e+07	8.16007e+06
Q15269	Q15269		PWP2		2.44334e+06	5.76179e+06	4.06873e+06	6.1679e+06	3.83972e+06	3.08207e+06	5.19101e+06	3.85902e+06
Q15276	Q15276		RABEP1		1.62108e+06	2.57398e+06	1.81526e+06	1.85202e+06	1.83229e+06	1.66203e+06	2.08784e+06	2.06294e+06
Q15283	Q15283		RASA2		2.74258e+06	1.70097e+06	2.70472e+06	2.94692e+06	2.03831e+06	2.43849e+06	2.2591e+06	1.95703e+06
Q15286	Q15286		RAB35		4.95748e+07	4.79214e+07	4.73216e+07	4.41204e+07	4.81938e+07	6.40293e+07	5.04876e+07	6.10083e+07
Q15287	Q15287		RNPS1		3.34338e+06	7.09466e+06	5.01395e+06	9.1331e+06	4.32732e+06	5.6314e+06	5.59376e+06	5.48765e+06
Q15291	Q15291		RBBP5		2.28754e+06	5.93196e+06	3.40031e+06	8.67056e+06	4.33054e+06	2.30974e+06	6.22376e+06	1.85944e+06
Q15293	Q15293		RCN1		5.82712e+07	2.68253e+07	5.61532e+07	2.9182e+07	7.66046e+07	4.3154e+07	4.59015e+07	3.04352e+07
Q15311	Q15311		RALBP1		1.31186e+06	1.93541e+06	1.4515e+06	1.94077e+06	1.12528e+06	1.384e+06	1.30969e+06	1.39147e+06
Q15326	Q15326		ZMYND11		139967	483780	284920	874700	248512	164388	466119	119601
Q15334	Q15334		LLGL1		3.2196e+07	1.69892e+07	2.2804e+07	1.8748e+07	3.11683e+07	2.10634e+07	2.33412e+07	2.1265e+07
Q15345	Q15345		LRRC41		53956	167259	99506.9	185984	51279.4	68689.7	87895.7	72088.1
Q15363	Q15363		TMED2		7.86524e+07	8.82892e+07	8.0641e+07	9.01245e+07	9.81079e+07	1.13433e+08	7.72019e+07	1.02591e+08
Q15365	Q15365		PCBP1		1.01851e+08	1.42666e+08	1.49349e+08	2.34138e+08	9.72246e+07	1.06091e+08	1.41003e+08	9.456e+07
Q15366	Q15366		PCBP2		7.04934e+07	1.09158e+08	1.05469e+08	1.37318e+08	8.00108e+07	8.11501e+07	1.17167e+08	8.45361e+07
Q15369	Q15369		ELOC		7.1284e+06	9.46477e+06	9.4235e+06	9.8235e+06	7.81381e+06	8.05647e+06	1.08456e+07	7.45813e+06
Q15370	Q15370		ELOB		3.23277e+07	3.70796e+07	4.08149e+07	3.4119e+07	3.44054e+07	3.12852e+07	4.35293e+07	2.86585e+07
Q15382	Q15382		RHEB		9.48379e+06	6.18586e+06	1.20784e+07	8.36574e+06	1.04899e+07	1.22282e+07	1.17347e+07	1.11196e+07
Q15386	Q15386		UBE3C		4.86985e+06	9.65124e+06	9.42776e+06	1.36101e+07	5.27052e+06	8.62934e+06	6.97227e+06	6.56068e+06
Q15388	Q15388		TOMM20		1.67172e+08	2.26878e+08	1.9167e+08	2.07473e+08	1.98566e+08	3.17397e+08	2.43277e+08	3.63855e+08
Q15390	Q15390		MTFR1		4.53246e+06	5.82969e+06	6.0476e+06	5.37531e+06	9.53085e+06	7.98657e+06	8.18809e+06	1.03699e+07
Q15392	Q15392		DHCR24		2.1178e+08	1.52695e+08	2.59924e+08	3.19063e+08	1.83029e+08	4.34131e+08	1.92442e+08	2.68672e+08
Q15393	Q15393		SF3B3		1.14697e+07	2.59889e+07	1.93818e+07	2.65912e+07	1.52801e+07	1.89777e+07	2.06811e+07	2.03803e+07
Q15397	Q15397		PUM3		8.59196e+06	2.70434e+07	1.48802e+07	2.48462e+07	1.3709e+07	1.83938e+07	1.65387e+07	1.72959e+07
Q15398	Q15398		DLGAP5		2.03542e+06	1.31695e+06	2.73139e+06	1.70691e+06	2.33696e+06	2.32089e+06	2.6201e+06	1.69738e+06
Q15404	Q15404		RSU1		4.58208e+07	3.77756e+07	4.48475e+07	4.64247e+07	4.65641e+07	4.26736e+07	3.70749e+07	3.97013e+07
Q15417	Q15417		CNN3		4.22767e+07	3.65289e+07	5.23604e+07	4.51854e+07	3.62871e+07	4.9162e+07	4.5872e+07	4.47013e+07
Q15418	Q15418		RPS6KA1		3.10772e+07	2.66928e+07	3.32016e+07	3.49383e+07	2.33015e+07	2.766e+07	2.85114e+07	2.51493e+07
Q15424	Q15424		SAFB		2.82681e+06	4.81038e+06	4.68678e+06	6.93649e+06	5.80302e+06	2.18548e+06	8.62879e+06	1.79568e+06
Q15427	Q15427		SF3B4		9.66422e+06	1.63186e+07	1.75828e+07	2.42818e+07	9.92124e+06	3.21978e+07	1.57244e+07	3.53268e+07
Q15428	Q15428		SF3A2		5.57728e+06	1.89728e+07	1.36016e+07	2.33115e+07	7.7623e+06	1.43893e+07	1.20891e+07	1.39222e+07
Q15434	Q15434		RBMS2		2.58605e+06	2.85338e+06	5.73162e+06	4.16944e+06	1.89945e+06	3.60579e+06	4.16512e+06	3.00301e+06
Q15435	Q15435		PPP1R7		3.80182e+06	8.00348e+06	3.91226e+06	3.39412e+06	5.75967e+06	2.93325e+06	7.23757e+06	5.99633e+06
Q15436	Q15436		SEC23A		3.7951e+07	4.09087e+07	4.2932e+07	5.30563e+07	3.52891e+07	4.80904e+07	3.87672e+07	3.79139e+07
Q15437	Q15437		SEC23B		5.3316e+07	7.68009e+07	6.2378e+07	6.54906e+07	6.65794e+07	9.06735e+07	6.82775e+07	8.53748e+07
Q15459	Q15459		SF3A1		7.73263e+06	2.22734e+07	1.59763e+07	2.50163e+07	1.0114e+07	1.47709e+07	1.51266e+07	1.6032e+07
Q15464	Q15464		SHB		5.87836e+06	5.36626e+06	4.01884e+06	2.74228e+06	6.67559e+06	3.00804e+06	6.27346e+06	4.36088e+06
Q15468	Q15468		STIL		3.86531e+06	4.0565e+06	3.71854e+06	3.02999e+06	3.29851e+06	4.95602e+06	4.49184e+06	4.74918e+06
Q15477	Q15477		SKIC2		6.13181e+06	8.27317e+06	6.86936e+06	7.9254e+06	6.71606e+06	5.26328e+06	7.06005e+06	5.5583e+06
Q15517	Q15517		CDSN		523976	5.95486e+06		1.03905e+06	539696	451375	1.16291e+06	657778
Q15526	Q15526		SURF1		1.10738e+07	1.47678e+07	1.13865e+07	1.09007e+07	1.58419e+07	1.64679e+07	1.52899e+07	2.12708e+07
Q15528	Q15528		MED22			3.76969e+06	3.12627e+06	3.12492e+06	3.77773e+06	4.70336e+06	4.1036e+06	5.17002e+06
Q15532	Q15532		SS18		1.79768e+06	2.44027e+06	1.4072e+06	2.46687e+06	2.30302e+06	2.44698e+06	1.74307e+06	3.50949e+06
Q15542	Q15542		TAF5		662604	1.17967e+06	1.18816e+06	1.15848e+06	1.08805e+06	770832	1.04087e+06	1.09722e+06
Q15545	Q15545		TAF7		2.27551e+06		1.9273e+06	2.2157e+06	2.86898e+06	1.51888e+06		1.83166e+06
Q15554	Q15554		TERF2		4.92169e+06	1.39175e+07	8.10929e+06	1.58949e+07	6.80858e+06	8.23384e+06	1.03337e+07	6.50914e+06
Q15555	Q15555		MAPRE2		3.91637e+06	4.4735e+06	4.23755e+06	5.00672e+06	4.10331e+06	3.26607e+06	4.61022e+06	3.86162e+06
Q15573	Q15573		TAF1A									5.2617e+06
Q15582	Q15582		TGFBI		4.04328e+07	2.48309e+07	1.86118e+07	1.10573e+07	5.59504e+07	3.87588e+07	2.78087e+07	4.76798e+07
Q15583	Q15583		TGIF1		339275	1.43475e+06	621229	1.44466e+06	721548	736058	928958	
Q15596	Q15596		NCOA2		332486	761623	677249	1.04459e+06	400148	576738	486740	476707
Q15599	Q15599		NHERF2		2.60682e+07	1.82431e+07	2.23189e+07	1.75519e+07	2.96207e+07	2.28477e+07	2.24361e+07	1.97907e+07
Q15628	Q15628		TRADD		2.36344e+07	3.02593e+07	2.68027e+07	2.89161e+07	2.18748e+07	2.41234e+07	2.35572e+07	2.18316e+07
Q15629	Q15629		TRAM1		5.21508e+07	4.66396e+07	5.17284e+07	5.00733e+07	5.41392e+07	7.46806e+07	5.00963e+07	7.29227e+07
Q15631	Q15631		TSN		1.25675e+07	1.27291e+07	1.3991e+07	1.16053e+07	1.01834e+07	1.05026e+07	1.27685e+07	8.98862e+06
Q15633	Q15633		TARBP2		1.60685e+06	1.98944e+06	1.90922e+06	2.27185e+06	1.97531e+06	1.42128e+06	1.77289e+06	1.17784e+06
Q15637	Q15637		SF1		3.25199e+07	6.99748e+07	5.28729e+07	6.71971e+07	3.58517e+07	4.86839e+07	5.8683e+07	6.33769e+07
Q15642	Q15642		TRIP10		1.12587e+08	1.21467e+08	1.20648e+08	1.16155e+08	1.13509e+08	9.6952e+07	1.21391e+08	9.53652e+07
Q15643	Q15643		TRIP11		1.30606e+07	1.0542e+07	1.36791e+07	1.19613e+07	1.79508e+07	1.31853e+07	1.42159e+07	1.15597e+07
Q15645	Q15645		TRIP13		6.7778e+06	1.99307e+07	1.51403e+07	2.21019e+07	9.0807e+06	1.28356e+07	1.66718e+07	1.32102e+07
Q15646	Q15646		OASL		1.01656e+07	1.12403e+07	5.8297e+06		1.92204e+07	1.10018e+07	9.72982e+06	1.27913e+07
Q15648	Q15648		MED1		1.6163e+06	3.3969e+06	2.21022e+06	4.34207e+06	2.07942e+06	2.61195e+06	2.26109e+06	2.19504e+06
Q15650	Q15650		TRIP4		2.90115e+06	2.813e+06	3.37637e+06	3.66616e+06	2.76452e+06	2.3226e+06	3.13853e+06	2.35277e+06
Q15651	Q15651		HMGN3		3.46154e+06	6.486e+06	6.94385e+06	1.28182e+07	5.67328e+06	2.22235e+06	7.33219e+06	4.67256e+06
Q15652	Q15652		JMJD1C				815817	1.92582e+06		772384		573651
Q15654	Q15654		TRIP6		2.58942e+07	2.61386e+07	3.4914e+07	3.17582e+07	2.56869e+07	5.54207e+07	3.85114e+07	5.78728e+07
Q15678	Q15678		PTPN14		5.87694e+06	5.99443e+06	5.32486e+06	5.96039e+06	5.16259e+06	6.16101e+06	5.33042e+06	7.04356e+06
Q15691	Q15691		MAPRE1		2.32455e+07	3.00091e+07	2.59994e+07	3.23277e+07	2.42608e+07	2.71388e+07	2.61957e+07	2.95993e+07
Q15714	Q15714		TSC22D1		1.46732e+06	1.67154e+06	1.31348e+06	994594	1.62895e+06	683313	1.70082e+06	1.1977e+06
Q15717	Q15717		ELAVL1		1.04711e+07	1.60263e+07	1.53264e+07	1.92848e+07	1.31871e+07	7.08712e+06	2.04297e+07	7.71958e+06
Q15723	Q15723		ELF2			820307		883014	682786	1.02107e+06	862769	758773
Q15738	Q15738		NSDHL		1.00376e+08	9.41066e+07	1.13236e+08	1.27911e+08	8.60858e+07	1.72431e+08	1.06346e+08	1.46721e+08
Q15746	Q15746		MYLK		917487	1.07278e+06	1.06356e+06	1.09578e+06	778268	649174	959468	529949
Q15750	Q15750		TAB1		5.40711e+06	5.77517e+06	5.84064e+06	6.49398e+06	5.01631e+06	5.04201e+06	5.90767e+06	5.66801e+06
Q15751	Q15751		HERC1		1.85396e+06	2.79804e+06	2.64712e+06	3.47617e+06	2.06929e+06	1.8688e+06	2.58054e+06	1.72047e+06
Q15758	Q15758		SLC1A5		2.50072e+08	3.24532e+08	3.25946e+08	2.6671e+08	2.60876e+08	3.77231e+08	3.06078e+08	4.17341e+08
Q15768	Q15768		EFNB3		7.96596e+06	7.22333e+06	7.66968e+06	5.54897e+06	8.852e+06	7.57473e+06	1.03602e+07	8.48653e+06
Q15773	Q15773		MLF2		2.60136e+06	3.06348e+06	2.36575e+06	2.89351e+06	2.64661e+06	3.02342e+06	2.55713e+06	2.76877e+06
Q15782	Q15782		CHI3L2			1.37847e+06					535488	
Q15785	Q15785		TOMM34		3.87634e+07	4.7566e+07	4.43558e+07	5.16286e+07	3.71721e+07	3.24603e+07	5.09553e+07	4.39953e+07
Q15796	Q15796		SMAD2		3.7151e+06	6.57657e+06	4.19212e+06	6.98457e+06	4.57859e+06	4.06606e+06	5.71093e+06	7.15208e+06
Q15797	Q15797		SMAD1		1.58842e+06	1.79526e+06	1.62956e+06	2.13526e+06	1.26187e+06	1.71006e+06	1.69666e+06	1.47641e+06
Q15800	Q15800		MSMO1		2.97549e+07	1.86327e+07	3.45572e+07	3.4568e+07	2.35109e+07	3.9001e+07	3.00235e+07	3.05129e+07
Q15811	Q15811		ITSN1		4.39142e+06	5.02411e+06	4.34722e+06	5.01497e+06	5.26451e+06	4.16201e+06	4.78866e+06	5.40465e+06
Q15813	Q15813		TBCE		4.69648e+06	5.73341e+06	7.06161e+06	7.75543e+06	4.03355e+06	5.57908e+06	6.26789e+06	5.48362e+06
Q15814	Q15814		TBCC		5.28656e+06	7.58888e+06	7.03906e+06	8.05257e+06	5.75191e+06	9.2761e+06	7.63071e+06	9.2968e+06
Q15818	Q15818		NPTX1		153195	162618	233329	193091	455665	499823	830834	225712
Q15819	Q15819		UBE2V2		2.49973e+07	4.08828e+07	3.93715e+07	5.2739e+07	2.77994e+07	3.90144e+07	4.02531e+07	4.43213e+07
Q15831	Q15831		STK11		1.97238e+06	1.92313e+06	2.09396e+06	1.61591e+06	2.20794e+06	2.14934e+06	2.20947e+06	2.32123e+06
Q15833	Q15833		STXBP2		2.68233e+07	2.85045e+07	3.43563e+07	3.68699e+07	2.2042e+07	2.79671e+07	2.68117e+07	2.10955e+07
Q15834	Q15834		CCDC85B		5.11102e+06	2.98832e+06	4.2763e+06	2.87106e+06	4.92835e+06	4.10927e+06	4.16394e+06	3.83057e+06
Q15836	Q15836		VAMP3		1.05728e+08	1.17761e+08	1.13129e+08	1.17447e+08	9.3198e+07	1.37038e+08	1.34375e+08	1.95886e+08
Q15843	Q15843		NEDD8		9.718e+06	1.44691e+07	1.37417e+07	1.62546e+07	1.05756e+07	1.60852e+07	1.86842e+07	1.40577e+07
Q15853	Q15853		USF2		1.98729e+06	1.49509e+06	1.26506e+06	946552	1.70157e+06	1.23886e+06	2.11385e+06	1.67435e+06
Q15904	Q15904		ATP6AP1		2.16744e+07	2.36633e+07	2.52326e+07	2.64234e+07	2.31578e+07	5.23689e+07	2.40881e+07	4.43578e+07
Q15907	Q15907		RAB11B		2.87233e+07	3.10794e+07	3.30964e+07	3.53177e+07	2.98794e+07	3.83805e+07	3.51987e+07	3.47289e+07
Q15911	Q15911		ZFHX3		1.43767e+07	1.42386e+07	1.50068e+07				1.61506e+07	
Q15942	Q15942		ZYX		2.03277e+07	2.18851e+07	2.33864e+07	2.27045e+07	2.44976e+07	3.26337e+07	2.73486e+07	4.18335e+07
Q16134	Q16134		ETFDH		1.30143e+07	2.1495e+07	1.21023e+07	1.12045e+07	1.28126e+07	1.35874e+07	1.4451e+07	1.78044e+07
Q16181	Q16181		SEPTIN7		6.3124e+07	3.82703e+07	4.37037e+07	3.42823e+07	6.05727e+07	3.45092e+07	4.45714e+07	3.78951e+07
Q16186	Q16186		ADRM1		6.25417e+06	1.06138e+07	7.81484e+06	1.05737e+07	8.22907e+06	9.53916e+06	9.29085e+06	1.16887e+07
Q16204	Q16204		CCDC6		6.51723e+06	9.15465e+06	9.27422e+06	9.90162e+06	6.3431e+06	1.01656e+07	8.60215e+06	1.06086e+07
Q16222	Q16222		UAP1		6.95581e+06	8.42331e+06	1.11715e+07	1.02745e+07	5.88414e+06	1.08841e+07	1.17229e+07	9.32611e+06
Q16270	Q16270		IGFBP7		9.41701e+07	6.2915e+07	6.75454e+07	4.58986e+07	1.6517e+08	6.4498e+07	5.66006e+07	5.60539e+07
Q16342	Q16342		PDCD2		742998		777016	765783		686626	965470	770488
Q16352	Q16352		INA		2.73056e+06	1.53472e+06	3.72826e+06	4.44732e+06	497094	2.82746e+06	1.84607e+06	1.25274e+06
Q16363	Q16363		LAMA4		1.09123e+07	3.90634e+06	8.5696e+06	7.62722e+06	1.17443e+07	7.35336e+06	7.84362e+06	5.05782e+06
Q16378	Q16378		PRR4				104545	85545.3			95032.5	5.49303e+06
Q16394	Q16394		EXT1		2.68267e+06	4.30922e+06	3.26267e+06	4.09671e+06	3.96074e+06	4.93331e+06	4.01832e+06	4.68675e+06
Q16401	Q16401		PSMD5		2.39794e+07	3.82309e+07	3.6685e+07	4.19952e+07	2.64929e+07	3.01899e+07	3.6596e+07	2.85882e+07
Q16478	Q16478		GRIK5		3.28372e+06	2.20636e+06	2.58896e+06	2.06998e+06	3.18926e+06		2.51365e+06	2.77269e+06
Q16512	Q16512		PKN1		2.29155e+06	1.94163e+06	2.4069e+06	2.69574e+06	1.68234e+06	1.91541e+06	1.81215e+06	1.63723e+06
Q16513	Q16513		PKN2		1.47817e+07	1.25627e+07	1.51445e+07	1.76142e+07	1.56409e+07	1.23693e+07	1.19473e+07	9.88682e+06
Q16514	Q16514		TAF12		310441	1.34813e+06	705850	1.69953e+06	609529	582765	873400	360868
Q16527	Q16527		CSRP2		4.52888e+06	2.39937e+06	3.47407e+06	2.26764e+06	4.78595e+06	2.75822e+06	3.15272e+06	2.60767e+06
Q16531	Q16531		DDB1		5.49089e+07	1.09366e+08	8.04777e+07	9.64859e+07	6.01693e+07	6.59511e+07	9.65606e+07	6.91362e+07
Q16537	Q16537		PPP2R5E		5.86489e+06	8.55011e+06	8.2798e+06	1.03805e+07	6.15728e+06	7.66179e+06	8.91287e+06	7.64232e+06
Q16539	Q16539		MAPK14		5.11226e+06	8.86825e+06	7.29917e+06	9.50339e+06	5.2855e+06	8.65108e+06	8.00753e+06	9.69234e+06
Q16540	Q16540		MRPL23		6.49905e+07	4.92226e+07	5.52034e+07	3.37516e+07	9.08914e+07	5.42362e+07	7.67081e+07	7.264e+07
Q16543	Q16543		CDC37		1.40254e+07	2.31683e+07	2.06256e+07	2.77171e+07	1.50239e+07	1.98353e+07	2.24288e+07	1.98142e+07
Q16548	Q16548		BCL2A1		599366	503277	602437	721619	2.32889e+06	906400	555981	653263
Q16549	Q16549		PCSK7				1.49267e+06		2.0391e+06			
Q16555	Q16555		DPYSL2		2.49026e+07	3.05182e+07	2.25813e+07	2.01002e+07	3.14512e+07	2.67006e+07	2.83766e+07	3.95514e+07
Q16563	Q16563		SYPL1		5.27375e+07	5.43365e+07	5.64586e+07	6.14239e+07	3.7194e+07	8.0821e+07	5.44108e+07	6.831e+07
Q16566	Q16566		CAMK4		3.519e+06	4.08207e+06	5.09262e+06	4.45641e+06	4.50049e+06	4.47341e+06	4.20101e+06	4.24384e+06
Q16576	Q16576		RBBP7		2.85742e+06	6.99267e+06	4.8347e+06	6.79919e+06	3.31002e+06	4.79846e+06	5.16804e+06	4.19901e+06
Q16585	Q16585		SGCB		1.71515e+06	2.3961e+06	1.31131e+06	2.09496e+06	2.1799e+06	3.0314e+06	2.21634e+06	4.25843e+06
Q16595	Q16595		FXN		1.91789e+07	9.17271e+06	1.37631e+07	4.25382e+06	2.67453e+07	7.14234e+06	2.13984e+07	9.06235e+06
Q16610	Q16610		ECM1		5.76195e+06	2.18462e+06	4.30804e+06	3.71591e+06	3.32052e+06	5.5911e+06	4.14441e+06	2.61804e+06
Q16611	Q16611		BAK1		1.64104e+07	1.54948e+07	1.55156e+07	1.70953e+07	1.89592e+07	2.05894e+07	1.76725e+07	2.45586e+07
Q16623	Q16623		STX1A		2.62312e+06	1.70217e+06	2.80592e+06	1.78583e+06	2.60138e+06	2.47734e+06	2.3326e+06	2.48143e+06
Q16625	Q16625		OCLN		2.83688e+07	1.08644e+07	2.64558e+07	1.6333e+07	1.93228e+07	2.57719e+07	1.97982e+07	1.75118e+07
Q16626	Q16626		MEA1		5.84197e+06	9.75096e+06	8.58921e+06	8.66289e+06	7.27922e+06	1.03527e+07	9.82077e+06	1.31579e+07
Q16629	Q16629		SRSF7		4.66444e+06	6.90148e+06	6.14413e+06	7.46686e+06	4.98848e+06	3.8444e+06	6.66935e+06	4.00085e+06
Q16630	Q16630		CPSF6		8.24597e+06	1.36715e+07	1.358e+07	2.28135e+07	9.23393e+06	1.51353e+07	1.20597e+07	1.18613e+07
Q16635	Q16635		TAFAZZIN		3.16302e+06	2.5174e+06	2.43121e+06	2.00434e+06	2.32216e+06	3.03594e+06	2.01153e+06	2.95418e+06
Q16637	Q16637		SMN1		7.64747e+06	1.21679e+07	1.08836e+07	1.36744e+07	1.04134e+07	7.91635e+06	1.15327e+07	8.23814e+06
Q16643	Q16643		DBN1		6.02489e+07	5.59513e+07	6.68237e+07	6.14857e+07	5.02095e+07	6.57299e+07	7.00266e+07	6.56966e+07
Q16644	Q16644		MAPKAPK3		1.98709e+06	3.35975e+06	2.91339e+06	3.99738e+06	2.50943e+06	2.84837e+06	3.08883e+06	3.04123e+06
Q16647	Q16647		PTGIS		1.59739e+06	3.31007e+06	1.80812e+06	1.65497e+06	2.8266e+06		3.10145e+06	3.61466e+06
Q16649	Q16649		NFIL3			367330	257900	329892	259544	283428	374085	
Q16651	Q16651		PRSS8			2.04073e+06						
Q16656	Q16656		NRF1		1.51635e+06	4.7372e+06	2.33701e+06	5.44189e+06	2.1525e+06	2.57311e+06	3.16366e+06	2.21119e+06
Q16658	Q16658		FSCN1		1.70418e+08	1.35743e+08	1.81432e+08	2.43968e+08	1.5684e+08	2.36675e+08	1.84511e+08	2.53613e+08
Q16666	Q16666		IFI16		3.29412e+06	1.11032e+07	7.4441e+06	1.00223e+07	5.77615e+06	5.96038e+06	7.08144e+06	4.55304e+06
Q16678	Q16678		CYP1B1		3.11694e+06	1.47171e+07	6.04146e+06	6.63661e+06	4.86809e+06	5.80216e+06	7.73829e+06	7.10268e+06
Q16698	Q16698		DECR1		1.74428e+08	1.44348e+08	1.43317e+08	1.04973e+08	2.0499e+08	1.46691e+08	1.78671e+08	1.74374e+08
Q16706	Q16706		MAN2A1		2.04257e+07	1.66827e+07	2.00618e+07	1.97656e+07	2.5911e+07	3.12249e+07	1.83895e+07	2.36436e+07
Q16718	Q16718		NDUFA5		1.32909e+08	1.20562e+08	1.23583e+08	1.25691e+08	1.21215e+08	1.64016e+08	1.15157e+08	1.26703e+08
Q16720	Q16720		ATP2B3		1.47554e+07		1.47179e+07	1.15622e+07		1.15701e+07		
Q16739	Q16739		UGCG		3.82305e+06	7.31521e+06	4.86868e+06	3.89366e+06	5.23633e+06	5.63959e+06	5.40453e+06	6.28922e+06
Q16740	Q16740		CLPP		4.57108e+07	2.51082e+07	4.00124e+07	1.10291e+07	6.06e+07	1.91375e+07	5.10787e+07	2.50793e+07
Q16762	Q16762		TST		6.75534e+07	2.42023e+07	3.41446e+07	1.738e+07	5.87971e+07	3.08438e+07	3.37601e+07	3.22754e+07
Q16763	Q16763		UBE2S		7.02436e+06	9.08019e+06	1.01894e+07	1.32128e+07	8.61279e+06	1.84972e+07	7.76299e+06	1.68574e+07
Q16769	Q16769		QPCT		4.65935e+06	4.4245e+06	4.65045e+06	4.30895e+06	4.60524e+06	5.0496e+06	4.67007e+06	4.5717e+06
Q16773	Q16773		KYAT1		2.66462e+06	2.74157e+06	3.15448e+06	2.42196e+06	3.72484e+06	2.62207e+06	4.1283e+06	
Q16774	Q16774		GUK1		1.13804e+07	8.62289e+06	1.0298e+07	7.01832e+06	1.23968e+07	6.54417e+06	1.14641e+07	6.7284e+06
Q16775	Q16775		HAGH		1.55889e+07	8.5473e+06	1.02244e+07	6.84572e+06	1.67768e+07	7.30724e+06	9.89366e+06	8.35095e+06
Q16787	Q16787		LAMA3		8.34702e+06	7.94567e+06	6.78862e+06	4.23044e+06	1.07224e+07	7.50873e+06	7.96196e+06	8.07038e+06
Q16795	Q16795		NDUFA9		1.30384e+08	1.17448e+08	1.28354e+08	1.3111e+08	1.15847e+08	1.75038e+08	1.17723e+08	1.55021e+08
Q16799	Q16799		RTN1		3.22452e+07	1.44054e+07	2.82323e+07	1.99756e+07	4.43015e+07	1.58465e+07	3.88541e+07	2.14089e+07
Q16822	Q16822		PCK2		1.08331e+08	5.33758e+07	9.1262e+07	2.24521e+07	7.48277e+07	2.61929e+07	8.2567e+07	3.0977e+07
Q16825	Q16825		PTPN21		2.00597e+06	2.23349e+06	1.69381e+06	1.54032e+06	1.94339e+06	1.37535e+06	1.86194e+06	1.72868e+06
Q16831	Q16831		UPP1		9.50618e+06	1.18609e+07	1.41153e+07	1.57245e+07	1.18057e+07	1.04994e+07	9.67185e+06	7.17226e+06
Q16832	Q16832		DDR2		7.8357e+06	1.44206e+07	1.20767e+07	9.72422e+06	7.16679e+06	8.61407e+06	1.09499e+07	6.997e+06
Q16836	Q16836		HADH		1.26293e+08	1.03664e+08	9.19083e+07	5.85859e+07	1.50136e+08	9.84999e+07	1.27269e+08	1.42262e+08
Q16842	Q16842		ST3GAL2		1.49903e+06	1.16025e+06	1.84217e+06	1.62523e+06	1.34128e+06	2.27633e+06	1.32904e+06	1.9447e+06
Q16850	Q16850		CYP51A1		4.36358e+07	4.27137e+07	5.29134e+07	6.20525e+07	2.7106e+07	8.97409e+07	4.71819e+07	8.25737e+07
Q16851	Q16851		UGP2		1.74805e+07	2.07224e+07	1.84393e+07	2.15679e+07	1.91915e+07	1.73293e+07	1.71953e+07	1.51019e+07
Q16854	Q16854		DGUOK		1.63817e+07	8.55404e+06	1.19041e+07	4.43837e+06	1.63085e+07	7.59951e+06	1.29701e+07	6.92723e+06
Q16864	Q16864		ATP6V1F		1.87204e+07	1.60114e+07	1.99283e+07	1.62789e+07	1.85938e+07	2.69779e+07	1.75948e+07	2.26921e+07
Q16875	Q16875		PFKFB3		1.6587e+06	3.37478e+06	2.20939e+06	3.09652e+06	1.8044e+06	2.6536e+06	2.31784e+06	2.47298e+06
Q16880	Q16880		UGT8		6.37458e+06	5.41296e+06	7.33347e+06	7.99506e+06	8.08831e+06	1.68018e+07	7.07725e+06	1.53962e+07
Q16881	Q16881		TXNRD1		6.44561e+06	7.42857e+06	7.73765e+06	5.54963e+06	6.06427e+06	7.08321e+06	8.63875e+06	7.33633e+06
Q16890	Q16890		TPD52L1		2.77424e+06	1.78959e+06	2.9898e+06	2.63654e+06			2.86758e+06	
Q16891	Q16891		IMMT		2.30147e+08	2.65861e+08	2.33151e+08	2.46502e+08	2.44167e+08	3.20191e+08	2.50542e+08	3.32102e+08
Q17R31	Q17R31		TATDN3		3.14778e+06	2.56226e+06	2.93099e+06	1.72798e+06	2.6967e+06	2.68117e+06	3.04669e+06	2.55572e+06
Q17RN3	Q17RN3		FAM98C		1.35753e+06	1.86561e+06	1.67499e+06	1.04759e+06	2.03486e+06	1.03991e+06	1.9377e+06	1.19107e+06
Q17RY0	Q17RY0		CPEB4		1.34118e+06	1.42796e+06	1.12872e+06	1.15887e+06	1.31166e+06	913473	1.32706e+06	1.00092e+06
Q17RY6	Q17RY6		LY6K		7.32973e+06	1.769e+07	1.62748e+07	1.74753e+07	1.05155e+07	4.41479e+07	1.42892e+07	3.4652e+07
Q1KMD3	Q1KMD3		HNRNPUL2		5.66929e+06	1.18106e+07	9.43166e+06	1.2498e+07	1.14007e+07	4.06431e+06	1.457e+07	4.6756e+06
Q1L6U9	Q1L6U9		MSMP		7.18338e+06	2.16814e+06	1.45227e+06	1.09129e+06	9.0229e+06	867178	2.71873e+06	3.46869e+06
Q24JP5	Q24JP5		TMEM132A		1.08494e+07	4.49813e+06	8.48437e+06	5.25291e+06	1.30927e+07	8.67575e+06	5.55581e+06	4.72203e+06
Q27J81	Q27J81		INF2		1.08894e+07	1.20156e+07	1.45171e+07	1.80586e+07	1.03542e+07	1.08806e+07	1.12594e+07	8.61834e+06
Q29980	Q29980		MICB		5.88365e+07	2.17468e+07	5.06856e+07	3.51394e+07	4.62373e+07	5.61036e+07	3.33078e+07	3.30574e+07
Q29983	Q29983		MICA		8.90432e+06	5.35872e+06	8.61196e+06	7.67593e+06	9.60174e+06	1.5974e+07	6.90324e+06	1.15102e+07
Q29RF7	Q29RF7		PDS5A		9.74109e+06	3.43898e+07	1.73581e+07	3.5976e+07	1.70813e+07	1.74685e+07	2.21529e+07	1.74252e+07
Q2KHR3	Q2KHR3		QSER1		2.39767e+06	3.02443e+06	2.14146e+06	3.74402e+06	3.15601e+06	2.46161e+06	2.60687e+06	2.46808e+06
Q2L4Q9	Q2L4Q9		PRSS53			1.18721e+06						
Q2LD37	Q2LD37		BLTP1		2.36354e+06	2.49192e+06	2.16296e+06	1.86912e+06	2.00937e+06	2.52788e+06	1.85786e+06	2.3147e+06
Q2M2I8	Q2M2I8		AAK1		1.32087e+07	1.30089e+07	1.20516e+07	1.36159e+07	8.8762e+06	9.01408e+06	9.29854e+06	8.9827e+06
Q2M389	Q2M389		WASHC4		5.62306e+06	8.55085e+06	6.81593e+06	8.94909e+06	6.68156e+06	5.94207e+06	6.79282e+06	5.76336e+06
Q2M3C6	Q2M3C6		TMEM266			1.50844e+06	1.1792e+06		1.17712e+06	1.56287e+06		
Q2M3G4	Q2M3G4		SHROOM1		241379	184646	209584	202307	219262	139430	311524	254423
Q2NKX8	Q2NKX8		ERCC6L		6.17864e+06	5.82543e+06	7.23475e+06	8.02862e+06	5.90031e+06	7.09995e+06	7.05926e+06	6.58306e+06
Q2NL82	Q2NL82		TSR1		3.07242e+07	5.62593e+07	5.30522e+07	6.21405e+07	4.05705e+07	4.29753e+07	4.94694e+07	4.04538e+07
Q2PPJ7	Q2PPJ7		RALGAPA2		129615	275324	95958	144592	163466	66002.5	133664	92735.4
Q2PZI1	Q2PZI1		DPY19L1		3.35237e+07	3.27171e+07	3.13474e+07	3.92041e+07	3.86295e+07	4.38208e+07	3.03422e+07	4.1032e+07
Q2QL34	Q2QL34		MPV17L		1.5868e+06	1.68535e+06	1.15622e+06	947304	1.44449e+06	1.44899e+06	1.45774e+06	1.5098e+06
Q2T9J0	Q2T9J0		TYSND1		2.82634e+06	2.27862e+06	2.59253e+06	1.58938e+06	2.57849e+06	4.28006e+06	2.25436e+06	3.86883e+06
Q2TAA5	Q2TAA5		ALG11		4.93957e+06	5.67079e+06	4.81042e+06	5.2928e+06	6.43665e+06	7.71456e+06	5.49159e+06	7.83347e+06
Q2TAL8	Q2TAL8		QRICH1		1.65901e+07	2.8479e+07	2.30282e+07	2.95858e+07	2.17128e+07	2.17093e+07	2.64903e+07	1.90676e+07
Q2TAY7	Q2TAY7		SMU1		5.85092e+06	1.21515e+07	8.48908e+06	1.22771e+07	1.0327e+07	6.3797e+06	1.2533e+07	7.31974e+06
Q2TB10	Q2TB10		ZNF800		297572	504744	419169	641296	460485	373453	648957	
Q2TB90	Q2TB90		HKDC1		2.88477e+06		2.49112e+06		1.48873e+06			759041
Q2V2M9	Q2V2M9		FHOD3		1.49476e+06	1.90028e+06	1.72143e+06	1.64153e+06	1.98623e+06	1.4137e+06	1.78824e+06	758097
Q2VPB7	Q2VPB7		AP5B1		3.71121e+06	5.01756e+06	3.60531e+06	3.3478e+06	4.9878e+06	4.80616e+06	4.19565e+06	5.67951e+06
Q2VPK5	Q2VPK5		CTU2		2.58751e+06	3.2605e+06	4.1627e+06	5.09902e+06	2.32057e+06	3.40074e+06	3.7135e+06	2.7526e+06
Q2Y0W8	Q2Y0W8		SLC4A8		4.53916e+06	6.77627e+06	4.05052e+06	3.57125e+06	5.30697e+06	4.34067e+06	5.27276e+06	4.08851e+06
Q30201	Q30201		HFE		2.11798e+06	2.83537e+06	2.40018e+06	2.59956e+06	2.5438e+06	3.72638e+06	2.90344e+06	4.19156e+06
Q32MZ4	Q32MZ4		LRRFIP1		6.72096e+06	7.75384e+06	6.99689e+06	5.47997e+06	7.411e+06	4.99768e+06	7.26866e+06	5.86851e+06
Q32NB8	Q32NB8		PGS1		3.18777e+06	3.82578e+06	3.04979e+06	2.88412e+06	5.95455e+06	3.61421e+06	4.3441e+06	4.55363e+06
Q32P28	Q32P28		P3H1		5.28146e+07	1.83865e+07	5.15311e+07	2.32499e+07	6.48456e+07	4.01946e+07	4.40508e+07	2.9315e+07
Q32P41	Q32P41		TRMT5		1.18048e+07	7.95619e+06	1.05036e+07	5.24084e+06	1.57432e+07	6.73345e+06	1.39528e+07	8.21753e+06
Q32P44	Q32P44		EML3		3.51549e+06	3.47978e+06	2.99909e+06	2.88648e+06	3.52341e+06	2.40741e+06	2.90792e+06	2.28033e+06
Q330K2	Q330K2		NDUFAF6		1.05962e+07	1.51561e+07	1.07117e+07	9.86878e+06	1.34599e+07	1.343e+07	1.36921e+07	1.72669e+07
Q3B726	Q3B726		POLR1F		2.9829e+06	5.98917e+06	5.45496e+06	9.55506e+06	3.18128e+06	5.41424e+06	3.68641e+06	3.70126e+06
Q3B7T1	Q3B7T1		EDRF1		1.7634e+06	1.85763e+06	1.81255e+06	1.89545e+06	1.57778e+06	1.92385e+06	1.88557e+06	2.04138e+06
Q3KQU3	Q3KQU3		MAP7D1		3.75065e+06	5.76743e+06	3.93501e+06	5.846e+06	4.25686e+06	4.09531e+06	4.25476e+06	5.01322e+06
Q3KQZ1	Q3KQZ1		SLC25A35		6.33973e+06	8.67302e+06	5.42777e+06	6.41692e+06	8.60546e+06	8.39968e+06	7.97936e+06	1.06651e+07
Q3KR37	Q3KR37		GRAMD1B		1.43536e+07	1.55455e+07	2.06044e+07	2.21606e+07	1.9208e+07	2.60859e+07	2.138e+07	1.89487e+07
Q3KRA9	Q3KRA9		ALKBH6		573870	683925	459334	560617	814166	724928	671576	895136
Q3LXA3	Q3LXA3		TKFC		5.29744e+06	1.05659e+07	8.27837e+06	1.11772e+07	5.85887e+06	6.65806e+06	8.5227e+06	6.95045e+06
Q3MHD2	Q3MHD2		LSM12		1.01792e+07	1.06966e+07	1.15482e+07	1.1663e+07	1.15157e+07	8.50037e+06	1.23732e+07	1.08368e+07
Q3MIP1	Q3MIP1		ITPRIPL2		7.42135e+06	6.43959e+06	8.8013e+06	1.00619e+07	7.34335e+06	1.49274e+07	7.68658e+06	1.18374e+07
Q3MIX3	Q3MIX3		ADCK5		5.07273e+06	7.04504e+06	5.18148e+06	5.25588e+06	6.15282e+06	6.90828e+06	5.98738e+06	7.67271e+06
Q3MJ16	Q3MJ16		PLA2G4E			4.22372e+06						
Q3SXM5	Q3SXM5		HSDL1		5.97043e+07	5.3723e+07	4.88293e+07	5.15439e+07	5.88394e+07	7.59736e+07	5.03044e+07	6.88278e+07
Q3SXY8	Q3SXY8		ARL13B		6.46689e+06	4.89766e+06	6.23581e+06	5.51191e+06	5.74836e+06	6.50881e+06	5.25151e+06	4.796e+06
Q3SY69	Q3SY69		ALDH1L2		5.35778e+07	6.05014e+07	5.82371e+07	2.61303e+07	4.05604e+07	1.79003e+07	6.03313e+07	2.4973e+07
Q3T906	Q3T906		GNPTAB		1.69814e+06	1.50313e+06	1.64933e+06	1.49213e+06	2.51926e+06	2.1709e+06	1.78144e+06	1.8375e+06
Q3V6T2	Q3V6T2		CCDC88A		3.31545e+06	3.24922e+06	2.93587e+06	3.47859e+06	3.29821e+06	2.49321e+06	2.60694e+06	2.0371e+06
Q3YEC7	Q3YEC7		RABL6		2.82929e+06	3.28086e+06	3.66673e+06	2.9951e+06	2.94616e+06	1.9932e+06	3.9293e+06	1.85089e+06
Q3ZAQ7	Q3ZAQ7		VMA21		6.28489e+07	7.55288e+07	7.87595e+07	1.04116e+08	9.44492e+07	1.89876e+08	9.5996e+07	1.7834e+08
Q3ZCM7	Q3ZCM7		TUBB8		2.47426e+06	5.79065e+06	4.42234e+06	1.09797e+07	6.27355e+06	4.49392e+06	5.56827e+06	4.1737e+06
Q3ZCQ3	Q3ZCQ3		FAM174B		673922	596658	873139	1.1096e+06	490442	1.34883e+06	572431	767886
Q3ZCQ8	Q3ZCQ8		TIMM50		1.28814e+08	1.43479e+08	1.37191e+08	1.3042e+08	1.3534e+08	2.26203e+08	1.47741e+08	2.57741e+08
Q3ZCT1	Q3ZCT1		ZNF260			268386			160848	262407	213921	236420
Q3ZCW2	Q3ZCW2		LGALSL		1.01196e+06	2.74875e+06	1.00602e+06	1.02371e+06	841391	1.50171e+06	1.00388e+06	1.43032e+06
Q3ZCX4	Q3ZCX4		ZNF568		1.97045e+06	1.7088e+06	2.0075e+06	1.47858e+06	1.8606e+06	1.92961e+06	1.90478e+06	
Q460N5	Q460N5		PARP14		610225	628493	696255	620190	619891	759239	620417	644455
Q494U1	Q494U1		PLEKHN1		1.77944e+06	1.17035e+06	1.15685e+06	764746	2.19038e+06	1.25261e+06	1.09083e+06	1.5338e+06
Q495W5	Q495W5		FUT11		2.53209e+06	1.05397e+06	2.17779e+06	973155	2.46102e+06	1.5751e+06	1.65121e+06	1.12294e+06
Q49A26	Q49A26		GLYR1		2.37333e+06	1.93427e+06	2.49155e+06	2.09771e+06	3.32408e+06	1.41145e+06	3.54558e+06	1.37427e+06
Q49AM1	Q49AM1		MTERF2			177200			320169	107309	203595	270434
Q49AR2	Q49AR2		C5orf22		291752	469369	330876	401887	367138	607628	331713	600350
Q49B96	Q49B96		COX19		2.18014e+07	2.39628e+07	2.08985e+07	1.60832e+07	2.29513e+07	2.38404e+07	2.42269e+07	3.01859e+07
Q4ADV7	Q4ADV7		RIC1		1.82714e+06	1.89995e+06	1.68542e+06	2.02577e+06	1.91412e+06	2.5224e+06	1.72373e+06	2.24163e+06
Q4G0F5	Q4G0F5		VPS26B		4.52917e+06	3.37011e+06	3.76876e+06	3.02585e+06	4.02943e+06	3.14996e+06	3.7922e+06	3.56201e+06
Q4G0I0	Q4G0I0		UQCC4		5.29789e+06	5.5294e+06	5.3824e+06	4.69489e+06	6.65416e+06	6.49901e+06	5.10972e+06	5.49954e+06
Q4G0J3	Q4G0J3		LARP7		280877	1.16631e+06	770440	1.08836e+06	421426	459265	627258	437939
Q4G0N4	Q4G0N4		NADK2		3.41267e+07	2.42411e+07	2.97204e+07	1.0269e+07	5.30162e+07	1.62486e+07	4.62969e+07	2.34316e+07
Q4G0P3	Q4G0P3		HYDIN			1.57784e+06	2.97171e+06			4.01427e+06		
Q4G0X4	Q4G0X4		KCTD21			2.53677e+06	1.31708e+06	1.64745e+06	680315	1.4369e+06	1.58954e+06	
Q4G148	Q4G148		GXYLT1		7.95454e+06	4.51349e+06	8.71536e+06	6.94357e+06	8.69974e+06	1.15848e+07	7.67302e+06	8.92639e+06
Q4G176	Q4G176		ACSF3		3.22034e+07	2.22412e+07	2.18647e+07	1.12317e+07	4.14453e+07	1.68725e+07	2.9579e+07	2.34602e+07
Q4J6C6	Q4J6C6		PREPL		7.2235e+06	4.62921e+06	6.11426e+06	3.8421e+06	8.81058e+06	5.07081e+06	7.38253e+06	5.9862e+06
Q4KMP7	Q4KMP7		TBC1D10B		5.16575e+06	4.6058e+06	4.18205e+06	5.09089e+06	6.53708e+06	4.49524e+06	3.91651e+06	4.49e+06
Q4KMQ1	Q4KMQ1		TPRN		805218	679442	569040	418712	781803	923284	775802	1.35796e+06
Q4KMQ2	Q4KMQ2		ANO6		2.12483e+07	1.59837e+07	1.94479e+07	1.65313e+07	1.46175e+07	1.7069e+07	1.55579e+07	1.49323e+07
Q4KWH8	Q4KWH8		PLCH1		7.09337e+06	3.18509e+06	5.66661e+06	3.39522e+06	1.77311e+07	4.66042e+06	8.05623e+06	4.02691e+06
Q4L180	Q4L180		FILIP1L		991704	1.17523e+06		444927	577121	717746	1.06571e+06	1.36181e+06
Q4LDG9	Q4LDG9		DNAL1		276112	340507		309860	219297	397012	328956	548536
Q4U2R6	Q4U2R6		MRPL51		2.30443e+07	1.68492e+07	1.95166e+07	1.12226e+07	2.93446e+07	1.95701e+07	2.41605e+07	2.25466e+07
Q4UJ75	Q4UJ75		ANKRD20A4P		341045	426460	274200	219494	433962	210447	333297	187364
Q4V328	Q4V328		GRIPAP1		271815	420124	255317	252733	240938	281987	285880	223638
Q4V348	Q4V348		ZNF658B		37832.4	49097.4	19001.4	72109.1	14255.9	19478.8	28290.9	30151.4
Q4VC31	Q4VC31		MIX23		1.04683e+08	6.83128e+07	8.05632e+07	4.52122e+07	1.34587e+08	8.42074e+07	1.06496e+08	1.00788e+08
Q4VC44	Q4VC44		FLYWCH1		543486	445863	560680	355831	486241	190728	1.01276e+06	244528
Q4VCS5	Q4VCS5		AMOT		1.80413e+06	850993	1.20357e+06	994349	1.56394e+06	898467	1.31179e+06	818596
Q4ZIN3	Q4ZIN3		TMEM259		1.51934e+07	1.56584e+07	1.60281e+07	1.47267e+07	1.43737e+07	3.00078e+07	1.63205e+07	2.62817e+07
Q504Q3	Q504Q3		PAN2		953198	1.15559e+06	1.06143e+06	1.10023e+06	867954	643240	996477	767879
Q52LJ0	Q52LJ0		FAM98B		5.98754e+06	1.52093e+07	1.01367e+07	1.84376e+07	5.63216e+06	9.6551e+06	1.01399e+07	9.52491e+06
Q52LW3	Q52LW3		ARHGAP29		2.58958e+06	2.20518e+06	2.50129e+06	2.68591e+06	2.17476e+06	1.9806e+06	1.93756e+06	2.10514e+06
Q53EL6	Q53EL6		PDCD4		5.96911e+06	1.91134e+07	1.04621e+07	2.00154e+07	6.43949e+06	5.88621e+06	1.3732e+07	7.44451e+06
Q53EP0	Q53EP0		FNDC3B		2.7317e+07	2.5035e+07	2.41222e+07	2.26332e+07	2.50481e+07	3.6635e+07	2.26905e+07	3.26964e+07
Q53ET0	Q53ET0		CRTC2		7.49524e+07							
Q53EU6	Q53EU6		GPAT3		1.43218e+07	1.30103e+07	1.44177e+07	1.69669e+07	1.24275e+07	2.07512e+07	1.41041e+07	2.00224e+07
Q53EZ4	Q53EZ4		CEP55		7.48415e+06	6.90662e+06	7.09416e+06	8.25928e+06	6.80119e+06	1.1832e+07	7.47809e+06	1.02493e+07
Q53F19	Q53F19		NCBP3		354920	501608	399703	438363	379420	336081	481585	298255
Q53FT3	Q53FT3		HIKESHI		1.44568e+06	5.34464e+06	3.70721e+06	6.14194e+06	2.10749e+06	3.12311e+06	4.02781e+06	3.41737e+06
Q53FV1	Q53FV1		ORMDL2		1.66134e+07	1.43091e+07	1.51465e+07	1.62213e+07	1.32819e+07	4.80708e+07	1.49102e+07	3.9867e+07
Q53GA4	Q53GA4		PHLDA2		8.8658e+06	5.53762e+06	9.68754e+06	7.44668e+06	7.45213e+06	1.33396e+07	5.74521e+06	1.18981e+07
Q53GG5	Q53GG5		PDLIM3		8.77885e+06	8.99557e+06	8.15257e+06	5.37561e+06	8.59785e+06	3.60027e+06	8.20333e+06	4.46131e+06
Q53GL0	Q53GL0		PLEKHO1		4.03727e+06	852555	1.99791e+06	2.40968e+06	2.6732e+06	2.47758e+06	1.55521e+06	1.53122e+06
Q53GQ0	Q53GQ0		HSD17B12		1.82865e+08	2.02293e+08	2.19791e+08	2.65098e+08	1.74048e+08	3.34623e+08	2.11783e+08	2.73635e+08
Q53GS7	Q53GS7		GLE1		3.46657e+06	6.17699e+06	4.07499e+06	4.12814e+06	7.42955e+06	3.66062e+06	7.89171e+06	6.10757e+06
Q53GS9	Q53GS9		USP39		3.398e+06	7.44918e+06	6.34799e+06	9.75874e+06	3.4948e+06	5.3762e+06	5.72594e+06	4.01341e+06
Q53GT1	Q53GT1		KLHL22		448400	519182	454290	501192	363443	538619	383245	598445
Q53H12	Q53H12		AGK		1.85665e+08	1.59892e+08	1.79699e+08	1.74229e+08	2.07397e+08	2.64544e+08	1.96146e+08	2.43678e+08
Q53H82	Q53H82		LACTB2		8.31813e+06	8.99156e+06	7.82558e+06	4.86441e+06	1.21453e+07	6.58552e+06	1.09537e+07	8.86848e+06
Q53H96	Q53H96		PYCR3		8.92405e+06	1.78465e+07	1.11229e+07	1.69377e+07	1.26061e+07	1.52231e+07	1.53291e+07	2.24149e+07
Q53HC9	Q53HC9		EIPR1		7.27041e+06	8.00911e+06	6.73149e+06	7.00778e+06	8.63148e+06	6.49495e+06	8.09574e+06	7.11599e+06
Q53LP3	Q53LP3		SOWAHC		2.01391e+06	2.49041e+06	2.69294e+06	2.84165e+06	1.9449e+06	2.17604e+06	2.20645e+06	1.81631e+06
Q53R41	Q53R41		FASTKD1		1.42726e+07	9.9917e+06	1.28326e+07	7.7604e+06	1.71918e+07	1.14638e+07	1.40416e+07	1.3401e+07
Q53RT3	Q53RT3		ASPRV1		456235	1.01526e+07				646310		
Q53S33	Q53S33		BOLA3		2.01342e+07	1.20914e+07	1.86491e+07	1.2801e+07	1.93927e+07	1.95233e+07	1.83828e+07	1.53199e+07
Q53S58	Q53S58		TMEM177		9.59266e+06	6.81233e+06	9.3319e+06	9.2165e+06	7.69064e+06	1.34625e+07	7.12793e+06	1.09079e+07
Q53SF7	Q53SF7		COBLL1		1.97243e+06	1.68593e+06	2.09807e+06	1.71307e+06	1.76104e+06	2.06355e+06	2.18053e+06	1.83567e+06
Q53T59	Q53T59		HS1BP3		1.36839e+06	1.12019e+06	1.37093e+06	993225	1.49398e+06	891518	1.2117e+06	1.39927e+06
Q53TN4	Q53TN4		CYBRD1		2.95912e+07	2.69129e+07	2.7706e+07	2.32965e+07	2.37488e+07	2.92188e+07	2.68013e+07	2.42795e+07
Q562E7	Q562E7		WDR81		2.76263e+06	3.6628e+06	3.2043e+06	3.6168e+06	2.97027e+06	3.14291e+06	3.15243e+06	3.22176e+06
Q562R1	Q562R1		ACTBL2		1.4341e+08	9.79764e+07	1.30098e+08	9.03389e+07	1.65928e+08	1.20498e+08	1.5438e+08	1.40498e+08
Q567U6	Q567U6		CCDC93		1.979e+06	1.87759e+06	2.00349e+06	2.26225e+06	1.54174e+06	1.77345e+06	1.63469e+06	1.51505e+06
Q567V2	Q567V2		MPV17L2		9.50191e+06	1.45726e+07	9.35029e+06	8.6869e+06	2.30673e+07	5.08411e+07	1.06656e+07	6.04787e+07
Q56A73	Q56A73		SPIN4			7.7687e+06		1.55201e+06		1.34449e+06	2.13807e+06	2.04971e+06
Q56VL3	Q56VL3		OCIAD2		1.3218e+08	4.85251e+07	1.23881e+08	1.57205e+08	9.68966e+07	2.354e+08	8.57819e+07	1.6741e+08
Q587I9	Q587I9		SFT2D3		3.70266e+06	2.92146e+06	3.77663e+06	4.19651e+06	3.59491e+06	5.197e+06	3.49848e+06	4.27974e+06
Q58A45	Q58A45		PAN3		889257	1.2441e+06	1.02405e+06	1.29858e+06	655016	826440	1.05546e+06	772479
Q58EX2	Q58EX2		SDK2		6.83043e+06	4.0867e+06	7.55289e+06	5.29163e+06	4.96793e+06	4.28301e+06	5.02324e+06	2.76867e+06
Q58EX7	Q58EX7		PLEKHG4		5.08993e+06	4.37258e+06	5.94513e+06	6.29138e+06	4.35797e+06	8.31037e+06	5.08338e+06	6.46754e+06
Q58FF7	Q58FF7		HSP90AB3P		1.67344e+06	2.46411e+06	2.31868e+06	1.78946e+06	1.96733e+06	2.22521e+06	2.72755e+06	2.00194e+06
Q5BJD5	Q5BJD5		TMEM41B		1.3597e+07	2.07448e+07	1.40682e+07	1.68637e+07	1.78942e+07	2.13755e+07	1.67412e+07	2.39787e+07
Q5BJF2	Q5BJF2		TMEM97		4.97277e+07	5.08417e+07	6.71047e+07	6.36392e+07	4.95973e+07	8.636e+07	4.69497e+07	1.02584e+08
Q5BJF6	Q5BJF6		ODF2		9.54904e+06	9.48576e+06	9.25323e+06	8.84644e+06	1.10104e+07	9.82434e+06	1.00052e+07	9.28114e+06
Q5BJH2	Q5BJH2		TMEM128		5.29044e+06	6.21736e+06	5.8087e+06	5.26536e+06	5.10168e+06	8.25848e+06	5.8209e+06	4.16558e+06
Q5BJH7	Q5BJH7		YIF1B		6.1623e+06	5.47674e+06	5.71723e+06	6.68691e+06	7.1372e+06	1.14698e+07	6.64968e+06	1.29012e+07
Q5BKT4	Q5BKT4		ALG10		8.77055e+06	1.25558e+07	9.63803e+06	1.25538e+07	1.13469e+07	1.37998e+07	1.17842e+07	1.29097e+07
Q5BKX5	Q5BKX5		ACTMAP		1.26928e+06	3.55217e+06	2.87359e+06	4.78216e+06	1.41633e+06	2.56208e+06	3.68372e+06	2.87183e+06
Q5BKX6	Q5BKX6		SLC45A4		2.00245e+06	1.83759e+06	1.8503e+06	1.57181e+06	1.44498e+06	3.43619e+06	1.267e+06	2.74722e+06
Q5BKY9	Q5BKY9		FAM133B		1.84756e+07	1.60767e+07	2.01258e+07	1.81008e+07	1.81825e+07	2.60766e+07	1.92572e+07	2.24123e+07
Q5BKZ1	Q5BKZ1		ZNF326		2.04893e+06	2.76725e+06	3.28061e+06	5.10592e+06	3.33264e+06	1.54939e+06	4.6227e+06	1.7087e+06
Q5BVD1	Q5BVD1		TTMP				1.0371e+06	1.05725e+06	1.4196e+06	1.52671e+06	1.362e+06	1.41231e+06
Q5C9Z4	Q5C9Z4		NOM1		3.0337e+06	3.97856e+06	4.92346e+06	4.07654e+06	3.63867e+06	4.50616e+06	5.16037e+06	4.97008e+06
Q5D0E6	Q5D0E6		DALRD3		2.61907e+06	3.24083e+06	3.07085e+06	2.98324e+06	3.31005e+06	2.79718e+06	3.82331e+06	3.79788e+06
Q5D862	Q5D862		FLG2		820408	3.1162e+06	1.77136e+06	2.00624e+06	679011	679923	1.69986e+06	802781
Q5EB52	Q5EB52		MEST		7.4344e+06	8.20085e+06	1.22827e+07	7.31155e+06	5.9214e+06	1.2768e+07	1.43952e+07	1.94383e+07
Q5EBL4	Q5EBL4		RILPL1		766331	928292	1.0304e+06	826789	659457	437272	785430	331682
Q5EBL8	Q5EBL8		PDZD11		1.59613e+07	1.09296e+07	1.16763e+07	9.39155e+06	1.233e+07	9.4828e+06	9.60597e+06	9.36082e+06
Q5F1R6	Q5F1R6		DNAJC21		1.06168e+06	1.56741e+06	1.21085e+06	1.51715e+06	1.1061e+06	1.03472e+06	1.69855e+06	1.17673e+06
Q5GLZ8	Q5GLZ8		HERC4		5.98446e+06	1.09039e+07	1.13569e+07	1.72715e+07	5.47719e+06	8.06087e+06	8.06029e+06	6.55947e+06
Q5H8A4	Q5H8A4		PIGG		8.37832e+06	6.91844e+06	8.0315e+06	8.207e+06	8.72338e+06	1.16899e+07	6.79288e+06	1.08787e+07
Q5H9E4	Q5H9E4		SLC25A53		1.1461e+06	1.32709e+06		1.10907e+06		1.32949e+06		4.33536e+06
Q5H9L2	Q5H9L2		TCEAL5		122637	234598	145919	165698	122010	78859.2	210759	185845
Q5H9R4	Q5H9R4		ARMCX4		121930	71430	127368		122431	112920	121665	49429.1
Q5H9R7	Q5H9R7		PPP6R3		5.52794e+06	9.40647e+06	8.67753e+06	1.25053e+07	5.7665e+06	7.4226e+06	7.97684e+06	6.0669e+06
Q5HYA8	Q5HYA8		TMEM67		2.6751e+06	3.8983e+06	3.00961e+06	3.33486e+06	3.0614e+06	3.34688e+06	3.31024e+06	3.91781e+06
Q5HYI7	Q5HYI7		MTX3		3.89758e+07	5.41565e+07	4.18153e+07	3.94613e+07	5.51983e+07	5.59039e+07	4.61359e+07	6.51694e+07
Q5HYI8	Q5HYI8		RABL3		2.73856e+07	2.53777e+07	2.63154e+07	2.9918e+07	2.1992e+07	3.93607e+07	2.32272e+07	3.14055e+07
Q5HYK3	Q5HYK3		COQ5		2.82439e+07	2.12352e+07	2.06552e+07	1.42547e+07	3.12772e+07	1.57472e+07	2.81409e+07	1.91939e+07
Q5HYW2	Q5HYW2		NHSL2		1.01633e+07	7.27395e+06	8.5925e+06	7.12259e+06	8.81185e+06	7.58174e+06	9.78401e+06	7.34021e+06
Q5J8M3	Q5J8M3		EMC4		4.03767e+07	4.3335e+07	4.62713e+07	5.41675e+07	5.26201e+07	6.64257e+07	4.72406e+07	5.98691e+07
Q5JPH6	Q5JPH6		EARS2		1.96942e+07	1.37298e+07	1.85363e+07	1.09744e+07	2.62101e+07	2.00842e+07	2.4623e+07	2.52037e+07
Q5JPI9	Q5JPI9		EEF1AKMT2		1.02051e+06	1.4184e+06	1.74471e+06	2.0531e+06	1.58403e+06	1.74069e+06	1.61932e+06	1.61497e+06
Q5JRA6	Q5JRA6		MIA3		2.27605e+07	2.46268e+07	2.58592e+07	2.34187e+07	3.02306e+07	3.01578e+07	2.69244e+07	2.91572e+07
Q5JRX3	Q5JRX3		PITRM1		5.64438e+07	4.1894e+07	4.38183e+07	1.8635e+07	7.36894e+07	2.60166e+07	6.46855e+07	3.7288e+07
Q5JS37	Q5JS37		NHLRC3		4.34082e+06	2.97004e+06	4.19877e+06	2.03316e+06	4.6167e+06	4.21354e+06	4.91035e+06	3.90759e+06
Q5JS54	Q5JS54		PSMG4		1.61857e+06	1.23539e+06	1.61978e+06	1.14941e+06	1.05171e+06	1.63692e+06	1.55026e+06	1.44125e+06
Q5JSH3	Q5JSH3		WDR44		2.78877e+06	2.45005e+06	2.39121e+06	2.56726e+06	2.58036e+06	1.85242e+06	2.19093e+06	1.6665e+06
Q5JSJ4	Q5JSJ4		INTS6L		8.1872e+06		9.44171e+06		1.28142e+07		8.92198e+06	
Q5JSL3	Q5JSL3		DOCK11		7.05647e+06	8.88278e+06	6.68372e+06	6.39277e+06	7.58802e+06	5.45646e+06	7.11234e+06	7.42697e+06
Q5JTC6	Q5JTC6		AMER1		328060	153122	284445		424841	228326	186962	136537
Q5JTD0	Q5JTD0		TJAP1		5.48196e+06	8.20212e+06	7.07288e+06	7.11264e+06	7.04706e+06	7.79656e+06	8.17266e+06	9.92562e+06
Q5JTH9	Q5JTH9		RRP12		6.05712e+06	9.33467e+06	9.85197e+06	1.4186e+07	7.19807e+06	6.92809e+06	7.91828e+06	6.75421e+06
Q5JTJ3	Q5JTJ3		COA6		2.16933e+07	2.42313e+07	2.07546e+07	1.73311e+07	2.62485e+07	2.40628e+07	2.89876e+07	3.15682e+07
Q5JTV8	Q5JTV8		TOR1AIP1		2.1789e+07	1.80249e+07	2.21228e+07	2.4557e+07	2.73647e+07	3.30493e+07	2.19245e+07	3.07918e+07
Q5JTW2	Q5JTW2		CEP78		1.31783e+06	1.42269e+06	1.34389e+06	1.2925e+06	1.29125e+06	1.38714e+06	1.17369e+06	1.56939e+06
Q5JTZ9	Q5JTZ9		AARS2		5.1268e+07	1.92604e+07	3.54874e+07	1.10392e+07	6.64164e+07	1.59819e+07	4.80501e+07	2.33396e+07
Q5JU69	Q5JU69		TOR2A		1.51466e+06	1.06967e+06	1.42958e+06	1.29083e+06	2.1792e+06	2.50452e+06	1.46219e+06	2.27248e+06
Q5JVF3	Q5JVF3		PCID2		3.24691e+06	6.47365e+06	4.80112e+06	6.44629e+06	4.49711e+06	4.16198e+06	5.19014e+06	4.78153e+06
Q5JWF2	Q5JWF2		GNAS		2.62431e+08	2.28824e+08	2.58177e+08	2.35193e+08	1.99178e+08	2.6944e+08	2.46991e+08	2.59153e+08
Q5K4L6	Q5K4L6		SLC27A3		4.85104e+06	3.19869e+06	3.36134e+06	3.51654e+06	4.05643e+06	5.04781e+06	3.41792e+06	4.81123e+06
Q5K651	Q5K651		SAMD9		1.75468e+06	3.0086e+06	2.28579e+06	2.66155e+06	3.13481e+06	1.97901e+06	2.53585e+06	2.37658e+06
Q5KU26	Q5KU26		COLEC12		1.19994e+07	1.47613e+07	1.20715e+07	1.14748e+07	1.1962e+07	2.20317e+07	1.31876e+07	2.49418e+07
Q5M775	Q5M775		SPECC1		8.23575e+06	6.59007e+06	7.45812e+06	5.17336e+06	9.5403e+06	7.43458e+06	6.38896e+06	7.44046e+06
Q5M7Z0	Q5M7Z0		RNFT1		4.67772e+06	3.23327e+06	3.64252e+06	3.06753e+06	3.80653e+06	5.33771e+06	3.7808e+06	5.40132e+06
Q5MNZ6	Q5MNZ6		WDR45B		3.28703e+06	2.55982e+06	2.87708e+06	2.80396e+06	3.29287e+06	2.96464e+06	2.96402e+06	2.86895e+06
Q5MNZ9	Q5MNZ9		WIPI1		756081	1.04757e+06	794357	678286	551283	449418	787593	432783
Q5NDL2	Q5NDL2		EOGT		1.57217e+07	1.15174e+07	1.39589e+07	1.28586e+07	1.93104e+07	1.71106e+07	1.08724e+07	1.13987e+07
Q5PRF9	Q5PRF9		SAMD4B		3.5626e+06	5.31973e+06	4.28987e+06	4.94405e+06	4.08319e+06	2.6439e+06	5.07012e+06	2.39531e+06
Q5QJE6	Q5QJE6		DNTTIP2		1.48542e+06	3.58443e+06	1.59383e+06	1.69675e+06	1.5427e+06	1.93613e+06	1.74825e+06	2.2052e+06
Q5R372	Q5R372		RABGAP1L		9.45802e+06	1.29384e+07	1.49688e+07	1.81316e+07	9.1569e+06	9.93469e+06	1.10378e+07	7.35316e+06
Q5R3F8	Q5R3F8		ELFN2				1.19162e+06	1.04814e+06		1.30513e+06	985112	1.69237e+06
Q5R3I4	Q5R3I4		TTC38		224587	239230	182733	130125	263450	144528	268538	170295
Q5RI15	Q5RI15		COX20		3.81038e+07	4.40409e+07	3.49703e+07	3.80582e+07	4.53533e+07	5.92227e+07	3.88745e+07	5.78035e+07
Q5RKV6	Q5RKV6		EXOSC6		1.60211e+06	4.66158e+06	2.64139e+06	4.21949e+06	2.11243e+06	2.88563e+06	3.05908e+06	2.77374e+06
Q5SGD2	Q5SGD2		PPM1L		2.62074e+06	2.27236e+06	2.95104e+06	2.50769e+06	3.42199e+06	3.64815e+06	2.90217e+06	3.34318e+06
Q5SNT2	Q5SNT2		TMEM201		5.18814e+06	6.55679e+06	5.3181e+06	8.17582e+06	6.39984e+06	1.16882e+07	6.10555e+06	1.01014e+07
Q5SQH8	Q5SQH8		C6orf136		2.65937e+06	2.37387e+06	2.10754e+06	1.28075e+06	3.9864e+06	2.02914e+06	2.75914e+06	3.09413e+06
Q5SQI0	Q5SQI0		ATAT1			515978	645414	323329	877558	506024	729081	471650
Q5SQN1	Q5SQN1		SNAP47		4.67805e+06	4.25302e+06	4.43561e+06	4.15814e+06	5.05287e+06	5.98545e+06	4.51705e+06	5.18237e+06
Q5SR56	Q5SR56		MFSD14B		818448	743010	763279	817852	1.03857e+06	1.85448e+06	655004	1.69932e+06
Q5SRE5	Q5SRE5		NUP188		9.97708e+06	2.03943e+07	1.29654e+07	1.61556e+07	1.94319e+07	1.40047e+07	2.31417e+07	2.02739e+07
Q5SRI9	Q5SRI9		MANEA		8.7469e+06	6.80309e+06	1.0685e+07	1.17416e+07	8.62046e+06	1.37839e+07	8.08903e+06	8.90472e+06
Q5SSJ5	Q5SSJ5		HP1BP3		6.22892e+06	2.26615e+07	1.22966e+07	2.35636e+07	1.38856e+07	8.07101e+06	1.98835e+07	7.98768e+06
Q5ST30	Q5ST30		VARS2		3.67457e+07	1.79965e+07	2.93814e+07	1.36711e+07	4.24327e+07	1.89953e+07	3.3851e+07	2.33164e+07
Q5SVZ6	Q5SVZ6		ZMYM1		1.34903e+06	1.65297e+06	1.50738e+06	2.08562e+06	1.35226e+06	1.72912e+06	1.47437e+06	1.50289e+06
Q5SW79	Q5SW79		CEP170		5.5402e+06	4.92174e+06	7.09161e+06	6.0633e+06	6.51286e+06	3.54662e+06	7.76367e+06	3.72236e+06
Q5SW96	Q5SW96		LDLRAP1		4.61383e+06	2.75491e+06	3.80178e+06	3.30249e+06	3.50167e+06	3.96865e+06	2.82789e+06	3.10655e+06
Q5SWA1	Q5SWA1		PPP1R15B		3.73416e+06		6.38906e+06	6.28517e+06		8.75083e+06	5.60334e+06	9.80131e+06
Q5SWH9	Q5SWH9		TMEM69		5.12269e+06	7.50437e+06	5.47784e+06	6.93671e+06	1.48171e+07	8.91665e+06	9.14477e+06	1.20621e+07
Q5SWX8	Q5SWX8		ODR4		1.53855e+07	1.73756e+07	1.7564e+07	1.80833e+07	1.635e+07	2.66966e+07	1.69712e+07	2.17949e+07
Q5SXM8	Q5SXM8		DNLZ		4.23339e+06	1.34292e+06	2.3408e+06	531707	5.87502e+06	1.59888e+06	4.81943e+06	2.50846e+06
Q5SY16	Q5SY16		NOL9		3.33826e+06	4.54033e+06	3.83198e+06	5.27006e+06	3.24746e+06	3.74677e+06	3.98775e+06	3.60457e+06
Q5SYE7	Q5SYE7		NHSL1		2.9022e+06	1.95808e+06	2.30127e+06	2.21066e+06	2.00405e+06	2.04358e+06	2.48567e+06	1.8833e+06
Q5SZK8	Q5SZK8		FREM2		390644		362148	324804	362929	522144	440730	435148
Q5T011	Q5T011		SZT2		1.28115e+06	736355	1.26258e+06	916604	1.83499e+06	1.05751e+06	1.24608e+06	806542
Q5T0D9	Q5T0D9		TPRG1L		4.87215e+06	4.74485e+06	5.83945e+06	6.29342e+06	4.81657e+06	6.68416e+06	5.74201e+06	6.14911e+06
Q5T0F9	Q5T0F9		CC2D1B		3.35427e+06	3.41705e+06	3.56405e+06	3.41948e+06	2.71691e+06	4.51834e+06	3.41981e+06	3.98443e+06
Q5T0N5	Q5T0N5		FNBP1L		6.739e+06	5.65218e+06	6.64062e+06	6.59885e+06	6.66069e+06	4.81939e+06	7.3034e+06	5.52289e+06
Q5T160	Q5T160		RARS2		1.04042e+07	6.70822e+06	8.85318e+06	4.11788e+06	1.20238e+07	6.14321e+06	1.05015e+07	7.58622e+06
Q5T1C6	Q5T1C6		THEM4		8.24246e+06	4.94456e+06	7.78585e+06	3.54261e+06	7.49058e+06	4.7318e+06	7.62705e+06	4.62586e+06
Q5T1M5	Q5T1M5		FKBP15		2.47161e+06	2.99569e+06	2.36768e+06	2.68667e+06	3.00761e+06	1.94854e+06	2.32872e+06	2.02565e+06
Q5T1Q4	Q5T1Q4		SLC35F1		885098	502098	1.20885e+06	1.47567e+06	488813	1.08542e+06	628401	690639
Q5T1R4	Q5T1R4		HIVEP3				133369					
Q5T1V6	Q5T1V6		DDX59		1.54041e+06	2.07411e+06	2.00681e+06	2.37079e+06	1.20153e+06	1.51374e+06	1.48083e+06	1.06542e+06
Q5T280	Q5T280		SPOUT1		2.46621e+06	3.5e+06	3.51106e+06	4.25169e+06	2.57092e+06	3.08635e+06	3.68679e+06	2.81077e+06
Q5T2E6	Q5T2E6		ARMH3		8.65778e+06	8.99048e+06	8.29018e+06	7.87048e+06	1.1668e+07	8.29769e+06	1.01217e+07	7.97473e+06
Q5T2R2	Q5T2R2		PDSS1		6.00894e+06	3.72507e+06	5.39983e+06	3.8154e+06	8.3727e+06	1.15952e+07	4.84868e+06	1.22836e+07
Q5T2T1	Q5T2T1		MPP7		1.78979e+07	1.36146e+07	2.10684e+07	1.38706e+07	1.3659e+07	1.85556e+07	1.72583e+07	1.38702e+07
Q5T3F8	Q5T3F8		TMEM63B		5.11154e+06	4.27875e+06	4.99376e+06	5.06038e+06	4.45833e+06	5.09788e+06	4.64216e+06	4.16923e+06
Q5T3I0	Q5T3I0		GPATCH4			1.19075e+06	1.63708e+06	1.49333e+06	953213	1.46225e+06	1.25552e+06	1.38149e+06
Q5T3U5	Q5T3U5		ABCC10		1.50465e+06	1.54648e+06	1.53973e+06	1.13155e+06	1.45803e+06	2.69187e+06	1.25592e+06	3.15603e+06
Q5T440	Q5T440		IBA57		1.96953e+07	1.32106e+07	1.43901e+07	8.92602e+06	2.17213e+07	1.77676e+07	1.7387e+07	1.92903e+07
Q5T447	Q5T447		HECTD3		2.01046e+06	2.90026e+06	2.58254e+06	3.49822e+06	2.40931e+06	2.71285e+06	2.69231e+06	2.86939e+06
Q5T4B2	Q5T4B2		CERCAM		1.24075e+06	357072	1.20877e+06	899705	1.29224e+06	1.98873e+06	1.135e+06	1.89443e+06
Q5T4D3	Q5T4D3		TMTC4		2.72376e+06	2.48819e+06	2.30558e+06	2.06276e+06	3.06731e+06	2.39974e+06	2.21178e+06	2.77025e+06
Q5T4F4	Q5T4F4		ZFYVE27		1.98086e+06	1.72891e+06	1.96649e+06	2.33709e+06	1.52771e+06	2.05966e+06	2.05818e+06	1.98931e+06
Q5T4S7	Q5T4S7		UBR4		1.46211e+07	3.54681e+07	2.72045e+07	3.72056e+07	1.43289e+07	1.95725e+07	2.08399e+07	1.6773e+07
Q5T5C0	Q5T5C0		STXBP5		9.17744e+06	1.1739e+07	1.05779e+07	1.22687e+07	5.8912e+06	8.21304e+06	8.54487e+06	7.21386e+06
Q5T5P2	Q5T5P2		KIAA1217		5.01923e+06	2.70647e+06	3.84733e+06	3.22683e+06	4.35393e+06	2.53883e+06	4.02807e+06	3.07776e+06
Q5T5U3	Q5T5U3		ARHGAP21		3.54679e+06	2.40556e+06	3.15956e+06	2.53484e+06	3.58906e+06	1.73831e+06	3.27588e+06	2.21802e+06
Q5T5X7	Q5T5X7		BEND3		629090	1.22249e+06	794703	1.18125e+06	690598	741375	1.03482e+06	1.09008e+06
Q5T5Y3	Q5T5Y3		CAMSAP1		1.40579e+06	1.41756e+06	1.56465e+06	1.41798e+06	1.57148e+06	742641	1.62687e+06	957231
Q5T653	Q5T653		MRPL2		5.21917e+07	3.97185e+07	4.41709e+07	2.67801e+07	6.31258e+07	4.4701e+07	6.05926e+07	5.66924e+07
Q5T6F2	Q5T6F2		UBAP2		5.07853e+06	6.09583e+06	4.45555e+06	4.35377e+06	6.86057e+06	3.86867e+06	6.81002e+06	5.81249e+06
Q5T6V5	Q5T6V5		QNG1		3.18108e+06	3.94586e+06	3.87662e+06	3.3646e+06	3.39468e+06	3.34786e+06	4.8276e+06	3.63498e+06
Q5T749	Q5T749		KPRP			527897						
Q5T751	Q5T751		LCE1C		534443	110109	758391	1.1832e+06	226207	232985	479719	190544
Q5T7B8	Q5T7B8		KIF24		1.67043e+06	1.42113e+06	1.41432e+06	2.89321e+06	2.99807e+06	1.66777e+06	2.25512e+06	2.76115e+06
Q5T7M9	Q5T7M9		DIPK1A		583302	948232	1.05208e+06	1.13575e+06	1.03873e+06	1.37868e+06	972277	850320
Q5T7V8	Q5T7V8		GORAB		4.6477e+06	4.32045e+06	4.63752e+06	4.0965e+06	4.83523e+06	8.12716e+06	5.2058e+06	8.01261e+06
Q5T8D3	Q5T8D3		ACBD5		1.17975e+07	9.63291e+06	1.16617e+07	8.76971e+06	1.27284e+07	1.41489e+07	1.04522e+07	1.1227e+07
Q5T8I9	Q5T8I9		HENMT1		114522	177347	202395	281033	105455	330822	194892	203308
Q5T8P6	Q5T8P6		RBM26		919926	2.6884e+06	2.12486e+06	3.18144e+06	1.1422e+06	1.17134e+06	2.08456e+06	1.27511e+06
Q5T9A4	Q5T9A4		ATAD3B		3.36881e+07	2.00296e+07	2.432e+07	1.96356e+07	3.2814e+07	4.27315e+07	1.82969e+07	3.51257e+07
Q5T9L3	Q5T9L3		WLS		1.97099e+07	1.35654e+07	2.19308e+07	2.63606e+07	1.23358e+07	3.94736e+07	1.74172e+07	2.58065e+07
Q5TA45	Q5TA45		INTS11		3.29503e+06	1.40496e+07	5.80546e+06	1.45596e+07	4.6623e+06	7.17559e+06	8.0548e+06	6.81862e+06
Q5TA50	Q5TA50		CPTP		1.79845e+06	2.59705e+06	2.12195e+06	2.46436e+06	2.12531e+06	2.3921e+06	2.46178e+06	2.24939e+06
Q5TAQ9	Q5TAQ9		DCAF8		1.68738e+06	1.7772e+06	1.80802e+06	1.63181e+06	1.4749e+06	1.50117e+06	2.01798e+06	1.68887e+06
Q5TAT6	Q5TAT6		COL13A1		2.84211e+07	2.93377e+07	2.95831e+07	3.3656e+07	2.60518e+07	3.70632e+07	2.93995e+07	3.00497e+07
Q5TAX3	Q5TAX3		TUT4		828490	1.09583e+06	1.01709e+06	1.25554e+06	869735	735657	1.03839e+06	622888
Q5TB30	Q5TB30		DEPDC1		225998	332928	222863	307195	333034	319740	303573	
Q5TBB1	Q5TBB1		RNASEH2B		1.69549e+06	2.03475e+06	1.67467e+06	1.73705e+06	2.09646e+06	1.3016e+06	2.72343e+06	1.90893e+06
Q5TC12	Q5TC12		ATPAF1		2.81418e+07	1.62782e+07	3.60102e+07	1.58208e+07	3.84797e+07	2.19716e+07	4.4083e+07	2.40426e+07
Q5TCQ9	Q5TCQ9		MAGI3		287718	262107	299488	198907	305745	176571	361337	349674
Q5TCZ1	Q5TCZ1		SH3PXD2A		6.16963e+06	3.06825e+06	4.88395e+06	3.21974e+06	4.85673e+06	2.76139e+06	4.14338e+06	1.96291e+06
Q5TDH0	Q5TDH0		DDI2		6.28708e+06	1.24508e+07	9.85542e+06	1.54148e+07	6.12688e+06	8.33134e+06	8.19384e+06	7.89348e+06
Q5TEC6	Q5TEC6		H3-7		3.05424e+08	1.2995e+09	6.14596e+08	1.81618e+09	7.29604e+08	5.46668e+08	1.06318e+09	3.88099e+08
Q5TEU4	Q5TEU4		NDUFAF5		6.82704e+06	5.41616e+06	5.09814e+06	2.98789e+06	8.29081e+06	3.83546e+06	8.15928e+06	5.592e+06
Q5TFE4	Q5TFE4		NT5DC1		2.92319e+06	5.68693e+06	4.73215e+06	6.51268e+06	2.686e+06	5.83054e+06	4.68961e+06	4.90618e+06
Q5TGY1	Q5TGY1		TMCO4			2.5981e+06		2.79573e+06	1.34209e+06	2.06313e+06	2.31673e+06	2.3485e+06
Q5TGZ0	Q5TGZ0		MICOS10		2.9696e+07	4.10356e+07	3.52249e+07	4.4974e+07	3.35165e+07	4.36513e+07	4.19476e+07	5.40343e+07
Q5TH69	Q5TH69		ARFGEF3		1.37545e+06	1.62082e+06	1.85274e+06	2.23164e+06	808830	1.3969e+06	1.33165e+06	1.03228e+06
Q5THJ4	Q5THJ4		VPS13D		3.17754e+07	2.0723e+07	2.39976e+07	2.04086e+07	2.03873e+07	1.77667e+07	2.17604e+07	1.71414e+07
Q5TIE3	Q5TIE3		VWA5B1				2.79135e+07					
Q5TZA2	Q5TZA2		CROCC		5.47771e+06	4.35882e+06	4.76079e+06	3.52588e+06	5.39395e+06	2.83759e+06	4.90146e+06	2.58153e+06
Q5U3C3	Q5U3C3		TMEM164		6.21016e+06	1.00126e+07	7.03356e+06	8.73901e+06	9.59802e+06	1.28249e+07	8.52611e+06	1.41558e+07
Q5U4P2	Q5U4P2		ASPHD1		3.61144e+06	2.68858e+06	4.3664e+06	4.61548e+06	4.20361e+06	8.98873e+06	3.5257e+06	4.99556e+06
Q5U5X0	Q5U5X0		LYRM7		3.1211e+07	2.4425e+07	2.45027e+07	8.62699e+06	6.37674e+07	1.66424e+07	5.66829e+07	2.85061e+07
Q5U651	Q5U651		RASIP1		1.39789e+07	7.63284e+06	1.54088e+07	1.28023e+07	7.39724e+06	9.12111e+06	8.04954e+06	7.06203e+06
Q5UCC4	Q5UCC4		EMC10		1.2681e+07	2.72851e+06	1.29229e+07	1.37444e+07	4.11515e+06	1.55028e+07	3.03852e+06	5.78496e+06
Q5UIP0	Q5UIP0		RIF1		920422	3.11055e+06	2.02968e+06	4.86229e+06	1.48838e+06	2.5463e+06	2.13494e+06	1.57535e+06
Q5VIR6	Q5VIR6		VPS53		4.7459e+06	8.13046e+06	6.19651e+06	7.8931e+06	5.47732e+06	5.28143e+06	5.81757e+06	5.36344e+06
Q5VSG8	Q5VSG8		MANEAL		1.37309e+06	1.52612e+06	1.1762e+06	1.05334e+06	2.24702e+06	3.1535e+06	1.4752e+06	2.62658e+06
Q5VSL9	Q5VSL9		STRIP1		7.64863e+06	7.93772e+06	8.13875e+06	9.11951e+06	8.0147e+06	8.02087e+06	8.32421e+06	7.24611e+06
Q5VST6	Q5VST6		ABHD17B		1.75771e+07	1.6496e+07	1.40828e+07	1.35647e+07	1.66527e+07	2.20434e+07	1.91022e+07	2.10215e+07
Q5VST9	Q5VST9		OBSCN		1.72291e+06	1.09974e+06	1.55854e+06	1.21495e+06	1.36964e+06	1.25202e+06	1.28991e+06	1.43798e+06
Q5VT06	Q5VT06		CEP350		2.52826e+06	1.50779e+06	3.06523e+06	1.54071e+06	3.95467e+06	1.80195e+06	2.99105e+06	2.2153e+06
Q5VT25	Q5VT25		CDC42BPA		4.34857e+06	4.5144e+06	4.5796e+06	4.22272e+06	3.89981e+06	3.88794e+06	4.28769e+06	4.26752e+06
Q5VT52	Q5VT52		RPRD2		1.01072e+07	2.25788e+07	1.58625e+07	2.35211e+07	1.26397e+07	1.77723e+07	1.59302e+07	2.07838e+07
Q5VTE6	Q5VTE6		ANGEL2		491120	466896			689627			
Q5VTL8	Q5VTL8		PRPF38B		2.46331e+06	3.18176e+06	3.33854e+06	3.80329e+06	3.32103e+06	2.70463e+06	3.13617e+06	1.76746e+06
Q5VTR2	Q5VTR2		RNF20		2.26834e+06	1.14235e+07	4.99682e+06	1.14385e+07	4.38834e+06	5.59928e+06	5.75003e+06	5.89335e+06
Q5VU97	Q5VU97		CACHD1		4.09702e+06	2.20038e+06	3.58655e+06	2.65428e+06	3.46425e+06	4.20155e+06	3.25963e+06	2.64541e+06
Q5VUB5	Q5VUB5		FAM171A1		4.08069e+06	2.5201e+06	3.223e+06	2.44784e+06	3.40084e+06	3.04549e+06	3.18594e+06	3.12202e+06
Q5VUJ6	Q5VUJ6		LRCH2		1.5123e+06	1.69006e+06	2.31843e+06	2.08865e+06	1.00982e+06	1.50201e+06	1.72482e+06	1.40657e+06
Q5VUM1	Q5VUM1		SDHAF4		1.61421e+06	682506	1.40398e+06	534826	2.02709e+06	392818	1.78977e+06	424029
Q5VV41	Q5VV41		ARHGEF16		6.82688e+06	4.21351e+06	8.49269e+06	6.88172e+06	5.39758e+06	4.87054e+06	5.98222e+06	3.09566e+06
Q5VV42	Q5VV42		CDKAL1		1.92619e+07	1.59551e+07	2.04399e+07	2.01053e+07	1.99929e+07	3.22279e+07	1.92921e+07	2.81394e+07
Q5VVQ6	Q5VVQ6		YOD1		1.2521e+06	3.34761e+06	2.16219e+06	3.55207e+06	969572	2.42159e+06	1.88817e+06	1.61948e+06
Q5VW32	Q5VW32		BROX		4.99485e+06	9.17461e+06	7.54948e+06	9.94013e+06	4.14848e+06	8.76911e+06	5.90567e+06	8.38249e+06
Q5VW36	Q5VW36		FOCAD		5.50698e+06	8.60768e+06	8.68837e+06	1.20253e+07	6.50102e+06	6.94676e+06	7.61595e+06	6.68167e+06
Q5VW38	Q5VW38		GPR107		3.66849e+06	3.31437e+06	4.17658e+06	3.87944e+06	3.17355e+06	5.61536e+06	3.47056e+06	5.36008e+06
Q5VWJ9	Q5VWJ9		SNX30		3.74846e+06	3.83669e+06	4.08676e+06	3.86344e+06	2.91787e+06	3.33579e+06	4.08848e+06	3.26463e+06
Q5VWQ0	Q5VWQ0		RSBN1			744813	730951	1.0238e+06	638620	789720	783680	550113
Q5VWQ8	Q5VWQ8		DAB2IP		671462	711953	707364	807241	809056	818225	623347	740800
Q5VWZ2	Q5VWZ2		LYPLAL1		1.82009e+07	1.59451e+07	1.69213e+07	1.28401e+07	2.86838e+07	9.93508e+06	2.13327e+07	1.2416e+07
Q5VXT5	Q5VXT5		SYPL2		1.01292e+06	537129	1.40691e+06	1.20344e+06	729136	1.41483e+06	1.02759e+06	1.22374e+06
Q5VYK3	Q5VYK3		ECPAS		1.04697e+07	1.63297e+07	1.34987e+07	1.59492e+07	1.10543e+07	1.07342e+07	1.36963e+07	1.16546e+07
Q5VYS8	Q5VYS8		TUT7		1.16779e+07	1.16114e+07	1.19504e+07	1.5445e+07	1.10894e+07	7.36518e+06	9.12833e+06	6.22751e+06
Q5VYY1	Q5VYY1		ANKRD22		4.19842e+06	5.60857e+06	1.06092e+06	481307	4.73882e+06	2.44036e+06	1.11469e+06	2.42359e+06
Q5VZ89	Q5VZ89		DENND4C		5.10025e+06	7.87306e+06	6.78554e+06	7.3889e+06	6.11183e+06	4.16723e+06	7.03275e+06	5.89808e+06
Q5VZE5	Q5VZE5		NAA35		3.51225e+06	5.52645e+06	5.48372e+06	8.1501e+06	3.35562e+06	4.62813e+06	4.87787e+06	4.07519e+06
Q5VZF2	Q5VZF2		MBNL2		710017	536434	686958	452757	669118	454490	850618	884049
Q5VZI3	Q5VZI3		TMEM268		938294	1.20593e+06	1.04435e+06	980906	1.12028e+06	1.35957e+06	1.07313e+06	1.31776e+06
Q5VZK9	Q5VZK9		CARMIL1		4.95268e+06	5.04666e+06	4.71596e+06	6.32634e+06	4.31256e+06	4.82119e+06	4.5339e+06	4.74508e+06
Q5VZL5	Q5VZL5		ZMYM4		1.42117e+06	1.68522e+06	1.18576e+06	2.56433e+06	1.30232e+06	1.12725e+06	1.83308e+06	1.45188e+06
Q5VZM2	Q5VZM2		RRAGB		4.17314e+06	5.29478e+06	4.45185e+06	3.95573e+06	2.84024e+06	4.09321e+06	5.02656e+06	3.49302e+06
Q5W0V3	Q5W0V3		FHIP2A		1.92272e+06	3.17524e+06	3.56697e+06	4.63714e+06	1.65634e+06	2.43944e+06	2.50319e+06	1.51621e+06
Q5W0Z9	Q5W0Z9		ZDHHC20		3.28009e+07	2.25336e+07	3.17828e+07	2.63151e+07	3.25517e+07	4.6437e+07	2.90666e+07	4.1703e+07
Q5W111	Q5W111		SPRYD7		1.06042e+07	9.36399e+06	1.489e+07	1.53511e+07	8.05131e+06	1.70459e+07	1.08591e+07	1.52978e+07
Q5XKK7	Q5XKK7		FAM219B		232836	236273	229982	323018	133493	313315	190517	381930
Q5XKP0	Q5XKP0		MICOS13		6.66337e+07	7.57918e+07	6.92041e+07	5.79309e+07	7.6773e+07	9.62295e+07	7.23814e+07	9.41192e+07
Q5XPI4	Q5XPI4		RNF123		1.47373e+06	2.42703e+06	1.88334e+06	2.87506e+06	1.29386e+06	1.43728e+06	1.84004e+06	1.49785e+06
Q5XXA6	Q5XXA6		ANO1		2.36624e+06	2.47897e+06	2.31793e+06	1.30452e+06	1.4443e+06	2.11229e+06	1.78318e+06	2.16619e+06
Q5ZPR3	Q5ZPR3		CD276		3.71709e+07	2.15865e+07	3.02755e+07	2.74276e+07	3.30879e+07	3.35021e+07	2.3986e+07	2.37441e+07
Q63HK5	Q63HK5		TSHZ3		31433.6	167041	47554.2	151599	59414.9	81643.6	65504.6	61698
Q63HN8	Q63HN8		RNF213		2.75338e+06	3.71702e+06	2.71679e+06	3.32766e+06	2.57271e+06	2.52603e+06	2.43776e+06	2.43039e+06
Q63HQ0	Q63HQ0		AP1AR			3.34153e+06	3.22748e+06	2.97852e+06	3.1248e+06	4.35663e+06	3.37184e+06	5.05968e+06
Q63ZY3	Q63ZY3		KANK2		2.71e+06	3.83835e+06	2.28186e+06	1.76086e+06	3.20663e+06	2.5123e+06	3.5153e+06	3.27751e+06
Q641Q2	Q641Q2		WASHC2A		439415	456765	385442	350867	440488	338791	421909	416219
Q643R3	Q643R3		LPCAT4		3.33329e+07	2.08608e+07	4.14939e+07	4.29262e+07	2.59572e+07	5.17856e+07	3.00021e+07	3.04142e+07
Q658P3	Q658P3		STEAP3		8.19607e+07	4.59782e+07	6.32578e+07	8.16217e+07	5.35247e+07	7.75949e+07	5.55062e+07	6.53922e+07
Q658Y4	Q658Y4		FAM91A1		7.72761e+06	9.76207e+06	9.34774e+06	1.03226e+07	8.69428e+06	9.813e+06	1.01881e+07	9.91443e+06
Q66GS9	Q66GS9		CEP135		4.42346e+06	3.92291e+06	5.10364e+06	4.47812e+06	5.59964e+06	4.84793e+06	4.46575e+06	4.1467e+06
Q66K14	Q66K14		TBC1D9B		5.45571e+06	9.87641e+06	7.53408e+06	9.7171e+06	6.96334e+06	5.22191e+06	7.72823e+06	5.76019e+06
Q66K74	Q66K74		MAP1S		1.01426e+07	1.09243e+07	1.23415e+07	1.30514e+07	1.33289e+07	5.92011e+06	1.2989e+07	5.8868e+06
Q66LE6	Q66LE6		PPP2R2D		932206	1.99189e+06	1.48491e+06	1.84109e+06	856416	1.5937e+06	1.52826e+06	1.83056e+06
Q66PJ3	Q66PJ3		ARL6IP4		1.63869e+06	2.12798e+06	2.12698e+06	1.66163e+06	2.24703e+06	2.2228e+06	2.14635e+06	3.09665e+06
Q674X7	Q674X7		KAZN		706182	559315	762526	729399	890959	584695	643428	463713
Q676U5	Q676U5		ATG16L1		1.23463e+07	1.80357e+07	1.88695e+07	1.99344e+07	1.1556e+07	1.40673e+07	1.49851e+07	1.34037e+07
Q68CP4	Q68CP4		HGSNAT		2.84439e+06	2.17771e+06	1.95593e+06	1.62242e+06	4.6846e+06	2.47301e+06	2.73421e+06	4.0009e+06
Q68CP9	Q68CP9		ARID2		2.07593e+06	3.11322e+06	2.54384e+06	3.92527e+06	3.05806e+06	2.41851e+06	3.25e+06	2.85034e+06
Q68CQ7	Q68CQ7		GLT8D1		1.11772e+07	1.48127e+07	1.51547e+07	1.76025e+07	1.70126e+07	1.92632e+07	1.7365e+07	1.69562e+07
Q68CR1	Q68CR1		SEL1L3		5.55392e+06	4.48308e+06	5.37521e+06	4.42203e+06	4.7458e+06	6.55377e+06	4.58891e+06	5.35525e+06
Q68CZ1	Q68CZ1		RPGRIP1L		2.39802e+06	3.11231e+06	3.03004e+06	3.39023e+06	3.67533e+06	4.51073e+06	3.1332e+06	4.71292e+06
Q68CZ2	Q68CZ2		TNS3		2.67518e+07	2.59533e+07	2.03756e+07	1.7192e+07	2.68846e+07	1.85331e+07	1.91611e+07	2.27168e+07
Q68CZ6	Q68CZ6		HAUS3		2.11451e+06	3.01652e+06	2.3634e+06	2.68118e+06	2.63375e+06	1.94197e+06	2.42295e+06	2.0384e+06
Q68D85	Q68D85		NCR3LG1		2.14158e+06	1.61758e+06	2.49848e+06	2.13694e+06	1.91758e+06	4.08141e+06	2.2264e+06	3.32555e+06
Q68D91	Q68D91		MBLAC2		2.06734e+07	2.09181e+07	1.88588e+07	1.96665e+07	2.26587e+07	2.73126e+07	2.36572e+07	3.13487e+07
Q68DH5	Q68DH5		LMBRD2		3.19887e+06	4.10559e+06	3.51537e+06	3.93279e+06	3.25172e+06	4.21781e+06	4.41934e+06	4.8115e+06
Q68DK2	Q68DK2		ZFYVE26		2.2807e+06	2.02738e+06	1.951e+06	1.7504e+06	2.69985e+06	2.33363e+06	2.13796e+06	2.12131e+06
Q68DQ2	Q68DQ2		CRYBG3		5.01012e+06	4.43368e+06	5.47998e+06	4.55414e+06	5.58473e+06	5.57306e+06	4.78997e+06	4.85323e+06
Q68E01	Q68E01		INTS3		2.54765e+06	9.34049e+06	4.9234e+06	1.09458e+07	3.45269e+06	5.94143e+06	5.5177e+06	5.42339e+06
Q68EM7	Q68EM7		ARHGAP17		7.49209e+06	9.72294e+06	8.7656e+06	1.01559e+07	8.83576e+06	7.67244e+06	9.45562e+06	7.89653e+06
Q69YH5	Q69YH5		CDCA2		346620	417027	394993	460744	584177	276938	539612	573854
Q69YL0	Q69YL0		NCBP2AS2		1.60694e+07	1.43987e+07	9.94588e+06	9.06495e+06	3.4884e+07	1.867e+07	1.6847e+07	1.78344e+07
Q69YN2	Q69YN2		CWF19L1		1.61227e+06	4.4497e+06	3.19426e+06	5.58997e+06	1.91715e+06	3.05072e+06	3.04e+06	2.7712e+06
Q69YN4	Q69YN4		VIRMA		2.9399e+06	4.89959e+06	4.53919e+06	7.05531e+06	3.77601e+06	4.32214e+06	4.76992e+06	4.20285e+06
Q69YQ0	Q69YQ0		SPECC1L		4.53804e+06	4.76487e+06	5.32177e+06	2.99742e+06	5.05225e+06	3.71679e+06	4.65891e+06	4.41702e+06
Q69YU5	Q69YU5		UQCC6		1.85436e+06	3.13842e+06	1.62838e+06	2.09233e+06	3.6833e+06	2.98581e+06	2.77582e+06	2.93203e+06
Q6AI08	Q6AI08		HEATR6		1.6065e+06	2.04307e+06	2.23131e+06	2.70054e+06	1.69684e+06	1.62132e+06	2.05028e+06	1.49076e+06
Q6AZY7	Q6AZY7		SCARA3		3.21965e+06	3.06241e+06	2.84369e+06	4.10815e+06	3.24522e+06	8.38222e+06	3.95672e+06	1.11446e+07
Q6BCY4	Q6BCY4		CYB5R2		807613	1.7881e+06	816478	1.02143e+06	732135	724254	903122	889493
Q6BDS2	Q6BDS2		BLTP3A		970231	1.59284e+06	1.18831e+06	1.57002e+06	987863	904182	1.17003e+06	1.02216e+06
Q6DD87	Q6DD87		ZNF787		592435	1.74014e+06	1.53112e+06	2.27058e+06	1.23892e+06	1.23803e+06	2.12542e+06	1.19553e+06
Q6DD88	Q6DD88		ATL3		3.13453e+07	3.82286e+07	3.91621e+07	4.64928e+07	3.94691e+07	6.46638e+07	4.61087e+07	6.39125e+07
Q6DKI1	Q6DKI1		RPL7L1		908374	2.2185e+06	1.38397e+06	2.03441e+06	1.32947e+06	1.5121e+06	1.80341e+06	1.2554e+06
Q6DKJ4	Q6DKJ4		NXN		1.45353e+06	2.61022e+06	2.19852e+06	2.26438e+06	1.95347e+06	1.81394e+06	2.86166e+06	2.29081e+06
Q6DKK2	Q6DKK2		TTC19		1.16693e+07	8.36004e+06	9.5743e+06	5.33944e+06	1.33842e+07	5.79406e+06	1.28322e+07	6.05246e+06
Q6DN12	Q6DN12		MCTP2		2.32781e+06	2.10611e+06	1.93049e+06	1.79808e+06	2.15553e+06	2.2144e+06	1.6387e+06	1.82881e+06
Q6DN90	Q6DN90		IQSEC1		1.34359e+06	1.1409e+06	1.09248e+06	919704	1.39951e+06	1.32048e+06	1.36996e+06	1.533e+06
Q6E0U4	Q6E0U4		DMKN			2.97555e+06						
Q6EMB2	Q6EMB2		TTLL5		129517	80684	98766.3	112415	154337	173519	130500	158689
Q6EMK4	Q6EMK4		VASN		280573	214649	244215	137041	129296	275000		183348
Q6F5E8	Q6F5E8		CARMIL2		1.71251e+06	2.05967e+06	2.13109e+06	1.67353e+06	2.40866e+06	1.37731e+06	2.8444e+06	1.47027e+06
Q6FI81	Q6FI81		CIAPIN1		1.4026e+07	2.20893e+07	2.42899e+07	3.521e+07	1.53043e+07	2.67441e+07	2.08409e+07	1.97198e+07
Q6FIF0	Q6FIF0		ZFAND6		213385	142008	161754	167835	210588	124879	155526	98572.9
Q6GMV2	Q6GMV2		SMYD5		1.87117e+06	1.42625e+06	2.18622e+06	1.4388e+06	1.02921e+06	1.86136e+06	2.41408e+06	1.7613e+06
Q6GMV3	Q6GMV3		PTRHD1		3.46118e+06	2.57688e+06	2.56953e+06	1.90048e+06	3.39267e+06	2.52975e+06	3.20766e+06	2.86126e+06
Q6GPH6	Q6GPH6		ITPRIPL1		613892	476816	685799	542066	563733	1.00058e+06	429902	674184
Q6GQQ9	Q6GQQ9		OTUD7B		2.8083e+07	3.19106e+07	3.67936e+07	3.88198e+07	3.29881e+07	3.10116e+07	3.81369e+07	2.75761e+07
Q6GYQ0	Q6GYQ0		RALGAPA1		2.02741e+06	2.6717e+06	2.88628e+06	3.20612e+06	1.95371e+06	1.82212e+06	2.22915e+06	1.63984e+06
Q6I9Y2	Q6I9Y2		THOC7		296874	510688	454667	476422	644136	244359	1.09813e+06	244440
Q6IA69	Q6IA69		NADSYN1		721953	593874	544643	385424	504617	551467	512924	528183
Q6IA86	Q6IA86		ELP2		4.76426e+06	8.01563e+06	6.23632e+06	6.74132e+06	5.53068e+06	5.50835e+06	7.88118e+06	6.98657e+06
Q6IAA8	Q6IAA8		LAMTOR1		3.01305e+07	1.97522e+07	2.6658e+07	1.99098e+07	2.9153e+07	3.53195e+07	2.73894e+07	3.65854e+07
Q6IAN0	Q6IAN0		DHRS7B		1.20345e+07	1.54468e+07	1.26022e+07	1.36153e+07	1.64406e+07	1.90621e+07	1.49355e+07	2.13834e+07
Q6IBS0	Q6IBS0		TWF2		2.60546e+07	2.77964e+07	3.00319e+07	3.39604e+07	2.09612e+07	2.76749e+07	2.81005e+07	2.73182e+07
Q6IC98	Q6IC98		GRAMD4		608317	669621	480407	495058	734867	681376	601101	868872
Q6ICB4	Q6ICB4		PHETA2		1.00801e+06	1.1818e+06	1.02377e+06	1.38675e+06	1.19785e+06	1.35512e+06	1.35794e+06	1.66615e+06
Q6ICL7	Q6ICL7		SLC35E4		463614	293549	404721	424957	416570	549383	266948	350109
Q6IN84	Q6IN84		MRM1		8.82355e+06	6.99616e+06	7.51042e+06	3.71719e+06	1.4326e+07	6.92806e+06	1.02768e+07	8.82084e+06
Q6IN85	Q6IN85		PPP4R3A		2.46457e+06	3.60045e+06	2.48541e+06	3.2829e+06	1.69664e+06	2.30328e+06	2.40072e+06	2.40237e+06
Q6IPR3	Q6IPR3		TYW3		2.85422e+06		3.08736e+06	3.24173e+06	2.04195e+06	2.82607e+06	3.885e+06	2.69366e+06
Q6IQ22	Q6IQ22		RAB12		1.43198e+07	1.46351e+07	1.68799e+07	1.65775e+07	1.86931e+07	2.55436e+07	1.70706e+07	2.591e+07
Q6IQ23	Q6IQ23		PLEKHA7		456224	205891	435257	186051	258509	276860	161525	178614
Q6IQ49	Q6IQ49		SDE2		3.70044e+06	2.16036e+06	2.59986e+06	1.61325e+06	3.66675e+06	1.88627e+06	2.84361e+06	2.61013e+06
Q6IS24	Q6IS24		GALNT17		731787	857592	653210	614739	769434	743848	1.01333e+06	947625
Q6JQN1	Q6JQN1		ACAD10		2.38603e+07	2.43424e+07	1.61706e+07	9.55804e+06	4.64411e+07	7.88627e+06	3.27185e+07	1.87802e+07
Q6KB66	Q6KB66		KRT80		7.50784e+06	4.67365e+07	1.26921e+07	1.47752e+07	3.80455e+06	8.84507e+06	8.77876e+06	7.09197e+06
Q6KC79	Q6KC79		NIPBL		1.89915e+07	5.17154e+07	2.90653e+07	5.30351e+07	2.67204e+07	2.50671e+07	3.97319e+07	2.46858e+07
Q6KCM7	Q6KCM7		SLC25A25		1.72509e+07	1.46179e+07	1.47921e+07	1.4965e+07	2.14093e+07	2.07811e+07	1.54415e+07	2.07733e+07
Q6L8Q7	Q6L8Q7		PDE12		2.1415e+07	1.06997e+07	1.72706e+07	7.0487e+06	2.5635e+07	1.26532e+07	1.85495e+07	1.40258e+07
Q6MZM0	Q6MZM0		HEPHL1			2.38069e+06						
Q6N022	Q6N022		TENM4		3.35577e+06	3.70135e+06	3.17952e+06	2.83326e+06	3.08538e+06	2.62594e+06	4.39188e+06	3.61014e+06
Q6N075	Q6N075		MFSD5		4.037e+06	4.67405e+06	5.31456e+06	5.95841e+06	5.73918e+06	1.04301e+07	5.05188e+06	9.24154e+06
Q6NS38	Q6NS38		ALKBH2		1.93738e+06	2.23494e+06	2.4919e+06	2.54432e+06	1.6274e+06	3.01955e+06	2.1489e+06	1.79263e+06
Q6NSJ5	Q6NSJ5		LRRC8E		2.35692e+07	2.00609e+07	2.40368e+07	2.31584e+07	2.33948e+07	3.61313e+07	2.10976e+07	2.60964e+07
Q6NT55	Q6NT55		CYP4F22			1.76096e+06						
Q6NT76	Q6NT76		HMBOX1		1.65222e+06	4.84902e+06	1.20877e+06	4.50185e+06	1.49831e+06	1.33628e+06	1.96346e+06	1.03809e+06
Q6NTE8	Q6NTE8		MRNIP		353427	455173	493295	532988	539267	279948	590210	327543
Q6NTF9	Q6NTF9		RHBDD2		1.55145e+06	1.37553e+06	942845	827398	1.44626e+06	1.50353e+06	801885	1.15334e+06
Q6NUK1	Q6NUK1		SLC25A24		2.57304e+08	2.02023e+08	2.056e+08	2.11358e+08	2.66969e+08	2.98911e+08	1.99317e+08	2.7285e+08
Q6NUK4	Q6NUK4		REEP3		3.46007e+06	2.76132e+06	3.63315e+06	4.02862e+06	3.01908e+06	5.21073e+06	3.3469e+06	4.56805e+06
Q6NUM9	Q6NUM9		RETSAT		1.90909e+07	1.8684e+07	1.73331e+07	1.67101e+07	1.85386e+07	3.58128e+07	1.75802e+07	3.63768e+07
Q6NUQ1	Q6NUQ1		RINT1		1.11175e+07	1.05636e+07	1.3107e+07	1.33796e+07	1.11591e+07	1.53148e+07	1.40526e+07	1.43455e+07
Q6NUQ4	Q6NUQ4		TMEM214		4.88279e+07	3.84603e+07	5.54435e+07	5.83557e+07	4.08756e+07	7.40898e+07	4.59361e+07	4.94564e+07
Q6NUS6	Q6NUS6		TCTN3		2.93034e+06	3.64219e+06	3.05784e+06	3.16303e+06	4.28793e+06	7.44548e+06	4.12579e+06	9.70498e+06
Q6NVY1	Q6NVY1		HIBCH		2.5064e+07	2.12579e+07	2.01988e+07	1.00962e+07	3.4552e+07	1.52526e+07	3.09841e+07	2.3365e+07
Q6NW29	Q6NW29		RWDD4		2.69527e+06	3.30562e+06	3.2293e+06	3.49514e+06	3.77307e+06	2.67835e+06	3.63661e+06	3.06197e+06
Q6NW34	Q6NW34		NEPRO		2.63486e+06	3.3805e+06	2.8167e+06	3.9783e+06	3.39634e+06	2.09456e+06	3.38716e+06	2.26663e+06
Q6NXE6	Q6NXE6		ARMC6		3.45342e+06	5.74359e+06	5.33837e+06	6.85402e+06	3.64411e+06	5.78422e+06	4.91132e+06	5.55713e+06
Q6NXR4	Q6NXR4		TTI2		2.05131e+06	4.2129e+06	3.22177e+06	4.63136e+06	2.66545e+06	2.63454e+06	3.43398e+06	3.07044e+06
Q6NXT4	Q6NXT4		SLC30A6		7.73048e+06	8.21181e+06	7.30225e+06	6.84754e+06	1.11157e+07	8.22097e+06	7.10667e+06	7.55965e+06
Q6NXT6	Q6NXT6		TAPT1		9.26054e+06	9.59538e+06	1.03484e+07	9.73075e+06	1.05443e+07	1.06777e+07	1.0632e+07	1.01298e+07
Q6NYC1	Q6NYC1		JMJD6		2.12842e+06	4.49067e+06	3.09628e+06	3.06797e+06	3.12141e+06	3.56022e+06	3.7612e+06	4.10986e+06
Q6NYC8	Q6NYC8		PPP1R18		2.86215e+07	1.19124e+07	2.21407e+07	1.53442e+07	2.03092e+07	2.25272e+07	1.99432e+07	1.84657e+07
Q6NZ67	Q6NZ67		MZT2B		1.1172e+06	1.22818e+06	995270	1.21006e+06	2.09069e+06	637433	1.48683e+06	892218
Q6NZI2	Q6NZI2		CAVIN1		8.94685e+07	6.8442e+07	8.35501e+07	3.7925e+07	7.88837e+07	2.92636e+07	9.6527e+07	3.4456e+07
Q6NZY4	Q6NZY4		ZCCHC8		355360	1.31587e+06	820860	1.47141e+06	521042	683775	732534	482927
Q6P087	Q6P087		RPUSD3		1.7981e+07	1.4374e+07	1.64059e+07	7.99377e+06	2.67354e+07	1.63336e+07	2.28931e+07	2.11594e+07
Q6P158	Q6P158		DHX57		4.08295e+06	4.86255e+06	4.79302e+06	5.08592e+06	3.68435e+06	3.82279e+06	4.22233e+06	3.7027e+06
Q6P161	Q6P161		MRPL54		3.17526e+07	2.64638e+07	3.07901e+07	1.85717e+07	4.97937e+07	3.00497e+07	4.28925e+07	4.04899e+07
Q6P1A2	Q6P1A2		LPCAT3		3.35154e+07	3.71145e+07	3.47943e+07	3.31936e+07	3.73892e+07	3.74831e+07	3.63208e+07	4.24182e+07
Q6P1J9	Q6P1J9		CDC73		2.75023e+06	5.49419e+06	4.45276e+06	7.67797e+06	3.04573e+06	4.06036e+06	3.73529e+06	3.83148e+06
Q6P1L8	Q6P1L8		MRPL14		4.15617e+07	3.33604e+07	3.10761e+07	1.89268e+07	4.43668e+07	3.23277e+07	5.06758e+07	4.68341e+07
Q6P1M0	Q6P1M0		SLC27A4		2.94077e+08	2.94392e+08	3.21968e+08	3.14364e+08	3.46048e+08	4.39349e+08	2.9245e+08	4.0236e+08
Q6P1M3	Q6P1M3		LLGL2		1.38771e+06	378356	873925	402755	784745	523683	450314	390738
Q6P1N0	Q6P1N0		CC2D1A		6.76927e+06	7.6476e+06	6.86984e+06	5.6212e+06	6.05341e+06	4.26174e+06	6.15141e+06	5.19959e+06
Q6P1N9	Q6P1N9		TATDN1		2.44254e+07	1.95038e+07	2.43059e+07	1.23982e+07	3.75177e+07	1.66339e+07	3.68688e+07	2.10516e+07
Q6P1Q0	Q6P1Q0		LETMD1		2.20016e+07	3.78244e+07	2.1156e+07	1.98986e+07	3.75726e+07	2.85856e+07	3.3867e+07	4.70004e+07
Q6P1Q9	Q6P1Q9		METTL2B		910568	1.08087e+06	1.06729e+06	1.08843e+06	1.12512e+06	1.22648e+06	1.09518e+06	1.35843e+06
Q6P1R3	Q6P1R3		MSANTD2		682401	1.0003e+06	588036	798784	809313	620324	732750	665291
Q6P1S2	Q6P1S2		C3orf33		2.61769e+06	3.14838e+06	3.29938e+06	3.09652e+06	3.14934e+06	3.94449e+06	3.30849e+06	4.15468e+06
Q6P1X5	Q6P1X5		TAF2		2.73909e+06	4.80885e+06	3.44988e+06	4.49119e+06	2.80813e+06	4.28252e+06	4.20376e+06	4.35575e+06
Q6P1X6	Q6P1X6		C8orf82		2.19544e+07	1.83338e+07	1.68346e+07	1.29184e+07	2.79513e+07	1.96556e+07	2.35105e+07	2.63835e+07
Q6P2C8	Q6P2C8		MED27		5.78929e+06	8.28328e+06	6.13904e+06	8.09865e+06	5.91276e+06	7.15537e+06	6.14048e+06	6.77005e+06
Q6P2E9	Q6P2E9		EDC4		1.13811e+07	1.70997e+07	2.08905e+07	2.3013e+07	1.03919e+07	1.00704e+07	1.63612e+07	8.14043e+06
Q6P2H3	Q6P2H3		CEP85		642009	621964	666007	711534	691802	728774	555983	771564
Q6P2H8	Q6P2H8		TMEM53		2.5627e+06	2.52504e+06	2.45614e+06	2.52656e+06	2.48893e+06	3.01915e+06	2.4038e+06	3.18343e+06
Q6P2I3	Q6P2I3		FAHD2B		2.44435e+06	1.0489e+06	2.04301e+06	650732	1.90541e+06	843893	1.91387e+06	951717
Q6P2P2	Q6P2P2		PRMT9		324223	910761	520131	853911	365538	521579	591739	469965
Q6P2Q9	Q6P2Q9		PRPF8		8.47121e+06	2.42127e+07	1.49449e+07	2.3788e+07	1.25151e+07	1.40094e+07	1.63773e+07	1.41703e+07
Q6P3W7	Q6P3W7		SCYL2		1.37478e+07	2.11601e+07	2.15332e+07	2.34488e+07	1.49849e+07	1.71245e+07	1.87801e+07	1.92388e+07
Q6P3X3	Q6P3X3		TTC27		2.86863e+06	4.84773e+06	5.04996e+06	6.79525e+06	2.62939e+06	4.46873e+06	4.20657e+06	3.27828e+06
Q6P444	Q6P444		MTFR2		2.28056e+06	2.86638e+06	2.45988e+06	2.73107e+06	4.08177e+06	4.39621e+06	2.90243e+06	3.92236e+06
Q6P4A7	Q6P4A7		SFXN4		6.28178e+07	6.92197e+07	7.25372e+07	6.93016e+07	6.67929e+07	1.10802e+08	7.7877e+07	1.08655e+08
Q6P4A8	Q6P4A8		PLBD1		1.26143e+07	1.01079e+07	1.34877e+07	1.08437e+07	1.51395e+07	1.68778e+07	1.7417e+07	1.7179e+07
Q6P4E1	Q6P4E1		GOLM2		1.4573e+07	1.51928e+07	1.75078e+07	2.06885e+07	1.49563e+07	3.30824e+07	1.64585e+07	2.17816e+07
Q6P4F1	Q6P4F1		FUT10		201780	428368	388276	286441	391427	565160	347208	615783
Q6P4F2	Q6P4F2		FDX2		8.53758e+06	3.61527e+06	6.34603e+06	1.86906e+06	1.05568e+07	2.90832e+06	8.10188e+06	3.61591e+06
Q6P4H8	Q6P4H8		ATPSCKMT		1.48123e+06	2.30943e+06	1.2845e+06	1.26069e+06	2.16967e+06	2.81988e+06	2.14132e+06	5.71344e+06
Q6P4Q7	Q6P4Q7		CNNM4		1.49687e+07	9.90246e+06	1.60062e+07	1.18591e+07	1.25184e+07	1.62076e+07	1.20126e+07	1.09836e+07
Q6P4R8	Q6P4R8		NFRKB		142814	676077	368114	1.00872e+06	186345	329244	369026	178853
Q6P587	Q6P587		FAHD1		5.3446e+07	3.61351e+07	3.81422e+07	2.57755e+07	6.70967e+07	2.94444e+07	4.63057e+07	3.25839e+07
Q6P597	Q6P597		KLC3		1.52035e+06	1.12278e+06	1.12943e+06	1.12615e+06	1.63693e+06	1.59931e+06	1.27223e+06	1.44302e+06
Q6P5S2	Q6P5S2		LEG1									700385
Q6P5X5	Q6P5X5		C22orf39		819218	681074	661135	459930	760260	823899	761243	823734
Q6P5Z2	Q6P5Z2		PKN3		1.21558e+06	898931	893989	1.03266e+06	1.11325e+06	1.21771e+06	937224	1.13939e+06
Q6P6C2	Q6P6C2		ALKBH5		9.74082e+07	8.46036e+07	1.00755e+08	1.0198e+08	9.60526e+07	1.21032e+08	1.12856e+08	1.0721e+08
Q6P996	Q6P996		PDXDC1		3.49081e+06	8.06642e+06	8.54662e+06	1.06614e+07	4.11854e+06	6.21113e+06	7.0479e+06	5.01026e+06
Q6P9A2	Q6P9A2		GALNT18		1.16606e+06	1.54204e+06	1.08294e+06	795286	2.29058e+06	2.1032e+06	1.5741e+06	2.51607e+06
Q6P9B6	Q6P9B6		MEAK7		1.32323e+07	7.79192e+06	1.5192e+07	1.39422e+07	8.74948e+06	1.5347e+07	1.14584e+07	1.08604e+07
Q6P9B9	Q6P9B9		INTS5		2.84561e+06	1.45139e+07	7.867e+06	1.40976e+07	8.2757e+06	7.77748e+06	1.09182e+07	6.55921e+06
Q6P9F7	Q6P9F7		LRRC8B		3.04349e+06	2.51138e+06	4.07506e+06	3.54428e+06	2.64358e+06	4.551e+06	2.68063e+06	2.68355e+06
Q6P9G4	Q6P9G4		TMEM154		1.25256e+06	771605	1.08466e+06	592941	1.07555e+06	752016	841475	595551
Q6PCB5	Q6PCB5		RSBN1L		1.45173e+06	1.84419e+06	1.35941e+06	1.57718e+06	1.29288e+06	1.3035e+06	1.5888e+06	1.59462e+06
Q6PCB6	Q6PCB6		ABHD17C		4.72139e+06	4.29857e+06	3.88617e+06	2.47923e+06	4.43782e+06	4.62084e+06	3.74419e+06	3.04123e+06
Q6PCB7	Q6PCB7		SLC27A1		2.13073e+07	2.51403e+07	1.94884e+07	1.87336e+07	2.58813e+07	2.11068e+07	2.3239e+07	2.67984e+07
Q6PCB8	Q6PCB8		EMB		4.1334e+06	3.93748e+06	3.79001e+06	3.44245e+06	4.32557e+06	4.8835e+06	4.03037e+06	4.9027e+06
Q6PCD5	Q6PCD5		RFWD3		71627.9	67931.9	74612.6	120091	73002.4	131995	63381	121007
Q6PCE3	Q6PCE3		PGM2L1		2.47117e+06	3.20975e+06	2.2657e+06	2.6923e+06	2.53423e+06	2.12e+06	1.93763e+06	1.79979e+06
Q6PCT2	Q6PCT2		FBXL19		8.92821e+06	1.81897e+07	7.80568e+06	1.04058e+07	7.00395e+06	1.43468e+07	1.12926e+07	2.39089e+07
Q6PD62	Q6PD62		CTR9		3.32983e+06	7.89843e+06	5.38956e+06	9.32122e+06	3.8619e+06	6.40114e+06	4.92037e+06	5.40778e+06
Q6PD74	Q6PD74		AAGAB		3.20596e+06	3.91344e+06	5.31659e+06	6.93314e+06	3.77866e+06	5.67437e+06	3.90996e+06	4.02039e+06
Q6PEY1	Q6PEY1		TMEM88						3.09796e+06	2.83438e+06	3.59476e+06	3.19028e+06
Q6PGP7	Q6PGP7		SKIC3		8.4699e+06	1.19092e+07	9.15422e+06	9.90119e+06	8.05303e+06	6.44108e+06	9.68585e+06	7.70772e+06
Q6PHR2	Q6PHR2		ULK3		1.62411e+07	1.59353e+07	1.50232e+07	1.70293e+07	1.68934e+07	1.74727e+07	1.26798e+07	1.59317e+07
Q6PI48	Q6PI48		DARS2		1.69686e+08	7.53311e+07	1.2219e+08	5.85781e+07	1.44795e+08	9.69588e+07	1.13205e+08	9.50674e+07
Q6PI78	Q6PI78		TMEM65		2.84646e+07	2.73519e+07	2.21743e+07	2.22378e+07	3.86702e+07	2.12048e+07	2.75546e+07	2.72596e+07
Q6PI98	Q6PI98		INO80C		403738	1.15441e+06	644900	1.17128e+06	461533	587563	702044	481557
Q6PIU2	Q6PIU2		NCEH1		4.98826e+07	4.22758e+07	6.70045e+07	6.74988e+07	4.69419e+07	1.02543e+08	5.66952e+07	7.39254e+07
Q6PIY7	Q6PIY7		TENT2			647841	1.22273e+06	1.01561e+06	1.46461e+06	1.0459e+06	1.14103e+06	1.02395e+06
Q6PJ69	Q6PJ69		TRIM65		4.49456e+06	5.1686e+06	5.40578e+06	5.73785e+06	6.14892e+06	4.90793e+06	5.7374e+06	5.30581e+06
Q6PJF5	Q6PJF5		RHBDF2		1.44572e+07	5.41794e+06	9.91873e+06	7.25652e+06	9.90289e+06	8.88696e+06	7.05238e+06	7.0143e+06
Q6PJG2	Q6PJG2		MIDEAS		54208.4	231077	120381	215256	106873	48958.3	170125	43076.2
Q6PJG6	Q6PJG6		BRAT1		2.87037e+06	8.50814e+06	6.59761e+06	1.0219e+07	2.94502e+06	8.27486e+06	5.56952e+06	6.59832e+06
Q6PJG9	Q6PJG9		LRFN4		2.04296e+06	1.72869e+06	1.22103e+06	1.10368e+06	2.51665e+06	1.48262e+06	1.64498e+06	1.74504e+06
Q6PJI9	Q6PJI9		WDR59		1.7935e+06	1.85626e+06	2.14994e+06	2.3648e+06	1.79469e+06	1.48434e+06	2.01518e+06	1.3291e+06
Q6PJT7	Q6PJT7		ZC3H14		1.63113e+06	3.13162e+06	2.9823e+06	4.56442e+06	2.3582e+06	1.73715e+06	3.65198e+06	2.60031e+06
Q6PJW8	Q6PJW8		CNST		2.42196e+06	2.24687e+06	2.40417e+06	2.44198e+06	1.95705e+06	2.47714e+06	2.3144e+06	2.22563e+06
Q6PK18	Q6PK18		OGFOD3		7.24817e+06	6.47255e+06	7.43648e+06	8.87493e+06	7.89005e+06	1.30973e+07	7.18462e+06	1.25127e+07
Q6PKC3	Q6PKC3		TXNDC11		5.76638e+06	5.1154e+06	5.31659e+06	5.29759e+06	6.69949e+06	6.37025e+06	5.72088e+06	5.50019e+06
Q6PKG0	Q6PKG0		LARP1		2.57733e+07	4.12023e+07	3.3462e+07	3.75661e+07	3.25155e+07	2.02217e+07	4.30335e+07	2.43545e+07
Q6PL18	Q6PL18		ATAD2			146836	84171	118855	86695.1	57757.9	110747	
Q6PL24	Q6PL24		TMED8		4.93148e+06	6.88082e+06	7.96679e+06	1.00562e+07	5.03579e+06	6.96598e+06	6.25597e+06	7.14169e+06
Q6PML9	Q6PML9		SLC30A9		2.64885e+07	3.14662e+07	2.33498e+07	2.11697e+07	3.12795e+07	2.14436e+07	2.87752e+07	2.91761e+07
Q6Q0C0	Q6Q0C0		TRAF7		2.14037e+06	782375	2.85798e+06	1.66774e+06	1.23766e+06	2.78946e+06	1.84327e+06	2.08256e+06
Q6QNY0	Q6QNY0		BLOC1S3		8.54117e+06	9.27586e+06	7.8125e+06	6.81427e+06	1.05994e+07	3.70564e+06	9.85902e+06	3.64335e+06
Q6QNY1	Q6QNY1		BLOC1S2		1.74743e+06	1.18096e+06	1.42006e+06	993978	1.44909e+06	1.39001e+06	1.63439e+06	1.18229e+06
Q6R327	Q6R327		RICTOR		1.34084e+07	1.32193e+07	1.1925e+07	1.27792e+07	1.27729e+07	9.76107e+06	1.10217e+07	1.12622e+07
Q6RFH5	Q6RFH5		WDR74		2.68945e+06	2.9899e+06	2.44112e+06	3.02787e+06	2.44395e+06	2.44253e+06	2.15809e+06	2.27808e+06
Q6RW13	Q6RW13		AGTRAP		1.16333e+07	1.70976e+07	1.513e+07	1.31174e+07	1.34131e+07	1.30031e+07	1.55265e+07	1.58137e+07
Q6SPF0	Q6SPF0		SAMD1		228568	500783	318127		338567	360420	490778	422875
Q6SZW1	Q6SZW1		SARM1		7.53117e+06	1.39867e+07	5.98728e+06	7.45885e+06	1.0443e+07	8.23054e+06	8.85632e+06	1.34985e+07
Q6T4R5	Q6T4R5		NHS		4.71911e+06	3.61209e+06	3.98292e+06	2.10485e+06	3.82085e+06	2.52084e+06	3.97622e+06	3.33397e+06
Q6TFL4	Q6TFL4		KLHL24		535908	1.50592e+06	1.03015e+06	1.66191e+06	921864	683792	840955	542756
Q6UB28	Q6UB28		METAP1D		8.66387e+06	6.92165e+06	7.27152e+06	2.99919e+06	1.3413e+07	3.63446e+06	1.10619e+07	5.77165e+06
Q6UB35	Q6UB35		MTHFD1L		5.47461e+07	4.22213e+07	5.61354e+07	3.36324e+07	5.64962e+07	5.80863e+07	5.31848e+07	5.58877e+07
Q6ULP2	Q6ULP2		AFTPH		857678	887430	960760	644819	741505	509921	857856	431040
Q6UN15	Q6UN15		FIP1L1		2.02892e+06	5.03294e+06	3.18537e+06	4.84283e+06	3.05681e+06	2.08574e+06	4.5964e+06	2.45551e+06
Q6UVJ0	Q6UVJ0		SASS6		3.40903e+06	3.60142e+06	5.11612e+06	4.69076e+06	3.8684e+06	6.29655e+06	4.27016e+06	3.82944e+06
Q6UVK1	Q6UVK1		CSPG4		1.09171e+08	2.96113e+07	8.88053e+07	8.02021e+07	1.07864e+08	5.69465e+07	1.07803e+08	3.35298e+07
Q6UVY6	Q6UVY6		MOXD1		3.17826e+06	802504	3.27767e+06	2.83434e+06	1.57878e+06	3.40367e+06	2.56525e+06	1.77587e+06
Q6UW02	Q6UW02		CYP20A1		9.70241e+06	9.00066e+06	9.03891e+06	1.03896e+07	1.03511e+07	1.34622e+07	8.98281e+06	1.24088e+07
Q6UW63	Q6UW63		POGLUT2		1.00004e+07	5.62094e+06	8.7897e+06	7.31379e+06	1.47975e+07	9.95417e+06	6.9739e+06	7.51939e+06
Q6UW68	Q6UW68		TMEM205		5.86035e+07	5.16018e+07	6.21329e+07	5.06148e+07	8.15714e+07	7.13967e+07	5.29843e+07	5.7898e+07
Q6UWB1	Q6UWB1		IL27RA		3.31289e+06	2.47071e+06	3.70544e+06	3.05976e+06	4.00031e+06	4.86944e+06	3.51137e+06	3.95207e+06
Q6UWE0	Q6UWE0		LRSAM1		1.10809e+06	1.86356e+06	1.63128e+06	2.09085e+06	1.46733e+06	1.27334e+06	1.72041e+06	1.75264e+06
Q6UWH6	Q6UWH6		TEX261		4.36391e+06	4.3197e+06	4.01372e+06	4.70985e+06	1.81632e+06	5.87441e+06	3.61948e+06	5.8511e+06
Q6UWI4	Q6UWI4		SHISA2		1.44804e+07	7.41933e+06	1.39164e+07	1.23448e+07	2.22819e+07	8.08462e+06	1.82091e+07	8.77876e+06
Q6UWL6	Q6UWL6		KIRREL2		572441		330345	381716		438094		
Q6UWP7	Q6UWP7		LCLAT1		2.9839e+07	4.01925e+07	3.58667e+07	4.00038e+07	3.15788e+07	5.71665e+07	3.90021e+07	5.43283e+07
Q6UWP8	Q6UWP8		SBSN		1.18615e+07	3.34672e+07	1.04152e+07	1.17005e+07	1.19009e+07	1.19646e+07	1.4828e+07	1.20611e+07
Q6UWS5	Q6UWS5		PET117		2.49263e+06	2.73301e+06	2.591e+06	3.17983e+06	2.58385e+06	5.00422e+06	2.74376e+06	3.2776e+06
Q6UWU4	Q6UWU4		C6orf89		2.74088e+06	3.06822e+06	3.11512e+06	3.22272e+06	3.7221e+06	6.03747e+06	3.74291e+06	6.28831e+06
Q6UWX4	Q6UWX4		HHIPL2		499266				1.22129e+06	730524		1.18095e+06
Q6UWY0	Q6UWY0		ARSK		2.24418e+06	3.70866e+06	2.85467e+06	2.24497e+06	4.06225e+06	2.46668e+06	4.80306e+06	3.0905e+06
Q6UX04	Q6UX04		CWC27		3.16347e+06	7.83194e+06	6.25573e+06	7.83073e+06	4.02845e+06	4.94796e+06	6.63765e+06	5.8853e+06
Q6UX07	Q6UX07		DHRS13		4.51387e+06	4.33038e+06	4.65006e+06	4.84984e+06	5.10639e+06	7.65053e+06	5.01049e+06	7.56326e+06
Q6UX15	Q6UX15		LAYN		660721	369238	1.02162e+06	485378	940058	1.18807e+06	1.08935e+06	868799
Q6UX65	Q6UX65		DRAM2		7.60267e+06	7.09903e+06	7.98054e+06	8.61938e+06	9.04396e+06	9.40665e+06	8.60136e+06	9.3911e+06
Q6UX71	Q6UX71		PLXDC2		126476	502708	147095	129189	367605	124592	370596	357314
Q6UX98	Q6UX98		ZDHHC24		2.304e+06	1.80678e+06	3.41959e+06	3.60146e+06	2.97934e+06	3.72722e+06	2.64537e+06	2.88255e+06
Q6UXD5	Q6UXD5		SEZ6L2		4.16443e+06	5.18089e+06	4.34887e+06	4.08058e+06	3.94004e+06	5.62697e+06	4.58953e+06	4.17191e+06
Q6UXF1	Q6UXF1		TMEM108		578228	811403	534305	474683	631988	656856	749752	770639
Q6UXH1	Q6UXH1		CRELD2		8.63849e+06	4.42671e+06	7.38237e+06	4.54225e+06	9.62722e+06	7.68834e+06	6.41846e+06	5.93596e+06
Q6UXH9	Q6UXH9		PAMR1		738315	813076	948275	862801	987964	728883	990063	635556
Q6UXN9	Q6UXN9		WDR82		4.25694e+06	7.44412e+06	5.51209e+06	8.76327e+06	6.08177e+06	7.22389e+06	5.83243e+06	7.55356e+06
Q6UXT9	Q6UXT9		ABHD15		1.18373e+06	789713	1.23814e+06	904788	686409	1.63114e+06	846248	1.13672e+06
Q6UXV4	Q6UXV4		APOOL		6.01902e+07	7.87316e+07	6.13796e+07	6.19927e+07	8.22207e+07	7.46588e+07	7.71968e+07	8.79791e+07
Q6UY14	Q6UY14		ADAMTSL4		2.94722e+06	801523	2.47877e+06	1.46753e+06	1.59079e+06	834458	1.64504e+06	710029
Q6V1P9	Q6V1P9		DCHS2		1.22174e+07	1.10795e+07	1.06213e+07	1.08673e+07	1.38967e+07	1.6991e+07	1.47572e+07	2.6728e+07
Q6VY07	Q6VY07		PACS1		5.43125e+06	6.94519e+06	6.58797e+06	8.33944e+06	5.16262e+06	5.40757e+06	6.65707e+06	4.84276e+06
Q6WCQ1	Q6WCQ1		MPRIP		1.26601e+07	1.47544e+07	1.44436e+07	9.52644e+06	2.39724e+07	8.32895e+06	1.66423e+07	1.13838e+07
Q6XQN6	Q6XQN6		NAPRT			1.04449e+06					415273	387615
Q6XZF7	Q6XZF7		DNMBP		6.84727e+07	8.91826e+07	9.14022e+07	1.17456e+08	6.18966e+07	8.18064e+07	7.55322e+07	6.7325e+07
Q6Y1H2	Q6Y1H2		HACD2		8.39763e+06	6.45768e+06	9.37027e+06	9.33661e+06	7.9103e+06	1.48504e+07	6.96141e+06	1.06842e+07
Q6Y288	Q6Y288		B3GLCT		9.5102e+06	6.23939e+06	7.92885e+06	6.80608e+06	1.01537e+07	9.10756e+06	7.72762e+06	7.41918e+06
Q6Y2X3	Q6Y2X3		DNAJC14		4.11358e+06	3.8757e+06	4.00988e+06	4.21944e+06	5.42417e+06	7.01322e+06	4.61107e+06	6.77595e+06
Q6Y7W6	Q6Y7W6		GIGYF2		7.81453e+06	1.03652e+07	8.1468e+06	8.65602e+06	8.81126e+06	5.82963e+06	1.01173e+07	7.24903e+06
Q6YHK3	Q6YHK3		CD109		3.95009e+07	2.73422e+07	2.07627e+07	3.21531e+07	2.65448e+07	2.78166e+07	2.28943e+07	2.9036e+07
Q6YHU6	Q6YHU6		THADA		2.38951e+06	3.53758e+06	3.42361e+06	3.80735e+06	2.26764e+06	2.58032e+06	2.93805e+06	2.29921e+06
Q6YN16	Q6YN16		HSDL2		3.27241e+07	2.65616e+07	2.82568e+07	1.71507e+07	4.30168e+07	2.71037e+07	3.73251e+07	3.13301e+07
Q6YP21	Q6YP21		KYAT3		1.78839e+07	6.20294e+06	1.11422e+07	3.96543e+06	1.9264e+07	4.64953e+06	1.13991e+07	5.62433e+06
Q6ZMC9	Q6ZMC9		SIGLEC15		297778	78652.1	350106	228926	110958	115481	106372	120773
Q6ZMG9	Q6ZMG9		CERS6		1.6177e+07	1.34389e+07	1.74171e+07	2.01117e+07	1.63401e+07	2.79291e+07	1.63097e+07	2.12324e+07
Q6ZMI0	Q6ZMI0		PPP1R21		4.06738e+06	5.08383e+06	4.80093e+06	5.08061e+06	3.75539e+06	3.33777e+06	4.13576e+06	3.20673e+06
Q6ZMP0	Q6ZMP0		THSD4		4.33901e+08	2.27677e+08	3.4572e+08	2.90285e+08	4.72753e+08	2.39065e+08	2.98291e+08	2.32105e+08
Q6ZMZ3	Q6ZMZ3		SYNE3		8.7231e+06	6.22804e+06	8.1671e+06	8.9335e+06	4.28744e+06	1.12816e+07	7.22914e+06	9.46018e+06
Q6ZN08	Q6ZN08		ZNF66									212263
Q6ZN54	Q6ZN54		DEF8		286054	184223	384524	211549	204546	265274	203717	
Q6ZNA5	Q6ZNA5		FRRS1		5.19273e+06	5.43561e+06	5.82015e+06	5.77444e+06	4.93225e+06	9.09801e+06	5.39756e+06	6.45379e+06
Q6ZNB6	Q6ZNB6		NFXL1		1.65984e+07	2.04173e+06	2.69854e+07	2.30353e+07	1.61838e+07	2.46859e+07	2.99955e+07	2.90882e+07
Q6ZNC8	Q6ZNC8		MBOAT1		4.41756e+06	4.90847e+06	4.72856e+06	5.50724e+06	4.51222e+06	6.56388e+06	4.5881e+06	4.32731e+06
Q6ZNE5	Q6ZNE5		ATG14		480754	657032	706617	747270	561956	732310	608305	677712
Q6ZNF0	Q6ZNF0		ACP7		1.19481e+06	1.06502e+06		753100	1.59237e+06		1.26426e+06	697696
Q6ZNJ1	Q6ZNJ1		NBEAL2		3.75907e+06	5.01182e+06	3.87865e+06	3.40438e+06	3.6871e+06	3.72548e+06	4.08411e+06	3.34604e+06
Q6ZNW5	Q6ZNW5		GDPGP1		722783	1.05569e+06	946646	1.16836e+06	864172	938373	947254	885598
Q6ZPD9	Q6ZPD9		DPY19L3		1.86107e+06	1.92413e+06	2.0676e+06	2.21961e+06	2.40334e+06	2.75518e+06	2.28399e+06	2.8102e+06
Q6ZRI6	Q6ZRI6		C15orf39		924219	905058	757071	868656	761214	1.04006e+06	803241	883379
Q6ZRP7	Q6ZRP7		QSOX2		2.3751e+07	2.50791e+07	2.58223e+07	2.73976e+07	3.52001e+07	3.61038e+07	2.65275e+07	2.83778e+07
Q6ZRQ5	Q6ZRQ5		MMS22L		246972	377804	288392	366797	277908	336261	286683	246590
Q6ZRS2	Q6ZRS2		SRCAP		1.76116e+06	3.49849e+06	2.46131e+06	4.26435e+06	2.6172e+06	2.04963e+06	3.52671e+06	2.35463e+06
Q6ZRV2	Q6ZRV2		FAM83H			2.50214e+06		1.6197e+06				
Q6ZRY4	Q6ZRY4		RBPMS2		655270	525523	796740	809633	533938	403195	624210	282352
Q6ZS17	Q6ZS17		RIPOR1		1.29771e+07	8.17403e+06	1.2967e+07	1.4606e+07	1.26797e+07	1.22142e+07	1.00556e+07	7.9176e+06
Q6ZS30	Q6ZS30		NBEAL1		1.2637e+06	1.46599e+06	1.24426e+06	1.82233e+06	1.44485e+06	1.47781e+06	1.36036e+06	1.07991e+06
Q6ZS86	Q6ZS86		GK5		4.9943e+06	4.18124e+06	4.83589e+06	4.35361e+06	4.78392e+06	5.1915e+06	5.49036e+06	5.68409e+06
Q6ZSR9	Q6ZSR9				2.6155e+07	1.7568e+07	2.22406e+07	1.64879e+07	1.77064e+07	1.51012e+07	1.89106e+07	1.45717e+07
Q6ZSS7	Q6ZSS7		MFSD6		1.07284e+06	1.0889e+06	957892	768287	651966	942286	910285	781080
Q6ZSZ5	Q6ZSZ5		ARHGEF18		2.15974e+06	3.2277e+06	2.66907e+06	3.40687e+06	2.41321e+06	2.75132e+06	2.89929e+06	2.71262e+06
Q6ZT12	Q6ZT12		UBR3		1.40587e+06	2.3202e+06	2.66092e+06	3.29074e+06	1.60483e+06	2.54207e+06	2.07492e+06	2.29123e+06
Q6ZT21	Q6ZT21		TMPPE		3.59046e+06	2.76078e+06	3.9252e+06	4.10011e+06	3.31299e+06	6.39032e+06	3.30495e+06	5.04674e+06
Q6ZU80	Q6ZU80		CEP128		3.07019e+06	3.14289e+06	3.00569e+06	3.05367e+06	3.31131e+06	3.48855e+06	3.00816e+06	3.34821e+06
Q6ZUJ8	Q6ZUJ8		PIK3AP1		1.1513e+06	1.98771e+06	2.19311e+06	2.63658e+06	1.17935e+06	1.92352e+06	1.65625e+06	1.65946e+06
Q6ZUM4	Q6ZUM4		ARHGAP27		405413	352427	480850	359904	230214	380953	367752	337736
Q6ZUT6	Q6ZUT6		CCDC9B		2.02221e+06	1.56316e+06	1.66917e+06	1.3794e+06	1.45725e+06	1.78012e+06	1.68479e+06	1.41095e+06
Q6ZUX7	Q6ZUX7		LHFPL2		5.92143e+06	6.24466e+06	4.11473e+06	3.90879e+06	6.34294e+06	5.8912e+06	5.56087e+06	7.01239e+06
Q6ZVL6	Q6ZVL6		KIAA1549L		2.10282e+06	2.32286e+06	2.38782e+06	2.79384e+06	1.95084e+06	2.8765e+06	2.69489e+06	3.10473e+06
Q6ZVM7	Q6ZVM7		TOM1L2		5.1154e+06	7.11492e+06	5.44437e+06	4.9907e+06	5.00712e+06	4.57734e+06	6.14253e+06	5.15402e+06
Q6ZVX7	Q6ZVX7		NCCRP1		185205	6.91056e+06	337464	417344	191347	157583	312640	293134
Q6ZWL3	Q6ZWL3		CYP4V2		997392	397826	669270	376290		674491	563792	612789
Q6ZWT7	Q6ZWT7		MBOAT2		4.68777e+06	4.55977e+06	5.8678e+06	5.71575e+06	4.62449e+06	6.84167e+06	4.99022e+06	5.24776e+06
Q6ZXV5	Q6ZXV5		TMTC3		2.80563e+07	3.58587e+07	2.97914e+07	3.01745e+07	3.45516e+07	4.26531e+07	3.06652e+07	4.10164e+07
Q709C8	Q709C8		VPS13C		1.82293e+07	8.30583e+06	1.80554e+07	1.14362e+07	1.48999e+07	1.51973e+07	1.48579e+07	1.26539e+07
Q709F0	Q709F0		ACAD11		1.34007e+07	1.21405e+07	1.61654e+07	1.05322e+07	1.58247e+07	1.67132e+07	1.48816e+07	1.32918e+07
Q70CQ2	Q70CQ2		USP34		3.97252e+07	8.29627e+07	6.56951e+07	9.0272e+07	3.11318e+07	5.75532e+07	5.05627e+07	5.09513e+07
Q70CQ3	Q70CQ3		USP30		1.53907e+06	1.624e+06	1.93617e+06	1.85625e+06	1.08053e+06	3.19524e+06	1.72207e+06	2.35824e+06
Q70E73	Q70E73		RAPH1		8.89388e+06	8.57452e+06	9.03121e+06	9.64552e+06	7.12754e+06	9.2526e+06	8.03785e+06	7.7199e+06
Q70EK8	Q70EK8		USP53		1.2335e+06	922917	1.15826e+06	1.257e+06	1.37103e+06	869568	1.37785e+06	1.11167e+06
Q70EL1	Q70EL1		USP54		1.51873e+06	1.52944e+06	1.80331e+06	1.68377e+06	1.6931e+06	1.66846e+06	1.50724e+06	2.17988e+06
Q70EL4	Q70EL4		USP43		1.18709e+06	1.68629e+06	1.04153e+06	934040	1.24457e+06	762671	1.20437e+06	1.05298e+06
Q70HW3	Q70HW3		SLC25A26		1.21295e+07	1.6199e+07	1.18335e+07	1.03424e+07	1.35185e+07	1.43791e+07	1.3361e+07	1.54946e+07
Q70IA6	Q70IA6		MOB2		4.64851e+06	6.65373e+06	5.29904e+06	5.89355e+06	4.95852e+06	4.83336e+06	5.64705e+06	4.85697e+06
Q70JA7	Q70JA7		CHSY3		5.35937e+06	5.13382e+06	5.02486e+06	5.56623e+06	6.47498e+06	9.7342e+06	5.37137e+06	8.30273e+06
Q70SY1	Q70SY1		CREB3L2				379042	594862	318597	1.42714e+06	578333	1.30423e+06
Q70UQ0	Q70UQ0		IKBIP		1.34848e+08	1.59222e+08	1.26382e+08	1.60822e+08	1.82244e+08	2.24163e+08	1.4893e+08	2.1557e+08
Q712K3	Q712K3		UBE2R2			6.57894e+06	4.68629e+06	7.26166e+06		3.52147e+06	4.95251e+06	4.62578e+06
Q71DI3	Q71DI3		H3C15		8.74609e+07	3.43953e+08	1.34516e+08	3.63177e+08	1.51593e+08	1.65202e+08	3.04615e+08	2.12799e+08
Q71F23	Q71F23		CENPU				999456	1.22023e+06				1.30084e+06
Q71F56	Q71F56		MED13L					770469				
Q71RC2	Q71RC2		LARP4		4.68506e+06	3.58396e+06	4.80194e+06	3.77787e+06	4.86331e+06	2.97731e+06	4.43395e+06	2.66533e+06
Q71RG4	Q71RG4		TMUB2		5.4523e+06	7.04962e+06	7.40178e+06	8.28725e+06	6.24854e+06	1.28219e+07	7.39902e+06	8.51678e+06
Q71SY5	Q71SY5		MED25		661409	3.50836e+06	1.14266e+06	3.87254e+06	876464	1.68014e+06	1.69577e+06	2.12773e+06
Q71UM5	Q71UM5		RPS27L		7.66434e+06	9.24505e+06	9.0477e+06	8.72806e+06	8.67845e+06	4.00502e+06	1.06696e+07	4.76293e+06
Q75N03	Q75N03		CBLL1		6.05294e+06	4.28561e+06	4.60895e+06	4.85575e+06	6.26159e+06	5.3702e+06	4.33503e+06	4.74108e+06
Q75QN2	Q75QN2		INTS8		836774	2.88043e+06	1.04106e+06	3.3934e+06	1.12291e+06	1.21144e+06	1.60695e+06	997083
Q75T13	Q75T13		PGAP1		1.70026e+06	1.89137e+06	1.61448e+06	1.24852e+06	2.41468e+06	1.63571e+06	2.20436e+06	1.67106e+06
Q76KD6	Q76KD6		SPATC1		9.94096e+06	8.77388e+06			7.97985e+06		8.52155e+06	1.03371e+07
Q76MJ5	Q76MJ5		ERN2		2.85987e+06	2.95342e+06	3.82566e+06	3.39703e+06	2.86833e+06	3.58062e+06	3.36238e+06	
Q76N32	Q76N32		CEP68		215569	267499	281857	247328	301128	82899.5	246755	144751
Q76N89	Q76N89		HECW1		209095	197392	139875	121737	133071	123450	202109	168647
Q7KYR7	Q7KYR7		BTN2A1		1.44984e+07	1.38169e+07	1.38203e+07	1.30138e+07	1.21771e+07	1.60456e+07	1.08371e+07	1.15698e+07
Q7KZ85	Q7KZ85		SUPT6H		1.81025e+06	3.73809e+06	2.41225e+06	3.63537e+06	2.44231e+06	2.42181e+06	2.68616e+06	2.16293e+06
Q7KZF4	Q7KZF4		SND1		1.4748e+08	1.19818e+08	1.46317e+08	1.12904e+08	1.46904e+08	8.95222e+07	1.62065e+08	9.35426e+07
Q7KZI7	Q7KZI7		MARK2		5.21394e+06	4.79262e+06	4.44553e+06	4.25217e+06	6.02444e+06	3.93979e+06	4.74535e+06	4.35727e+06
Q7KZN9	Q7KZN9		COX15		2.31558e+07	3.56158e+07	2.91328e+07	3.0498e+07	3.12663e+07	5.10116e+07	3.73042e+07	5.87726e+07
Q7L014	Q7L014		DDX46		1.13216e+07	2.69988e+07	2.15233e+07	3.12711e+07	1.41284e+07	2.01804e+07	1.85066e+07	1.79514e+07
Q7L0J3	Q7L0J3		SV2A		2.26495e+07	1.99194e+07	2.38857e+07	2.78553e+07	1.83551e+07	3.54628e+07	2.34111e+07	3.46217e+07
Q7L0Y3	Q7L0Y3		TRMT10C		8.06675e+07	4.04974e+07	6.46224e+07	2.78197e+07	8.44768e+07	5.98819e+07	6.5538e+07	6.53614e+07
Q7L1Q6	Q7L1Q6		BZW1		1.42298e+07	2.10792e+07	1.37586e+07	1.80508e+07	1.60203e+07	1.53605e+07	1.63968e+07	1.63306e+07
Q7L1T6	Q7L1T6		CYB5R4		487973	1.02072e+06	734275	953174	491504	1.14769e+06	685156	968568
Q7L1V2	Q7L1V2		MON1B		1.54271e+07	1.50492e+07	1.43161e+07	1.10079e+07	1.90472e+07	1.4132e+07	1.4317e+07	1.34055e+07
Q7L1W4	Q7L1W4		LRRC8D		1.165e+07	1.01773e+07	1.3465e+07	1.08672e+07	1.13985e+07	1.77173e+07	1.04859e+07	1.38881e+07
Q7L211	Q7L211		ABHD13		3.88077e+06	5.42388e+06	5.09444e+06	5.74321e+06	5.20485e+06	8.41479e+06	5.80631e+06	6.82557e+06
Q7L266	Q7L266		ASRGL1		1.81443e+06	1.07317e+06	1.76097e+06	1.22195e+06	1.55063e+06	1.32232e+06	1.56815e+06	1.21508e+06
Q7L273	Q7L273		KCTD9		895366	732723	1.09373e+06	1.05063e+06	776219	1.47055e+06	1.23952e+06	1.12953e+06
Q7L2E3	Q7L2E3		DHX30		2.64039e+07	1.8322e+07	2.73483e+07	1.87974e+07	3.88798e+07	3.94713e+07	3.14348e+07	4.51337e+07
Q7L2H7	Q7L2H7		EIF3M		1.21815e+07	2.05787e+07	1.93141e+07	2.60107e+07	1.40476e+07	1.70538e+07	1.75812e+07	1.63583e+07
Q7L2J0	Q7L2J0		MEPCE		428587	1.10309e+06	692101	1.58323e+06	535789	916075	1.09427e+06	1.53604e+06
Q7L2K0	Q7L2K0		TEDC2		288246	120789	153158	160986	213015	168065	239125	185435
Q7L311	Q7L311		ARMCX2		6.82586e+06	1.21045e+07	7.07527e+06	6.80218e+06	9.72207e+06	1.18612e+07	1.10529e+07	1.51657e+07
Q7L3T8	Q7L3T8		PARS2		2.46855e+07	1.77594e+07	1.99515e+07	9.83444e+06	3.31639e+07	1.49477e+07	2.59068e+07	1.85068e+07
Q7L4E1	Q7L4E1		MIGA2		2.07336e+06	2.49624e+06	2.25991e+06	1.96376e+06	2.91027e+06	2.646e+06	3.00609e+06	3.31249e+06
Q7L4I2	Q7L4I2		RSRC2		1.39812e+07	9.79715e+06	1.34659e+07	1.47075e+07	1.50129e+07	1.93578e+07	1.6204e+07	1.82334e+07
Q7L4S7	Q7L4S7		ARMCX6		1.61271e+06	3.17097e+06	2.08854e+06	2.79594e+06	4.87748e+06	4.75265e+06	3.69753e+06	3.96231e+06
Q7L523	Q7L523		RRAGA		6.32022e+06	7.35882e+06	8.07068e+06	9.62022e+06	5.59675e+06	7.54951e+06	6.55031e+06	6.4514e+06
Q7L576	Q7L576		CYFIP1		3.89066e+07	3.7744e+07	4.03286e+07	4.2268e+07	3.09319e+07	3.99013e+07	3.44312e+07	3.22692e+07
Q7L592	Q7L592		NDUFAF7		2.45003e+07	2.05809e+07	2.16004e+07	1.3303e+07	2.88142e+07	2.03271e+07	2.65374e+07	2.4575e+07
Q7L5D6	Q7L5D6		GET4		1.99803e+07	3.58021e+07	3.42691e+07	4.69164e+07	2.15332e+07	2.97195e+07	2.8822e+07	2.52516e+07
Q7L5N1	Q7L5N1		COPS6		4.72693e+06	1.09915e+07	8.59056e+06	1.06603e+07	4.79314e+06	7.30248e+06	8.43368e+06	7.55713e+06
Q7L5N7	Q7L5N7		LPCAT2		8.46654e+06	9.39165e+06	9.405e+06	1.09199e+07	9.53543e+06	1.33777e+07	7.96244e+06	1.29476e+07
Q7L5Y1	Q7L5Y1		ENOSF1		3.34496e+06	8.33424e+06	4.18357e+06	7.64095e+06	3.8325e+06	4.78258e+06	4.84154e+06	5.66952e+06
Q7L5Y9	Q7L5Y9		MAEA		783107	1.13766e+06	998610	1.42117e+06	864795	1.03584e+06	893394	1.00485e+06
Q7L7V1	Q7L7V1		DHX32		1.55259e+06	3.36906e+06	3.0585e+06	4.59523e+06	1.8016e+06	3.0793e+06	2.57721e+06	2.49839e+06
Q7L7X3	Q7L7X3		TAOK1		2.15683e+07	1.56728e+07	1.73451e+07	1.43491e+07	1.93988e+07	1.52929e+07	1.68132e+07	1.56577e+07
Q7L8L6	Q7L8L6		FASTKD5		2.28349e+07	1.77127e+07	1.98263e+07	1.14885e+07	3.00902e+07	2.05578e+07	2.58837e+07	2.43151e+07
Q7L8W6	Q7L8W6		DPH6		2.18341e+06	4.88143e+06	5.60814e+06	1.00159e+07	2.19236e+06	4.93468e+06	4.76328e+06	4.03475e+06
Q7L9B9	Q7L9B9		EEPD1		4.23645e+06	1.4786e+06	4.05315e+06	3.21705e+06	3.23185e+06	4.12946e+06	3.79596e+06	3.48905e+06
Q7L9L4	Q7L9L4		MOB1B		9.92554e+06	1.57319e+07	1.43984e+07	1.96925e+07	1.06948e+07	1.46648e+07	1.24146e+07	1.24292e+07
Q7LBC6	Q7LBC6		KDM3B		6.13051e+06	9.92343e+06	9.25792e+06	1.26303e+07	8.38975e+06	7.51689e+06	1.0794e+07	7.80549e+06
Q7LBR1	Q7LBR1		CHMP1B		4.67173e+06	6.62802e+06	4.61736e+06	3.94033e+06	5.15304e+06	3.8356e+06	5.22431e+06	4.00329e+06
Q7LG56	Q7LG56		RRM2B		545142	622919	793358	1.07993e+06	525424	728316	732196	615314
Q7LGA3	Q7LGA3		HS2ST1		1.76794e+07	1.65325e+07	1.89187e+07	1.91117e+07	1.98473e+07	2.65173e+07	1.78693e+07	2.11898e+07
Q7LGC8	Q7LGC8		CHST3		1.10303e+06	971094	1.59994e+06	1.86455e+06	1.6934e+06	4.15939e+06	1.25315e+06	2.71924e+06
Q7RTN6	Q7RTN6		STRADA		280987	335329	268530	191611	433182	336688	380132	410797
Q7RTP0	Q7RTP0		NIPA1		8.52477e+06	5.98759e+06	8.76833e+06	9.3509e+06	7.84533e+06	1.00708e+07	7.06553e+06	6.99339e+06
Q7RTP6	Q7RTP6		MICAL3		656995	1.10403e+06	893344	1.13768e+06	649712	738528	822611	932448
Q7RTS9	Q7RTS9		DYM		2.62218e+06	4.14265e+06	3.46617e+06	4.2856e+06	3.39269e+06	4.52776e+06	3.412e+06	3.79155e+06
Q7RTV0	Q7RTV0		PHF5A		1.66732e+06	3.61242e+06	2.99285e+06	4.3222e+06	2.2724e+06	2.50038e+06	3.24075e+06	3.66332e+06
Q7RTV5	Q7RTV5		PRXL2C		839286	1.37428e+06	1.04288e+06	1.03444e+06	446374	2.34769e+06	1.15909e+06	2.3912e+06
Q7RTY0	Q7RTY0		SLC16A13		1.4617e+06	1.0148e+06	1.17037e+06	1.30076e+06	1.00186e+06	1.16384e+06	1.11156e+06	1.20052e+06
Q7Z2E3	Q7Z2E3		APTX		713088	2.1733e+06	1.32826e+06	1.30949e+06	1.20056e+06	954593	1.73166e+06	1.18635e+06
Q7Z2H8	Q7Z2H8		SLC36A1		972890	918996	903092	974003	1.32634e+06	1.95351e+06	1.1591e+06	2.42096e+06
Q7Z2K6	Q7Z2K6		ERMP1		3.47342e+07	2.81292e+07	3.32858e+07	3.15598e+07	4.10584e+07	3.70797e+07	3.45265e+07	3.66813e+07
Q7Z2K8	Q7Z2K8		GPRIN1		9.41975e+06	5.00278e+06	7.69734e+06	5.94975e+06	9.20435e+06	7.20339e+06	8.61013e+06	5.95232e+06
Q7Z2T5	Q7Z2T5		TRMT1L		1.61345e+06	4.02156e+06	2.95591e+06	4.87122e+06	1.62705e+06	2.73068e+06	2.68307e+06	2.16847e+06
Q7Z2W4	Q7Z2W4		ZC3HAV1		1.86522e+07	1.34626e+07	1.94715e+07	1.6249e+07	2.10636e+07	1.77354e+07	1.79931e+07	1.50904e+07
Q7Z2W9	Q7Z2W9		MRPL21		6.49073e+07	5.16426e+07	5.7642e+07	3.35518e+07	8.32846e+07	5.95621e+07	7.91452e+07	7.33965e+07
Q7Z2Z2	Q7Z2Z2		EFL1		3.97251e+06	4.78201e+06	4.58823e+06	5.98181e+06	3.38849e+06	3.41442e+06	3.86067e+06	3.01837e+06
Q7Z333	Q7Z333		SETX		76487.2	998588	412182	1.56742e+06	276192	523128	458162	321593
Q7Z388	Q7Z388		DPY19L4		7.1667e+06	7.10271e+06	6.76293e+06	6.84366e+06	7.5147e+06	1.01392e+07	6.27202e+06	1.03306e+07
Q7Z392	Q7Z392		TRAPPC11		1.5655e+06	1.76356e+06	1.89676e+06	1.74892e+06	1.45785e+06	1.53138e+06	1.74128e+06	1.46257e+06
Q7Z3B0	Q7Z3B0		SMIM15		3.0972e+06	4.20447e+06	4.04595e+06	4.26127e+06	3.29584e+06	4.99326e+06	4.52648e+06	6.18951e+06
Q7Z3B1	Q7Z3B1		NEGR1		5.80208e+06	2.2483e+06	8.75634e+06	6.20859e+06	3.6262e+06	1.07155e+07	4.90684e+06	5.07459e+06
Q7Z3B4	Q7Z3B4		NUP54		1.1548e+07	2.11314e+07	1.57371e+07	1.93937e+07	1.98559e+07	1.36433e+07	2.22496e+07	1.79097e+07
Q7Z3C6	Q7Z3C6		ATG9A		6.11998e+06	7.3986e+06	7.25891e+06	7.82891e+06	5.53853e+06	7.57378e+06	6.59574e+06	7.0322e+06
Q7Z3D4	Q7Z3D4		LYSMD3		3.55015e+06	3.97388e+06	3.70936e+06	3.70262e+06	4.94111e+06	4.5694e+06	4.77812e+06	5.69688e+06
Q7Z3D6	Q7Z3D6		DGLUCY		1.08647e+07	9.73351e+06	8.53583e+06	4.72178e+06	1.30601e+07	3.87803e+06	1.55769e+07	7.10964e+06
Q7Z3E2	Q7Z3E2		CCDC186		1.05642e+06	1.00309e+06	746499	760404	891953	703904	612980	704289
Q7Z3E5	Q7Z3E5		ARMC9		821921	1.42973e+06	1.22363e+06	1.317e+06	1.06154e+06	949347	1.23522e+06	1.26773e+06
Q7Z3F1	Q7Z3F1		GPR155		2.64628e+06	2.3112e+06	2.56413e+06	2.08579e+06	2.48685e+06	1.9856e+06	2.82989e+06	2.19668e+06
Q7Z3J2	Q7Z3J2		VPS35L		828092	334660	630707	615716	710120	442375	605875	411710
Q7Z3K3	Q7Z3K3		POGZ		4.15586e+06	7.17966e+06	7.91054e+06	1.27027e+07	7.03971e+06	5.06997e+06	9.40487e+06	4.09519e+06
Q7Z3Q1	Q7Z3Q1		SLC46A3		895285	622529	878557	1.10387e+06	1.25095e+06	1.39713e+06	852645	780823
Q7Z3T8	Q7Z3T8		ZFYVE16		1.28457e+06	1.92936e+06	1.86967e+06	2.56672e+06	1.10729e+06	2.07645e+06	1.55279e+06	1.49601e+06
Q7Z3U7	Q7Z3U7		MON2		4.22697e+06	8.83027e+06	7.41248e+06	9.43096e+06	5.0519e+06	6.18442e+06	7.04074e+06	5.80039e+06
Q7Z3Y8	Q7Z3Y8		KRT27					5.58389e+07				
Q7Z401	Q7Z401		DENND4A		8.96423e+06	8.24473e+06	9.69768e+06	8.93053e+06	9.16532e+06	9.76081e+06	8.45576e+06	8.54218e+06
Q7Z402	Q7Z402		TMC7		1.8151e+06	1.37212e+06	1.78434e+06	1.61906e+06	1.39681e+06	1.63421e+06	2.0723e+06	1.41206e+06
Q7Z403	Q7Z403		TMC6		218901	217621	454782	391116	168951	209026	185838	340444
Q7Z406	Q7Z406		MYH14		1.55767e+06	2.12792e+06	1.44578e+06	2.03677e+06	1.34344e+06	1.34849e+06	1.73291e+06	1.91372e+06
Q7Z412	Q7Z412		PEX26		1.10534e+06	983005	1.02158e+06	944249	1.57787e+06	1.8063e+06	1.03108e+06	1.61879e+06
Q7Z417	Q7Z417		NUFIP2		3.34611e+06	2.58923e+06	2.71698e+06	1.90688e+06	3.85712e+06	1.48004e+06	3.119e+06	2.08139e+06
Q7Z434	Q7Z434		MAVS		2.08922e+07	1.96343e+07	1.73993e+07	1.46579e+07	2.5431e+07	1.38419e+07	2.03424e+07	1.68721e+07
Q7Z449	Q7Z449		CYP2U1		4.26842e+06	3.68686e+06	4.8419e+06	3.77683e+06	4.19885e+06	5.58933e+06	4.58384e+06	5.39701e+06
Q7Z460	Q7Z460		CLASP1		9.25856e+06	9.60843e+06	9.47836e+06	1.14397e+07	8.9426e+06	7.89924e+06	9.16722e+06	7.3546e+06
Q7Z478	Q7Z478		DHX29		7.43378e+06	8.50019e+06	9.50114e+06	1.06495e+07	6.23972e+06	7.06242e+06	8.5868e+06	6.46331e+06
Q7Z4F1	Q7Z4F1		LRP10		9.59272e+06	6.04637e+06	8.58099e+06	8.2766e+06	6.72519e+06	1.29118e+07	6.68797e+06	8.20228e+06
Q7Z4G1	Q7Z4G1		COMMD6		1.34478e+06	1.62596e+06	1.58746e+06	1.90553e+06	1.27383e+06	1.55153e+06	1.44096e+06	1.70816e+06
Q7Z4G4	Q7Z4G4		TRMT11		9.36994e+06	4.63976e+06	7.65936e+06	2.91186e+06	1.40309e+07	3.51129e+06	8.76565e+06	3.79455e+06
Q7Z4H3	Q7Z4H3		HDDC2		3.1425e+06	2.38301e+06	3.60487e+06	2.7786e+06	2.63555e+06	2.73478e+06	3.43904e+06	2.31017e+06
Q7Z4H7	Q7Z4H7		HAUS6		2.27382e+06	3.42326e+06	2.85423e+06	3.35847e+06	3.02586e+06	2.0999e+06	3.20762e+06	2.62433e+06
Q7Z4H8	Q7Z4H8		POGLUT3		6.88183e+07	3.776e+07	7.26371e+07	6.15779e+07	7.48509e+07	8.70592e+07	6.16692e+07	6.10236e+07
Q7Z4Q2	Q7Z4Q2		HEATR3		2.56307e+06	5.94198e+06	4.95345e+06	9.1788e+06	2.89159e+06	4.36805e+06	4.11285e+06	3.45192e+06
Q7Z4R8	Q7Z4R8		C6orf120		8.31234e+06	9.02475e+06	9.24989e+06	9.44728e+06	9.21172e+06	1.50505e+07	1.00174e+07	1.09054e+07
Q7Z4S6	Q7Z4S6		KIF21A		1.29441e+06	1.49037e+06	1.72979e+06	2.31034e+06	1.31939e+06	1.46664e+06	1.74557e+06	1.27059e+06
Q7Z4V5	Q7Z4V5		HDGFL2		1.35485e+07	3.05707e+07	1.66213e+07	2.05037e+07	1.70869e+07	2.01362e+07	1.79042e+07	2.60168e+07
Q7Z4W1	Q7Z4W1		DCXR		4.75202e+07	2.98721e+07	3.49722e+07	1.42998e+07	7.22938e+07	2.1694e+07	5.92177e+07	3.43547e+07
Q7Z569	Q7Z569		BRAP		1.15573e+06	2.04551e+06	1.46001e+06	1.89083e+06	1.98895e+06	1.19409e+06	1.659e+06	1.13018e+06
Q7Z5G4	Q7Z5G4		GOLGA7		2.4e+07	2.34323e+07	2.26505e+07	1.97822e+07	2.47918e+07	2.87415e+07	2.41993e+07	3.04679e+07
Q7Z5K2	Q7Z5K2		WAPL		2.00286e+06	4.32479e+06	3.0699e+06	5.27812e+06	2.93595e+06	2.93021e+06	3.38469e+06	2.41337e+06
Q7Z5L9	Q7Z5L9		IRF2BP2		4.27431e+06	9.63866e+06	4.80986e+06	8.98972e+06	5.69868e+06	6.78213e+06	5.91853e+06	9.21203e+06
Q7Z5N4	Q7Z5N4		SDK1		9.09907e+07	6.17735e+07	8.7289e+07	6.04818e+07	5.38313e+07	6.09827e+07	6.63549e+07	5.67395e+07
Q7Z5R6	Q7Z5R6		APBB1IP		196755	236463	348420	512441	155578	471361	342085	396049
Q7Z5U6	Q7Z5U6		WDR53		513144	561818	527130	540539	645001	480069	637357	410886
Q7Z695	Q7Z695		ADCK2		7.68293e+06	7.01873e+06	8.1643e+06	7.74976e+06	7.49426e+06	1.33122e+07	8.33175e+06	1.14173e+07
Q7Z698	Q7Z698		SPRED2		7.49621e+06	3.91299e+06	5.97442e+06	4.38675e+06	7.0372e+06	9.46469e+06	5.8093e+06	8.36836e+06
Q7Z699	Q7Z699		SPRED1		8.27899e+06	2.35512e+06	5.01622e+06	4.8979e+06	4.56244e+06	6.52788e+06	4.70235e+06	5.03414e+06
Q7Z6B7	Q7Z6B7		SRGAP1		5.76162e+06	7.25182e+06	7.1867e+06	6.24212e+06	6.10367e+06	6.24956e+06	6.4379e+06	6.02946e+06
Q7Z6J6	Q7Z6J6		FRMD5		7.21309e+06	5.0273e+06	5.68e+06	5.51846e+06	5.56093e+06	4.26313e+06	5.7423e+06	4.72416e+06
Q7Z6J8	Q7Z6J8		UBE3D		309216	505444	498551	811721		734042	390375	400313
Q7Z6K3	Q7Z6K3		PTAR1		167048	444001	429248	632994	227234	326174	390550	323108
Q7Z6K5	Q7Z6K5		ARPIN		5.76283e+06	7.36485e+06	6.74707e+06	1.00803e+07	4.79035e+06	6.27781e+06	6.23703e+06	5.41455e+06
Q7Z6L1	Q7Z6L1		TECPR1		2.11752e+07	1.94911e+07	2.17459e+07	1.5207e+07	1.92728e+07	1.94295e+07	2.10708e+07	1.79951e+07
Q7Z6M4	Q7Z6M4		MTERF4		8.28008e+06	9.27339e+06	7.42789e+06	3.51636e+06	1.67389e+07	5.39081e+06	1.38942e+07	1.11683e+07
Q7Z6P3	Q7Z6P3		RAB44		2.31501e+06		1.23546e+06	1.42569e+06		4.3443e+06		
Q7Z6Z7	Q7Z6Z7		HUWE1		1.46266e+07	3.18344e+07	2.5506e+07	3.56162e+07	1.31827e+07	1.6777e+07	2.16785e+07	1.59503e+07
Q7Z736	Q7Z736		PLEKHH3		1.34021e+07	1.17094e+07	1.17323e+07	1.05185e+07	1.19183e+07	1.21461e+07	1.46672e+07	9.01972e+06
Q7Z739	Q7Z739		YTHDF3		1.55069e+07	1.38888e+07	1.67365e+07	1.51847e+07	1.49073e+07	1.00328e+07	1.7418e+07	9.85814e+06
Q7Z794	Q7Z794		KRT77		1.41204e+07	1.57771e+07	4.27253e+07	2.96307e+07		8.41356e+06	1.67921e+07	1.56185e+07
Q7Z7A1	Q7Z7A1		CNTRL		1.03268e+06	868192	1.02054e+06	1.03719e+06	1.06076e+06	854686	1.06205e+06	796343
Q7Z7A3	Q7Z7A3		CTU1		1.88607e+06	3.268e+06	2.92734e+06	3.97663e+06	2.52807e+06	2.33522e+06	3.3412e+06	2.94104e+06
Q7Z7A4	Q7Z7A4		PXK		1.70146e+06	2.17873e+06	2.0146e+06	1.78354e+06	2.26676e+06	1.5301e+06	1.88584e+06	1.89346e+06
Q7Z7B1	Q7Z7B1		PIGW		1.02502e+07	1.47243e+07	1.20209e+07	1.51356e+07	1.57318e+07	2.0683e+07	1.66767e+07	2.68503e+07
Q7Z7C8	Q7Z7C8		TAF8		1.34083e+06	2.72981e+06	1.96465e+06	3.51168e+06	1.64985e+06	1.26257e+06	2.50552e+06	1.46883e+06
Q7Z7E8	Q7Z7E8		UBE2Q1		1.49806e+06	2.70918e+06	3.77697e+06	4.85474e+06	1.26397e+06	3.27295e+06	1.97769e+06	1.93967e+06
Q7Z7F0	Q7Z7F0		KHDC4		302074	1.40823e+06		1.22265e+06		1.09167e+06	695774	966651
Q7Z7F7	Q7Z7F7		MRPL55		3.70716e+07	3.14012e+07	3.0698e+07	2.20807e+07	5.27204e+07	3.31301e+07	4.08783e+07	4.12628e+07
Q7Z7H5	Q7Z7H5		TMED4		5.55502e+07	3.86369e+07	5.21627e+07	6.21578e+07	5.86153e+07	7.37125e+07	4.29069e+07	4.71253e+07
Q7Z7H8	Q7Z7H8		MRPL10		3.23475e+07	2.41271e+07	3.27197e+07	2.05476e+07	4.66302e+07	3.10418e+07	4.52742e+07	3.91753e+07
Q7Z7K0	Q7Z7K0		CMC1		2.30503e+07	1.67303e+07	1.79541e+07	1.73684e+07	2.98865e+07	2.07354e+07	2.05133e+07	2.91716e+07
Q7Z7K6	Q7Z7K6		CENPV		1.28369e+06	2.10648e+06	3.09303e+06	4.29349e+06	3.33253e+06	1.00539e+06	4.81354e+06	1.28223e+06
Q7Z7L1	Q7Z7L1		SLFN11		1.94843e+06	2.83263e+06	2.59279e+06	3.70311e+06	1.95401e+06	3.08091e+06	2.53758e+06	2.46715e+06
Q7Z7M0	Q7Z7M0		MEGF8		1.87442e+06	1.50233e+06	2.13829e+06	1.55479e+06	1.49322e+06	2.20709e+06	1.90461e+06	2.3496e+06
Q7Z7N9	Q7Z7N9		TMEM179B		8.22255e+06	5.75865e+06	6.80519e+06	6.00994e+06	1.20354e+07	1.46582e+07	1.00763e+07	1.95845e+07
Q86SF2	Q86SF2		GALNT7		1.64713e+07	1.70111e+07	1.57916e+07	1.77735e+07	2.10196e+07	2.58723e+07	1.83858e+07	2.62247e+07
Q86SG5	Q86SG5		S100A7A			6.48587e+06				1.82863e+06		
Q86SJ2	Q86SJ2		AMIGO2		4.00466e+06	5.30509e+06	3.44172e+06	2.86472e+06	5.38027e+06	4.84828e+06	4.78116e+06	6.84388e+06
Q86SK9	Q86SK9		SCD5		6.27079e+06	4.66416e+06	6.66378e+06	8.17421e+06	4.76173e+06	1.18627e+07	5.92622e+06	1.02923e+07
Q86SQ0	Q86SQ0		PHLDB2		2.82062e+06	2.14161e+06	2.43084e+06	1.97249e+06	2.98693e+06	2.19185e+06	2.39274e+06	2.2485e+06
Q86SQ4	Q86SQ4		ADGRG6		1.11926e+06		1.32997e+06	959591	652044	1.55275e+06		981382
Q86SQ7	Q86SQ7		SDCCAG8		339413	316033	345251	488612	394889	327086	373733	237481
Q86SQ9	Q86SQ9		DHDDS		3.5354e+06	4.76422e+06	4.08345e+06	4.39843e+06	3.80454e+06	7.86276e+06	3.93492e+06	5.53433e+06
Q86SR1	Q86SR1		GALNT10		7.36532e+06	9.19567e+06	7.41853e+06	7.92114e+06	1.20672e+07	1.63253e+07	7.5608e+06	1.50889e+07
Q86SX3	Q86SX3		TEDC1		2.20998e+06	2.12429e+06	2.9812e+06	2.28267e+06	2.15195e+06	2.77864e+06	1.8461e+06	2.22854e+06
Q86SX6	Q86SX6		GLRX5		1.52496e+08	5.85556e+07	1.11201e+08	3.36305e+07	1.64375e+08	6.20253e+07	1.46083e+08	7.82035e+07
Q86SZ2	Q86SZ2		TRAPPC6B		2.32851e+06	2.43347e+06	2.64409e+06	2.79355e+06	3.75704e+06	2.55878e+06	3.20765e+06	3.08461e+06
Q86T03	Q86T03		PIP4P1		1.7088e+07	1.21881e+07	1.72132e+07	1.36924e+07	1.52612e+07	2.12376e+07	1.56106e+07	1.72997e+07
Q86T24	Q86T24		ZBTB33		380015	734320	496200	996716	758643	347604	902327	308966
Q86TA1	Q86TA1		MOB3B			2.19013e+06						1.93012e+06
Q86TB9	Q86TB9		PATL1		7.32127e+06	1.01089e+07	1.16133e+07	1.21424e+07	7.3874e+06	8.93583e+06	1.03086e+07	8.20758e+06
Q86TG7	Q86TG7		PEG10		1.20178e+06	1.74023e+06	1.25398e+06	1.31733e+06	1.70015e+06	1.33112e+06	1.51722e+06	2.17356e+06
Q86TI0	Q86TI0		TBC1D1		1.239e+06	1.92484e+06	1.82729e+06	2.32231e+06	1.58461e+06	1.27419e+06	1.85356e+06	1.2143e+06
Q86TI2	Q86TI2		DPP9		8.60521e+06	8.77047e+06	8.6308e+06	7.36223e+06	7.92951e+06	6.40781e+06	9.84855e+06	6.6339e+06
Q86TM6	Q86TM6		SYVN1		6.49187e+06	7.82573e+06	6.52021e+06	7.20064e+06	8.35095e+06	7.7579e+06	7.47744e+06	8.41217e+06
Q86TN4	Q86TN4		TRPT1		1.12371e+06	1.18274e+06	1.02701e+06	957784	814311	687135	1.08017e+06	709639
Q86TP1	Q86TP1		PRUNE1		3.89944e+06	5.50286e+06	7.15308e+06	8.88628e+06	4.66183e+06	5.42485e+06	5.64209e+06	4.3475e+06
Q86TS9	Q86TS9		MRPL52		9.07696e+06	5.71622e+06	5.73089e+06	3.45586e+06	9.10651e+06	4.80464e+06	9.40443e+06	7.07331e+06
Q86TU7	Q86TU7		SETD3		5.3403e+06	7.28963e+06	8.29006e+06	1.05205e+07	6.50783e+06	5.88686e+06	8.565e+06	5.54633e+06
Q86TV6	Q86TV6		TTC7B		1.14226e+07	7.2722e+06	8.60897e+06	7.22674e+06	8.73022e+06	7.4446e+06	7.72976e+06	6.83534e+06
Q86TW2	Q86TW2		ADCK1		2.0406e+07	2.28773e+07	2.29201e+07	2.32795e+07	2.39152e+07	2.54013e+07	2.44512e+07	2.85727e+07
Q86TX2	Q86TX2		ACOT1		6.92118e+07	3.37347e+07	5.73852e+07	2.9078e+07	7.15056e+07	3.71886e+07	6.27227e+07	4.07751e+07
Q86U28	Q86U28		ISCA2		2.41575e+07	1.02686e+07	1.73711e+07	5.81297e+06	2.61589e+07	1.05204e+07	2.21225e+07	1.15467e+07
Q86U38	Q86U38		NOP9		1.97048e+06	2.65851e+06	2.4103e+06	2.88902e+06	2.85236e+06	2.16519e+06	2.63873e+06	2.36813e+06
Q86U42	Q86U42		PABPN1		9.20145e+06	1.76276e+07	1.85062e+07	2.2126e+07	1.01699e+07	1.09004e+07	1.98232e+07	1.11307e+07
Q86U44	Q86U44		METTL3		4.31751e+06	6.21598e+06	4.96402e+06	6.45428e+06	5.10503e+06	4.28716e+06	5.43679e+06	3.98518e+06
Q86U70	Q86U70		LDB1		319056	1.70698e+06	638116	1.653e+06	522299	951405	750522	927001
Q86U86	Q86U86		PBRM1		1.21389e+06	2.64073e+06	1.64838e+06	3.37198e+06	1.69274e+06	1.23136e+06	2.37988e+06	1.21707e+06
Q86U90	Q86U90		YRDC		7.49809e+06	9.98838e+06	1.07236e+07	1.46164e+07	9.33506e+06	1.45901e+07	9.41447e+06	1.11564e+07
Q86UA1	Q86UA1		PRPF39		900904	2.64307e+06	1.95117e+06	3.17117e+06	772414	2.00792e+06	1.68861e+06	1.87481e+06
Q86UB9	Q86UB9		TMEM135		833024	666838	880640	749949	776016	1.32903e+06	892045	1.18224e+06
Q86UD1	Q86UD1		OAF		6.54193e+06	3.93245e+06	4.60195e+06	4.3862e+06	8.26029e+06	7.29465e+06	4.89694e+06	5.44765e+06
Q86UD4	Q86UD4		ZNF329					211099	63259.1			
Q86UE4	Q86UE4		MTDH		1.69575e+08	1.24894e+08	1.7836e+08	1.16994e+08	1.91594e+08	9.29884e+07	2.21262e+08	8.83904e+07
Q86UE8	Q86UE8		TLK2		606974	2.09939e+06	853359	1.92614e+06	780837	1.22346e+06	1.12188e+06	1.17008e+06
Q86UK7	Q86UK7		ZNF598		4.12617e+06	5.31883e+06	5.16843e+06	5.5098e+06	4.22469e+06	3.58336e+06	4.93733e+06	3.96653e+06
Q86UL3	Q86UL3		GPAT4		1.12967e+07	1.0078e+07	1.07073e+07	1.13533e+07	1.27083e+07	1.54584e+07	1.20644e+07	1.6855e+07
Q86UP2	Q86UP2		KTN1		1.04899e+08	8.69308e+07	8.72556e+07	7.81785e+07	1.11816e+08	6.28386e+07	8.77827e+07	7.52895e+07
Q86US8	Q86US8		SMG6		1.52618e+06	2.02119e+06	1.66398e+06	2.007e+06	1.42775e+06	1.69936e+06	1.65477e+06	2.00101e+06
Q86UT6	Q86UT6		NLRX1		7.50927e+06	9.0219e+06	6.65374e+06	6.27647e+06	1.06336e+07	7.49398e+06	8.72488e+06	9.16783e+06
Q86UU0	Q86UU0		BCL9L		1.79864e+06	3.48601e+06	2.18168e+06	3.35535e+06	2.2298e+06	3.69239e+06	2.46549e+06	5.03272e+06
Q86UU1	Q86UU1		PHLDB1		7.69102e+06	5.53877e+06	6.01572e+06	5.48542e+06	9.05718e+06	4.15714e+06	6.63744e+06	5.33546e+06
Q86UV5	Q86UV5		USP48		2.44423e+06	4.70636e+06	3.3976e+06	6.93717e+06	2.43833e+06	3.04355e+06	4.21736e+06	2.86791e+06
Q86UW6	Q86UW6		N4BP2		251489	312155	297484	411144	265883	203774	257901	128688
Q86UW9	Q86UW9		DTX2		598253	1.828e+06	1.11695e+06	1.66033e+06	802685	1.21674e+06	1.42642e+06	1.43687e+06
Q86UX7	Q86UX7		FERMT3		1.29851e+06	670221	1.37537e+06	1.90013e+06	950603	1.15056e+06	1.29683e+06	1.18292e+06
Q86UY6	Q86UY6		NAA40		1.87361e+06	3.01888e+06	1.95579e+06	2.50775e+06	2.61831e+06	3.14935e+06	2.66607e+06	2.27323e+06
Q86UY8	Q86UY8		NT5DC3		1.6291e+07	1.10096e+07	1.37515e+07	4.62177e+06	1.88949e+07	9.1437e+06	2.08801e+07	1.36783e+07
Q86V21	Q86V21		AACS		1.69081e+06	1.72905e+06	2.03013e+06	1.34497e+06	1.59822e+06	2.06634e+06	2.00564e+06	1.77993e+06
Q86V40	Q86V40		TRABD2A		1.79742e+07	1.97976e+07	6.2661e+06	1.85317e+07	7.32789e+06	1.06018e+07		8.88913e+06
Q86V48	Q86V48		LUZP1		1.87312e+07	1.38668e+07	1.68251e+07	1.05894e+07	1.63088e+07	1.09517e+07	1.63373e+07	1.22747e+07
Q86V81	Q86V81		ALYREF		5.29731e+06	1.27448e+07	1.0534e+07	1.71535e+07	7.80585e+06	7.60068e+06	1.26766e+07	6.53307e+06
Q86V85	Q86V85		GPR180		4.26349e+06	2.71937e+06	4.13277e+06	4.08658e+06	4.30954e+06	6.17403e+06	3.14436e+06	3.859e+06
Q86V88	Q86V88		MDP1		2.97249e+06	4.6804e+06	5.26052e+06	6.92554e+06	3.62286e+06	4.00949e+06	5.53422e+06	3.74307e+06
Q86VD7	Q86VD7		SLC25A42		693486	877373	402133	356975	869618	383814	727146	633486
Q86VE9	Q86VE9		SERINC5		1.65351e+06	1.42535e+06	1.55173e+06	1.1912e+06	2.17807e+06	2.02225e+06	1.83488e+06	2.21472e+06
Q86VI3	Q86VI3		IQGAP3		4.07927e+06	2.40362e+06	3.00689e+06	2.91709e+06	2.81377e+06	4.21665e+06	2.0638e+06	3.18852e+06
Q86VM9	Q86VM9		ZC3H18		222228	241554	178846	283796	162702	272099	203462	183240
Q86VN1	Q86VN1		VPS36		2.05639e+06	2.61403e+06	2.32843e+06	2.81917e+06	2.12361e+06	1.61477e+06	2.53198e+06	1.9502e+06
Q86VP1	Q86VP1		TAX1BP1		269486	457750	299330	403579	422228	463788	454463	686753
Q86VP6	Q86VP6		CAND1		4.37394e+07	7.99013e+07	6.29215e+07	8.99894e+07	4.73922e+07	4.62789e+07	6.03072e+07	4.14183e+07
Q86VQ1	Q86VQ1		GLCCI1		460274	216113	261822	296491	325787	326162	246940	217292
Q86VR2	Q86VR2		RETREG3		2.01123e+07	2.02005e+07	2.01595e+07	2.05415e+07	2.27936e+07	2.52171e+07	2.24464e+07	2.61349e+07
Q86VS8	Q86VS8		HOOK3		8.50626e+06	8.80127e+06	8.70094e+06	8.59259e+06	7.61108e+06	5.61816e+06	7.71049e+06	5.99877e+06
Q86VU5	Q86VU5		COMTD1		5.85118e+06	7.78659e+06	6.97571e+06	8.64291e+06	5.25281e+06	8.83599e+06	8.30998e+06	1.03029e+07
Q86VV8	Q86VV8		RTTN		3.05452e+06	2.57707e+06	3.02946e+06	2.79811e+06	3.4376e+06	2.96434e+06	3.22509e+06	3.16731e+06
Q86VW0	Q86VW0		SESTD1		1.36377e+06	1.35959e+06	1.31584e+06	1.82343e+06	1.22097e+06	1.24522e+06	1.36626e+06	1.31276e+06
Q86VX2	Q86VX2		COMMD7		5.87169e+06	4.58809e+06	4.77516e+06	3.05842e+06	6.95882e+06	3.74472e+06	5.59821e+06	4.14742e+06
Q86VX9	Q86VX9		MON1A		1.79022e+06	1.63332e+06	1.59366e+06	1.32159e+06	1.50372e+06	1.73231e+06	2.16887e+06	1.28084e+06
Q86VZ4	Q86VZ4		LRP11		836266		1.19546e+06	863997		1.26589e+06	847448	1.14255e+06
Q86VZ5	Q86VZ5		SGMS1		1.96131e+06	2.35188e+06	2.53103e+06	2.47102e+06	1.99039e+06	3.57865e+06	2.00479e+06	3.47598e+06
Q86W33	Q86W33		TPRA1		2.49286e+06	2.15486e+06	2.44629e+06	2.96626e+06	3.59711e+06	2.30701e+06	3.39632e+06	3.44413e+06
Q86W34	Q86W34		AMZ2		1.22436e+06	1.78166e+06	1.08163e+06	1.06895e+06	1.21342e+06	1.08209e+06	2.0669e+06	1.3342e+06
Q86W42	Q86W42		THOC6		2.40151e+06	3.93473e+06	3.39466e+06	3.394e+06	4.87478e+06	2.28884e+06	6.37183e+06	2.59781e+06
Q86W50	Q86W50		METTL16		2.23559e+06	5.73589e+06	3.96084e+06	5.66116e+06	2.65717e+06	3.49396e+06	3.71968e+06	3.21309e+06
Q86W56	Q86W56		PARG		1.64681e+06	2.06485e+06	1.82767e+06	2.03453e+06	1.52424e+06	1.65118e+06	1.87455e+06	1.95363e+06
Q86W74	Q86W74		ANKRD46		4.38714e+06	2.59946e+06	5.36627e+06	5.5621e+06	4.17732e+06	1.1509e+07	4.28477e+06	9.7634e+06
Q86W92	Q86W92		PPFIBP1		2.0742e+07	2.38262e+07	2.17101e+07	2.27137e+07	2.77341e+07	1.52351e+07	2.26064e+07	1.7173e+07
Q86WA6	Q86WA6		BPHL		3.95878e+07	3.44426e+07	2.57521e+07	1.67571e+07	5.75359e+07	2.44019e+07	3.39022e+07	3.50452e+07
Q86WA8	Q86WA8		LONP2		4.49228e+06	3.91552e+06	5.37689e+06	4.17638e+06	4.84707e+06	7.41646e+06	4.8808e+06	5.93381e+06
Q86WB0	Q86WB0		ZC3HC1		3.80502e+06	1.81597e+07	1.47897e+07	2.6654e+07	5.94574e+06	1.11929e+07	1.1965e+07	8.84725e+06
Q86WC4	Q86WC4		OSTM1		9.15525e+06	6.33992e+06	8.13182e+06	6.8793e+06	9.43602e+06	1.29125e+07	6.63364e+06	1.04501e+07
Q86WG5	Q86WG5		SBF2		8.28768e+06	9.56019e+06	7.71521e+06	8.71947e+06	8.01849e+06	7.17646e+06	8.85406e+06	8.13952e+06
Q86WH2	Q86WH2		RASSF3		882886	984352	1.50943e+06	1.83417e+06	945290	1.36456e+06	1.43194e+06	1.2504e+06
Q86WJ1	Q86WJ1		CHD1L		2.82821e+07	5.72685e+07	5.02404e+07	8.47997e+07	3.04897e+07	3.67452e+07	4.6425e+07	3.32673e+07
Q86WK9	Q86WK9		PAQR7		1.62773e+06	1.23866e+06	1.52605e+06	1.18746e+06	2.98103e+06	1.99143e+06	2.06442e+06	2.7937e+06
Q86WN1	Q86WN1		FCHSD1			519898		234084	258185			
Q86WQ0	Q86WQ0		NR2C2AP		898242	1.23523e+06	925357	918886	1.24434e+06	941298	1.44176e+06	1.32533e+06
Q86WR0	Q86WR0		CCDC25		3.029e+06	3.06836e+06	2.71299e+06	2.55816e+06	3.81867e+06	2.77388e+06	3.00134e+06	3.10667e+06
Q86WR7	Q86WR7		PROSER2		7.23791e+06	4.22674e+06	5.06279e+06	4.54297e+06	6.22905e+06	5.84836e+06	5.64493e+06	5.18818e+06
Q86WV6	Q86WV6		STING1		5.27168e+06	2.67144e+06	3.9574e+06	4.16862e+06	1.70674e+06	5.35059e+06	2.97452e+06	4.51143e+06
Q86WW8	Q86WW8		COA5		6.5293e+06	5.6032e+06	5.47151e+06	4.04288e+06	9.39503e+06	5.52332e+06	6.79358e+06	7.38137e+06
Q86WX3	Q86WX3		RPS19BP1		1.12637e+06	2.53837e+06	2.77322e+06	2.41876e+06	1.51631e+06	1.34121e+06	2.11094e+06	1.79851e+06
Q86X10	Q86X10		RALGAPB		5.17457e+06	7.25728e+06	5.7103e+06	6.58827e+06	5.6275e+06	4.67346e+06	5.64927e+06	4.22838e+06
Q86X52	Q86X52		CHSY1		7.47537e+06	6.20986e+06	7.25419e+06	8.13078e+06	8.62088e+06	1.02447e+07	6.57276e+06	6.8726e+06
Q86X55	Q86X55		CARM1		3.82487e+07	8.21736e+07	7.69928e+07	9.57113e+07	3.70316e+07	5.82911e+07	6.53314e+07	5.6533e+07
Q86X76	Q86X76		NIT1		7.5805e+06	4.31051e+06	5.06522e+06	2.97728e+06	7.2598e+06	2.91662e+06	5.62847e+06	3.42053e+06
Q86X83	Q86X83		COMMD2		4.64286e+06	7.79029e+06	6.03139e+06	7.64786e+06	4.56517e+06	7.55498e+06	5.17267e+06	6.1127e+06
Q86XA9	Q86XA9		HEATR5A			457024	518984	505999		259432	392709	282631
Q86XE3	Q86XE3		MICU3		497005	358614	414649	306534	517875	430328	400376	
Q86XI2	Q86XI2		NCAPG2		1.24105e+06	3.27239e+06	2.05021e+06	3.18801e+06	1.89888e+06	3.30403e+06	2.17643e+06	2.85164e+06
Q86XK2	Q86XK2		FBXO11		4.87159e+07	4.52531e+07	4.31263e+07	5.22832e+07	5.79799e+07	5.88998e+07	6.11173e+07	6.35446e+07
Q86XL3	Q86XL3		ANKLE2		8.19631e+06	8.10945e+06	9.27657e+06	8.44528e+06	9.68944e+06	7.97388e+06	9.63735e+06	8.90991e+06
Q86XP0	Q86XP0		PLA2G4D			3.38807e+06		329889			360247	
Q86XP1	Q86XP1		DGKH		1.17206e+06	1.53355e+06	1.20677e+06	1.75157e+06	1.22042e+06	1.30745e+06	1.43848e+06	1.6196e+06
Q86XP3	Q86XP3		DDX42		6.84475e+06	1.08299e+07	1.20665e+07	1.99598e+07	8.24974e+06	8.02457e+06	1.05357e+07	6.2608e+06
Q86XR8	Q86XR8		CEP57		2.60825e+06	2.21409e+06	2.16754e+06	2.13338e+06	3.13312e+06	3.6401e+06	2.24456e+06	3.86122e+06
Q86XS8	Q86XS8		RNF130		1.20747e+06	1.16628e+06	1.36463e+06	1.0868e+06	1.31872e+06	2.71222e+06	1.46086e+06	2.8253e+06
Q86XT9	Q86XT9		TMEM219		1.51984e+06	1.39826e+06	1.54337e+06	1.47488e+06	1.64117e+06	1.88738e+06	1.66609e+06	1.9564e+06
Q86XX4	Q86XX4		FRAS1		1.50512e+06	889096	1.62307e+06	977751	1.60495e+06	1.61322e+06	1.51349e+06	1.31413e+06
Q86XZ4	Q86XZ4		SPATS2		3.85905e+06	3.27707e+06	3.59139e+06	3.36637e+06	4.42076e+06	1.91272e+06	4.27739e+06	1.95677e+06
Q86Y07	Q86Y07		VRK2		8.72126e+06	7.31497e+06	9.20148e+06	8.84023e+06	7.8239e+06	1.71274e+07	7.63361e+06	1.37674e+07
Q86Y13	Q86Y13		DZIP3		1.11173e+06	1.20544e+06	1.60902e+06	1.78578e+06	1.07509e+06	1.11745e+06	1.77194e+06	928622
Q86Y37	Q86Y37		CACUL1		1.58131e+06	3.84952e+06	3.47949e+06	5.76654e+06	1.70342e+06	3.04286e+06	2.73063e+06	2.44712e+06
Q86Y38	Q86Y38		XYLT1				324828		425764	308252	230944	
Q86Y39	Q86Y39		NDUFA11		6.31966e+07	5.6155e+07	6.44425e+07	6.43486e+07	4.89402e+07	9.23048e+07	5.39646e+07	9.54345e+07
Q86Y46	Q86Y46		KRT73		1.21603e+06	262398	1.10288e+06	80720.2		1.26016e+06		
Q86Y56	Q86Y56		DNAAF5		6.67592e+06	1.50813e+07	1.53739e+07	2.43025e+07	7.21568e+06	1.38416e+07	1.40236e+07	1.30491e+07
Q86Y79	Q86Y79		PTRH1		3.50697e+07	2.57733e+07	2.18231e+07	1.13558e+07	5.0977e+07	2.06257e+07	2.84504e+07	2.69054e+07
Q86Y82	Q86Y82		STX12		2.72323e+07	2.54445e+07	2.76127e+07	2.57076e+07	2.46455e+07	3.04801e+07	2.60308e+07	2.76443e+07
Q86YB8	Q86YB8		ERO1B		6.62834e+06	2.28588e+06	5.66029e+06	3.02859e+06	7.07064e+06	3.52199e+06	4.05362e+06	1.65596e+06
Q86YC3	Q86YC3		NRROS		698378	1.74204e+06	1.35194e+06	1.02818e+06	568742	1.27446e+06	1.04837e+06	1.06085e+06
Q86YD5	Q86YD5		LDLRAD3		1.15898e+06	1.14137e+06	1.34535e+06	971064	1.72749e+06	1.53056e+06	1.48072e+06	1.56041e+06
Q86YH6	Q86YH6		PDSS2		1.69098e+07	1.32673e+07	1.50349e+07	1.10885e+07	1.59917e+07	1.73261e+07	1.60443e+07	1.82204e+07
Q86YL7	Q86YL7		PDPN		2.90316e+06	3.65215e+06	3.47179e+06	3.13294e+06	2.93704e+06	4.59309e+06	2.94541e+06	2.55141e+06
Q86YM7	Q86YM7		HOMER1		3.848e+06	2.91298e+06	3.33337e+06	3.40988e+06	4.30979e+06	2.45755e+06	4.06074e+06	2.52609e+06
Q86YN1	Q86YN1		DOLPP1		1.30408e+07	1.49285e+07	1.41929e+07	1.42681e+07	1.40638e+07	2.25408e+07	1.4394e+07	2.53841e+07
Q86YP4	Q86YP4		GATAD2A		515974	902942	591118	750821	610659	472676	798210	494380
Q86YQ8	Q86YQ8		CPNE8		1.21008e+07	1.33634e+07	1.4464e+07	1.50702e+07	1.1054e+07	1.77358e+07	1.42709e+07	1.56551e+07
Q86YR5	Q86YR5		GPSM1		1.53956e+06	1.94977e+06	1.77183e+06	1.84226e+06	1.56625e+06	1.6494e+06	1.78888e+06	1.80486e+06
Q86YS6	Q86YS6		RAB43		1.85001e+07	1.72946e+07	1.8772e+07	1.77122e+07	1.87537e+07	3.01245e+07	1.82829e+07	2.455e+07
Q86YS7	Q86YS7		C2CD5		3.80484e+07	3.00682e+07	3.83836e+07	2.77407e+07	3.39426e+07	2.75774e+07	3.87889e+07	3.3048e+07
Q86YT6	Q86YT6		MIB1		1.56187e+06	1.57984e+06	1.61127e+06	1.87013e+06	1.42497e+06	1.58943e+06	1.4165e+06	1.61644e+06
Q86YV5	Q86YV5		PRAG1		1.63818e+06	2.02717e+06	1.8898e+06	1.65338e+06	1.55941e+06	1.60465e+06	1.62176e+06	1.72953e+06
Q86YV9	Q86YV9		HPS6		3.75964e+06	4.48937e+06	4.78501e+06	6.24572e+06	3.45162e+06	4.39759e+06	4.24483e+06	3.89876e+06
Q86YZ3	Q86YZ3		HRNR		3.1312e+06	4.60647e+06	3.41271e+06	6.88454e+06	3.43667e+06	2.32e+06	8.38781e+06	2.50882e+06
Q86Z23	Q86Z23		C1QL4		342086	212613	471263	459820		1.04904e+06	383017	569125
Q8IU60	Q8IU60		DCP2		997665	1.83682e+06	1.70664e+06	2.39163e+06	1.10254e+06	632002	1.3369e+06	618563
Q8IU81	Q8IU81		IRF2BP1		1.78266e+06	5.04718e+06	2.42483e+06	4.60381e+06	2.62867e+06	3.01011e+06	2.88297e+06	3.59609e+06
Q8IU85	Q8IU85		CAMK1D		1.67759e+06	2.01743e+06	1.84235e+06	1.54056e+06	1.95561e+06	1.44003e+06	1.37475e+06	1.52209e+06
Q8IUC4	Q8IUC4		RHPN2		6.06052e+06	3.95555e+06	5.65767e+06	6.0368e+06	5.42624e+06	6.7369e+06	5.18932e+06	5.26619e+06
Q8IUD2	Q8IUD2		ERC1		6.58579e+06	5.98115e+06	5.89324e+06	5.83747e+06	8.43158e+06	4.78886e+06	6.19884e+06	5.89385e+06
Q8IUE6	Q8IUE6		H2AC21		2.28799e+07	7.69783e+07	4.47795e+07	1.03656e+08	4.01831e+07	3.48145e+07	8.08029e+07	2.5399e+07
Q8IUF1	Q8IUF1		ZNG1B		6.10594e+06	1.18787e+07	9.14132e+06	1.13329e+07	7.36162e+06	8.98648e+06	9.03259e+06	1.06314e+07
Q8IUF8	Q8IUF8		RIOX2		6.68442e+06	1.46084e+07	1.18772e+07	1.64311e+07	1.11979e+07	9.2503e+06	1.40883e+07	8.67192e+06
Q8IUH4	Q8IUH4		ZDHHC13		1.852e+07	2.77057e+07	2.08332e+07	2.55436e+07	2.70217e+07	2.88541e+07	2.68734e+07	2.63722e+07
Q8IUH5	Q8IUH5		ZDHHC17		1.30705e+07	1.13474e+07	1.21515e+07	1.08959e+07	1.41131e+07	1.54613e+07	1.35539e+07	1.95429e+07
Q8IUI8	Q8IUI8		CRLF3		1.47283e+06	2.03547e+06	1.66902e+06	1.70484e+06	1.46399e+06	1.39757e+06	2.00574e+06	2.06515e+06
Q8IUR0	Q8IUR0		TRAPPC5		2.67045e+07	3.16565e+07	2.89026e+07	2.75085e+07	2.61669e+07	3.5145e+07	2.80108e+07	3.43806e+07
Q8IUR7	Q8IUR7		ARMC8		4.28108e+06	6.37231e+06	6.15752e+06	9.58918e+06	4.5753e+06	5.57317e+06	5.417e+06	4.49568e+06
Q8IUS5	Q8IUS5		EPHX4		3.83678e+06	3.11723e+06	4.17432e+06	5.05628e+06	3.96106e+06	6.29985e+06	3.53236e+06	4.75711e+06
Q8IUW5	Q8IUW5		RELL1		7.02534e+06	6.13835e+06	6.73595e+06	5.42058e+06	7.39372e+06	8.45256e+06	7.95422e+06	8.73684e+06
Q8IUX1	Q8IUX1		TMEM126B		1.39155e+07	1.70189e+07	1.42982e+07	1.57411e+07	2.51854e+07	2.05048e+07	1.8621e+07	2.48716e+07
Q8IUX4	Q8IUX4		APOBEC3F		7.22477e+06	3.97376e+06	6.11501e+06	4.16913e+06	5.76393e+06	2.30311e+06	5.1383e+06	2.41816e+06
Q8IUX7	Q8IUX7		AEBP1		1.65018e+07	5.74389e+06	1.45854e+07	1.03865e+07	1.46176e+07	1.47588e+07	9.74068e+06	6.69072e+06
Q8IV08	Q8IV08		PLD3		1.04955e+07	1.27507e+07	1.44043e+07	9.23222e+06	1.01358e+07	1.17684e+07	1.70504e+07	1.42107e+07
Q8IV36	Q8IV36		HID1		2.19791e+06	1.43181e+06	1.97528e+06	1.47643e+06	1.78535e+06	691809	1.445e+06	602070
Q8IV38	Q8IV38		ANKMY2		3.78904e+06	5.38069e+06	5.23228e+06	6.72222e+06	3.30568e+06	4.48337e+06	5.24152e+06	5.63924e+06
Q8IV48	Q8IV48		ERI1		4.90028e+06	7.26177e+06	6.30917e+06	7.32238e+06	5.90729e+06	4.32787e+06	7.79402e+06	4.81637e+06
Q8IV50	Q8IV50		LYSMD2		2.42226e+06	2.97842e+06	2.84429e+06	2.75983e+06	2.51017e+06	2.45671e+06	2.79825e+06	
Q8IV63	Q8IV63		VRK3		223697	987863	255788	1.1365e+06		587953	325344	985107
Q8IV77	Q8IV77		CNGA4									5.47411e+06
Q8IVB5	Q8IVB5		LIX1L		2.46195e+06	2.65297e+06	2.84699e+06	3.5283e+06	2.42494e+06	3.81755e+06	2.9426e+06	4.50878e+06
Q8IVD9	Q8IVD9		NUDCD3		5.95152e+06	1.08519e+07	1.04544e+07	1.3505e+07	5.93659e+06	7.44251e+06	8.92626e+06	6.97416e+06
Q8IVF2	Q8IVF2		AHNAK2		5.45237e+07	2.64249e+07	4.78037e+07	3.70864e+07	4.18264e+07	3.14167e+07	4.56836e+07	2.58092e+07
Q8IVF7	Q8IVF7		FMNL3		9.29694e+06	7.58795e+06	8.56003e+06	7.93972e+06	7.86749e+06	8.40777e+06	6.93227e+06	7.80309e+06
Q8IVH4	Q8IVH4		MMAA		4.37443e+06	4.14511e+06	3.84762e+06	2.11349e+06	7.54081e+06	3.12466e+06	5.37086e+06	4.64816e+06
Q8IVH8	Q8IVH8		MAP4K3		2.0853e+06	1.95468e+06	2.07666e+06	2.05884e+06	1.8867e+06	1.97752e+06	1.76047e+06	1.76012e+06
Q8IVJ1	Q8IVJ1		SLC41A1		424122	535940	591170	510725	481887	769441	601076	778204
Q8IVL5	Q8IVL5		P3H2		5.88595e+06	2.84505e+06	6.30188e+06	2.94301e+06	4.2305e+06	9.3357e+06	4.52523e+06	8.07907e+06
Q8IVL6	Q8IVL6		P3H3		2.75588e+07	7.60782e+06	2.33229e+07	1.74117e+07	2.52497e+07	2.88019e+07	2.18374e+07	2.02648e+07
Q8IVM0	Q8IVM0		CCDC50		1.14163e+07	6.10226e+06	6.47099e+06	7.30642e+06	9.50174e+06	1.07382e+07	7.04026e+06	9.6189e+06
Q8IVP5	Q8IVP5		FUNDC1		2.65569e+06	2.31744e+06	2.29527e+06	1.73378e+06	4.29832e+06	2.93647e+06	2.7165e+06	4.4151e+06
Q8IVQ6	Q8IVQ6		ZDHHC21		5.7779e+06	8.12186e+06	5.75558e+06	7.04356e+06	1.13816e+07	1.01599e+07	8.3195e+06	1.09209e+07
Q8IVS2	Q8IVS2		MCAT		1.83474e+07	1.36757e+07	1.48113e+07	6.69144e+06	2.55522e+07	1.20642e+07	2.15422e+07	1.89567e+07
Q8IVS8	Q8IVS8		GLYCTK		1.29294e+06	1.54574e+06	1.15134e+06	1.11824e+06	1.8408e+06	1.40908e+06	1.52144e+06	1.88606e+06
Q8IVT5	Q8IVT5		KSR1		330291	306330		318859	382833	214877	301182	263231
Q8IW35	Q8IW35		CEP97		8.54074e+06	1.09796e+07	1.04767e+07	1.22268e+07	8.81357e+06	1.07777e+07	8.75136e+06	9.49944e+06
Q8IW45	Q8IW45		NAXD		1.8522e+07	1.30475e+07	1.40976e+07	1.16897e+07	2.03066e+07	1.29883e+07	1.68411e+07	1.58268e+07
Q8IW50	Q8IW50		FAM219A		1.82836e+07	1.2702e+07	1.18041e+07	9.63339e+06	1.96709e+07	9.63744e+06	1.41236e+07	9.19136e+06
Q8IW92	Q8IW92		GLB1L2		4.28456e+06	5.42359e+06	4.8939e+06	4.3243e+06	6.00084e+06	6.02717e+06	5.27082e+06	6.38978e+06
Q8IWA0	Q8IWA0		WDR75		2.94643e+06	5.23777e+06	4.65979e+06	7.05932e+06	4.69231e+06	4.7178e+06	5.4676e+06	3.93774e+06
Q8IWA4	Q8IWA4		MFN1		2.31089e+07	1.99551e+07	2.04767e+07	2.05808e+07	2.65709e+07	2.62334e+07	1.96236e+07	2.20668e+07
Q8IWA5	Q8IWA5		SLC44A2		6.53913e+06	3.3841e+06	5.24851e+06	3.49015e+06	4.31478e+06	4.63011e+06	4.73123e+06	4.40464e+06
Q8IWB1	Q8IWB1		ITPRIP		1.98493e+07	1.83362e+07	2.39258e+07	2.74129e+07	1.55808e+07	4.00067e+07	2.25971e+07	3.38226e+07
Q8IWB7	Q8IWB7		WDFY1		1.84374e+07	1.2502e+07	2.18545e+07	2.20163e+07	1.51518e+07	2.0083e+07	1.85333e+07	1.55867e+07
Q8IWB9	Q8IWB9		TEX2		3.43184e+06	3.24241e+06	3.58777e+06	2.96929e+06	4.35588e+06	4.59287e+06	4.08082e+06	4.99551e+06
Q8IWC1	Q8IWC1		MAP7D3		1.04016e+06	1.22914e+06	942762	908752	1.08079e+06		1.17016e+06	792762
Q8IWE2	Q8IWE2		FAM114A1		2.49891e+06	2.20768e+06	2.681e+06	2.75686e+06	1.92713e+06	1.8686e+06	2.46493e+06	1.61407e+06
Q8IWE4	Q8IWE4		DCUN1D3		1.02655e+07	6.44611e+06	9.34602e+06	8.07361e+06	7.30732e+06	1.12753e+07	7.32614e+06	8.14525e+06
Q8IWE5	Q8IWE5		PLEKHM2		83559.4	46438	100288	65671.5	53251.6	34442.2	98624.1	59288.7
Q8IWF6	Q8IWF6		DENND6A		818840	600098	764404	868925	911688	542316	650965	629303
Q8IWJ2	Q8IWJ2		GCC2		1.68425e+06	1.56819e+06	2.00999e+06	1.53521e+06	1.46388e+06	1.26849e+06	1.8472e+06	1.3006e+06
Q8IWK6	Q8IWK6		ADGRA3		4.52516e+06	4.03034e+06	4.78536e+06	3.64127e+06	4.90564e+06	6.51162e+06	4.91665e+06	6.69202e+06
Q8IWL3	Q8IWL3		HSCB		6.32421e+06	4.34464e+06	5.97131e+06	2.60243e+06	8.81396e+06	3.20502e+06	6.95516e+06	4.30592e+06
Q8IWP9	Q8IWP9		CCDC28A		1.40266e+06	1.19364e+06	878453		879183			814529
Q8IWQ3	Q8IWQ3		BRSK2		825611	953574	1.12986e+06	1.11881e+06	940112	890774	1.05268e+06	819289
Q8IWR0	Q8IWR0		ZC3H7A		7.61322e+06	7.05125e+06	8.4538e+06	8.42138e+06	8.33184e+06	6.90678e+06	9.00587e+06	7.61962e+06
Q8IWR1	Q8IWR1		TRIM59		727116	897170	1.06614e+06	1.15012e+06	999378	2.98584e+06	1.09859e+06	2.50055e+06
Q8IWS0	Q8IWS0		PHF6		5.60981e+06	7.57025e+06	9.2977e+06	1.33777e+07	6.63767e+06	7.75912e+06	1.13293e+07	7.46888e+06
Q8IWT3	Q8IWT3		CUL9		258534	555011	286277	297019	351475	282003	402933	400178
Q8IWT6	Q8IWT6		LRRC8A		1.82955e+07	1.72211e+07	1.70167e+07	1.78336e+07	1.73087e+07	2.45799e+07	1.62658e+07	2.13609e+07
Q8IWU2	Q8IWU2		LMTK2		6.5939e+06	6.0654e+06	6.3627e+06	5.36448e+06	6.33575e+06	5.17173e+06	5.99758e+06	5.10643e+06
Q8IWU5	Q8IWU5		SULF2		608883	258625	445241	229031	307371	415939	346257	417842
Q8IWV2	Q8IWV2		CNTN4		1.90764e+06	2.22628e+06	2.31988e+06	1.74829e+06	1.60424e+06	3.79351e+06	1.95088e+06	4.81995e+06
Q8IWV7	Q8IWV7		UBR1		3.04429e+06	5.26206e+06	4.93298e+06	7.87406e+06	2.87097e+06	4.16042e+06	4.03064e+06	3.41442e+06
Q8IWV8	Q8IWV8		UBR2		4.01173e+06	4.0351e+06	4.40141e+06	4.19974e+06	3.13652e+06	3.82646e+06	3.78734e+06	3.56734e+06
Q8IWW6	Q8IWW6		ARHGAP12		3.99946e+06	3.53386e+06	4.08575e+06	4.88043e+06	3.93285e+06	3.57268e+06	4.37912e+06	3.29354e+06
Q8IWX8	Q8IWX8		CHERP		2.94873e+06	6.6953e+06	4.91852e+06	8.23886e+06	3.54841e+06	4.68433e+06	4.74967e+06	3.8728e+06
Q8IWY9	Q8IWY9		CDAN1		138963	241172	167672	313673	77991.8	125025	115949	96236
Q8IWZ3	Q8IWZ3		ANKHD1		8.37744e+07	1.06923e+08	9.67473e+07	8.94658e+07	9.44601e+07	7.0836e+07	1.08606e+08	7.70257e+07
Q8IX01	Q8IX01		SUGP2		1.97327e+06	3.79635e+06	2.8239e+06	4.31186e+06	2.99012e+06	1.45492e+06	3.38297e+06	1.65503e+06
Q8IX04	Q8IX04		UEVLD		3.50491e+06	5.09992e+06	4.35124e+06	5.09326e+06	3.61774e+06	4.3003e+06	3.79042e+06	3.99035e+06
Q8IX05	Q8IX05		CD302		784117	1.70462e+06	1.26485e+06	1.0589e+06	1.03244e+06	1.64912e+06	1.90037e+06	2.2323e+06
Q8IX12	Q8IX12		CCAR1		3.02701e+06	4.08653e+06	3.46403e+06	3.84019e+06	2.72132e+06	3.03333e+06	3.32178e+06	3.04627e+06
Q8IX18	Q8IX18		DHX40		7.90428e+06	1.41227e+07	1.06169e+07	1.42304e+07	7.90036e+06	9.77944e+06	9.10179e+06	1.37224e+07
Q8IX30	Q8IX30		SCUBE3		6.70229e+06	4.12023e+06	4.41573e+06	3.34812e+06	8.30549e+06	3.83957e+06	4.26024e+06	2.74288e+06
Q8IXB1	Q8IXB1		DNAJC10		2.74535e+07	2.88058e+07	2.55563e+07	2.38997e+07	2.84032e+07	3.25691e+07	2.59786e+07	2.98578e+07
Q8IXH6	Q8IXH6		TP53INP2		1.08813e+06	755775	1.67831e+06	1.32345e+06	553287	320808	1.57919e+06	276575
Q8IXH7	Q8IXH7		NELFCD		1.21259e+08	3.44145e+08	2.61637e+08	3.9015e+08	1.64719e+08	1.88702e+08	2.15074e+08	1.65266e+08
Q8IXI1	Q8IXI1		RHOT2		3.56028e+07	4.5958e+07	3.9595e+07	3.85921e+07	4.4063e+07	5.09198e+07	4.39636e+07	5.90759e+07
Q8IXI2	Q8IXI2		RHOT1		1.64709e+07	1.98225e+07	1.61e+07	1.52362e+07	2.06647e+07	1.97303e+07	1.82855e+07	2.12377e+07
Q8IXJ6	Q8IXJ6		SIRT2		1.60359e+06	2.00057e+06	1.93289e+06	1.71202e+06	1.36128e+06	1.5772e+06	1.97362e+06	1.53719e+06
Q8IXK0	Q8IXK0		PHC2		2.05908e+06	4.39647e+06	3.32635e+06	5.80478e+06	3.39442e+06	2.35314e+06	3.40843e+06	2.43207e+06
Q8IXL6	Q8IXL6		FAM20C		2.35311e+07	5.20833e+07	2.64542e+07	2.72839e+07	2.42082e+07	1.70722e+07	3.38917e+07	2.47238e+07
Q8IXL7	Q8IXL7		MSRB3		340102	415476	407328	350821	402437	392888	550824	479293
Q8IXM2	Q8IXM2		BACC1		7.75794e+06	2.15951e+07	1.23158e+07	1.70295e+07	1.21182e+07	9.65431e+06	1.32802e+07	1.00275e+07
Q8IXM3	Q8IXM3		MRPL41		5.28308e+07	3.90658e+07	4.31533e+07	2.68553e+07	7.78e+07	4.50131e+07	5.89489e+07	5.65501e+07
Q8IXM6	Q8IXM6		NRM		1.52794e+07	1.54158e+07	1.2671e+07	1.89777e+07	1.16249e+07	2.65156e+07	1.65163e+07	2.51824e+07
Q8IXQ5	Q8IXQ5		KLHL7		485375	708922	713713	794547	481234	673230	648440	521297
Q8IXS8	Q8IXS8		HYCC2		6.81244e+06	7.1202e+06	8.78343e+06	6.47516e+06	8.54561e+06	7.84846e+06	6.37667e+06	9.03025e+06
Q8IXT5	Q8IXT5		RBM12B		776419	1.7585e+06	1.47774e+06	1.5812e+06	1.31147e+06	823800	1.99444e+06	894655
Q8IXU6	Q8IXU6		SLC35F2		3.81661e+06	3.92172e+06	4.32428e+06	4.42569e+06	4.74451e+06	6.1795e+06	3.9617e+06	6.10375e+06
Q8IXW5	Q8IXW5		RPAP2		475886		469111	381999	372387	504197	363296	
Q8IY17	Q8IY17		PNPLA6		1.58184e+07	2.09371e+07	1.35565e+07	1.17768e+07	2.12567e+07	1.29655e+07	1.55813e+07	1.50582e+07
Q8IY18	Q8IY18		SMC5		895481	2.67631e+06	1.61382e+06	3.11933e+06	1.26828e+06	1.69728e+06	1.98278e+06	1.44156e+06
Q8IY21	Q8IY21		DDX60		544061	869305	619533	555790	1.20397e+06		596634	411849
Q8IY22	Q8IY22		CMIP		1.85099e+06	1.80575e+06	1.63813e+06	1.43713e+06	1.49339e+06	2.13616e+06	1.55961e+06	1.62927e+06
Q8IY26	Q8IY26		PLPP6		2.69256e+06	3.57243e+06	2.76228e+06	2.95737e+06	3.16967e+06	2.64055e+06	3.24052e+06	3.62109e+06
Q8IY33	Q8IY33		MICALL2		2.10265e+07	1.71656e+07	1.6432e+07	1.53857e+07	1.67968e+07	1.40468e+07	1.5071e+07	1.53701e+07
Q8IY37	Q8IY37		DHX37			941416	471527	867171	430108	758266	606225	888926
Q8IY47	Q8IY47		KBTBD2		1.76963e+07	2.71353e+07	2.43922e+07	3.37891e+07	1.83251e+07	2.52107e+07	2.21631e+07	2.12567e+07
Q8IY57	Q8IY57		YAF2		1.07599e+06	1.59094e+06	1.49719e+06	1.68367e+06	1.42296e+06	1.44223e+06	1.81894e+06	597351
Q8IY63	Q8IY63		AMOTL1		1.12353e+07	9.05542e+06	9.23734e+06	7.61059e+06	1.17304e+07	4.72186e+06	1.01489e+07	5.79199e+06
Q8IY67	Q8IY67		RAVER1		7.71638e+06	2.06459e+07	1.50687e+07	2.75628e+07	9.22885e+06	1.54155e+07	1.53173e+07	1.5993e+07
Q8IY81	Q8IY81		FTSJ3		1.0648e+07	1.90279e+07	1.16903e+07	1.97902e+07	1.57953e+07	5.77378e+06	1.84081e+07	8.38506e+06
Q8IY95	Q8IY95		TMEM192		1.79444e+07	1.80986e+07	1.75589e+07	1.09814e+07	2.33567e+07	2.41184e+07	2.09805e+07	2.32456e+07
Q8IYA6	Q8IYA6		CKAP2L		881062	689224	828304	723332	980785	806007	875289	638926
Q8IYB1	Q8IYB1		MB21D2		3.50255e+06	4.21059e+06	4.67191e+06	5.64164e+06	3.81777e+06	5.95105e+06	4.85816e+06	5.21944e+06
Q8IYB3	Q8IYB3		SRRM1		5.899e+06	8.73409e+06	7.66776e+06	9.68549e+06	8.52592e+06	5.78497e+06	8.68854e+06	6.83733e+06
Q8IYB5	Q8IYB5		SMAP1		6.40836e+06	8.29001e+06	7.85588e+06	7.87458e+06	7.3405e+06	7.97184e+06	7.61619e+06	6.92149e+06
Q8IYB7	Q8IYB7		DIS3L2		3.86158e+06	4.63581e+06	4.1119e+06	3.6999e+06	3.8606e+06	2.9396e+06	4.41792e+06	3.67793e+06
Q8IYB8	Q8IYB8		SUPV3L1		6.47557e+07	4.5914e+07	6.56812e+07	3.68235e+07	6.88797e+07	4.94618e+07	6.50212e+07	4.96929e+07
Q8IYD1	Q8IYD1		GSPT2		5.58856e+06	5.93434e+06	5.04755e+06	5.94023e+06	5.19355e+06	4.74302e+06	6.04066e+06	4.02027e+06
Q8IYI6	Q8IYI6		EXOC8		6.80446e+06	6.47311e+06	6.814e+06	7.81468e+06	6.84556e+06	4.57243e+06	6.03217e+06	4.24189e+06
Q8IYK4	Q8IYK4		COLGALT2		3.47196e+06	2.01772e+06	3.27577e+06	2.44596e+06	4.15715e+06	3.02846e+06	3.63295e+06	3.19012e+06
Q8IYP9	Q8IYP9		ZDHHC23			1.44402e+06	1.06574e+06	902466	1.2406e+06	1.452e+06	1.21375e+06	1.24818e+06
Q8IYQ7	Q8IYQ7		THNSL1		2.48079e+07	1.42567e+07	2.34323e+07	9.15614e+06	3.31155e+07	1.03095e+07	3.36422e+07	1.44819e+07
Q8IYR2	Q8IYR2		SMYD4			531225	407103	648330		534204	373135	613378
Q8IYR6	Q8IYR6		TMEFF1		802912	627932	606292	571787	852567	875848	723243	775155
Q8IYS0	Q8IYS0		GRAMD1C		3.63408e+06	4.42441e+06	5.27776e+06	5.5407e+06	4.11398e+06	6.0976e+06	6.59647e+06	6.82765e+06
Q8IYS1	Q8IYS1		PM20D2		3.22323e+06	3.34502e+06	4.47315e+06	3.48154e+06	2.38577e+06	3.83523e+06	3.83606e+06	3.56378e+06
Q8IYS2	Q8IYS2		KIAA2013		1.26144e+07	1.13356e+07	1.35009e+07	1.36138e+07	1.4865e+07	2.14287e+07	1.34441e+07	1.72482e+07
Q8IYS5	Q8IYS5		OSCAR		2.49582e+06	1.24487e+06	2.82152e+06	2.78289e+06	941156	1.09775e+06	1.6808e+06	
Q8IYT2	Q8IYT2		CMTR2		405085	503938	371482	460817	307480	460911	418156	527092
Q8IYU8	Q8IYU8		MICU2		1.3218e+07	1.47697e+07	1.30383e+07	1.31952e+07	1.59012e+07	1.91965e+07	1.47826e+07	2.17671e+07
Q8IYW5	Q8IYW5		RNF168		152750	458733	237590	592815	175601	313750	282089	338306
Q8IZ07	Q8IZ07		ANKRD13A		1.65124e+06	1.78194e+06	1.76913e+06	2.01595e+06	1.57844e+06	1.80063e+06	1.99647e+06	2.05203e+06
Q8IZ13	Q8IZ13		FAM200C		1.71118e+06	3.56748e+06	2.66817e+06	2.9923e+06	2.0121e+06	2.13935e+06	3.34463e+06	2.49455e+06
Q8IZ21	Q8IZ21		PHACTR4		2.96226e+07	2.53154e+07	1.99807e+07	1.33265e+07	3.50605e+07	2.37775e+07	2.53772e+07	2.24623e+07
Q8IZ52	Q8IZ52		CHPF		9.06468e+06	7.35611e+06	8.53584e+06	9.97867e+06	1.12601e+07	1.28306e+07	8.55408e+06	1.02894e+07
Q8IZ69	Q8IZ69		TRMT2A		1.09316e+06	2.50008e+06	2.03396e+06	2.37673e+06	1.30454e+06	1.58101e+06	2.00696e+06	1.72348e+06
Q8IZ73	Q8IZ73		RPUSD2		1.89064e+06	1.95062e+06	2.14915e+06	1.80025e+06	2.12204e+06	2.05641e+06	1.8973e+06	1.93774e+06
Q8IZ81	Q8IZ81		ELMOD2		2.15775e+07	2.96101e+07	2.07598e+07	2.1239e+07	2.9526e+07	2.95824e+07	2.65886e+07	3.37597e+07
Q8IZ83	Q8IZ83		ALDH16A1		7.45615e+06	1.01239e+07	7.33879e+06	7.04193e+06	8.272e+06	7.7719e+06	8.20881e+06	9.69123e+06
Q8IZA0	Q8IZA0		KIAA0319L		3.49122e+07	3.59214e+07	3.37684e+07	3.60066e+07	3.55699e+07	3.87366e+07	3.57035e+07	3.82821e+07
Q8IZD4	Q8IZD4		DCP1B		3.34162e+06	2.32396e+06	3.27476e+06	2.36464e+06	3.89898e+06	4.11183e+06	3.17254e+06	4.26257e+06
Q8IZH2	Q8IZH2		XRN1		1.30923e+07	1.20317e+07	1.28842e+07	1.26882e+07	1.23435e+07	7.55938e+06	1.33965e+07	8.26093e+06
Q8IZL8	Q8IZL8		PELP1		4.03288e+06	1.00767e+07	5.9966e+06	1.44623e+07	4.9968e+06	5.72773e+06	7.43328e+06	5.66094e+06
Q8IZM8	Q8IZM8		ZNF654			554945	712417	1.01467e+06	532740	1.05398e+06	564604	800062
Q8IZN3	Q8IZN3		ZDHHC14		1.31129e+06	719198	1.15484e+06	967420	869236	1.56451e+06	1.08892e+06	1.42221e+06
Q8IZP0	Q8IZP0		ABI1		2.69605e+07	2.0451e+07	2.52662e+07	2.25616e+07	1.98409e+07	2.40134e+07	2.1538e+07	1.9306e+07
Q8IZR5	Q8IZR5		CMTM4		3.00516e+06	1.34703e+06	2.79142e+06	1.76058e+06	2.97587e+06	3.59753e+06	1.90532e+06	1.74839e+06
Q8IZT6	Q8IZT6		ASPM		9.2917e+06	1.15685e+07	9.6589e+06	1.44843e+07	9.62667e+06	1.31461e+07	8.98576e+06	1.04206e+07
Q8IZV2	Q8IZV2		CMTM8		4.16276e+06	3.78663e+06	4.69915e+06	4.27992e+06	6.74573e+06	5.22241e+06	4.45596e+06	5.87848e+06
Q8IZV5	Q8IZV5		RDH10		1.22094e+07	1.66559e+07	1.39395e+07	1.63916e+07	2.27123e+07	2.54054e+07	1.72807e+07	1.78926e+07
Q8N0U4	Q8N0U4		FAM185A		4.9396e+06	3.70226e+06	2.81612e+06	2.86215e+06	3.25782e+06	3.31064e+06	3.73255e+06	3.36567e+06
Q8N0U8	Q8N0U8		VKORC1L1		3.18849e+07	4.17151e+07	4.29771e+07	4.07114e+07	4.54147e+07	6.65688e+07	3.94751e+07	6.2229e+07
Q8N0V3	Q8N0V3		RBFA		1.03328e+07	8.43041e+06	6.49466e+06	4.8565e+06	1.35989e+07	5.44823e+06	1.02387e+07	8.61059e+06
Q8N0W4	Q8N0W4		NLGN4X		613308	424131	746393	671790	674314	1.05083e+06	786114	1.37655e+06
Q8N0X4	Q8N0X4		CLYBL		5.06183e+07	4.19653e+07	3.64056e+07	1.58544e+07	6.49833e+07	1.94905e+07	5.14796e+07	3.70819e+07
Q8N0X7	Q8N0X7		SPART		6.87968e+06	9.17204e+06	1.14882e+07	1.20565e+07	7.08678e+06	9.21914e+06	9.98919e+06	6.66921e+06
Q8N0Z3	Q8N0Z3		SPICE1		4.09515e+06	3.51798e+06	4.20889e+06	4.28066e+06	6.37989e+06	2.26499e+06	4.84554e+06	2.47707e+06
Q8N0Z6	Q8N0Z6		TTC5		831426	1.37752e+06	1.67863e+06	2.14257e+06	871503	1.47683e+06	1.36281e+06	1.16779e+06
Q8N0Z8	Q8N0Z8		PUSL1		7.08042e+06	3.29046e+06	5.47559e+06	2.71039e+06	5.53719e+06	5.12523e+06	5.12368e+06	4.74568e+06
Q8N111	Q8N111		CEND1		382899	3.74033e+06	257708	189705	2.21404e+06	299914	1.97421e+06	3.81708e+06
Q8N122	Q8N122		RPTOR		1.93285e+07	2.34084e+07	1.94117e+07	2.09797e+07	2.08485e+07	1.80567e+07	2.34539e+07	2.10946e+07
Q8N128	Q8N128		FAM177A1		8.98709e+06	7.87146e+06	1.1421e+07	1.05924e+07	9.28067e+06	1.41227e+07	8.64263e+06	1.06578e+07
Q8N129	Q8N129		CNPY4		2.98176e+06	1.73164e+06	1.92089e+06	1.21832e+06	4.16508e+06	1.58259e+06	2.70209e+06	2.00521e+06
Q8N131	Q8N131		TMEM123		9.70658e+06	7.38582e+06	8.68151e+06	7.42419e+06	8.48563e+06	1.39025e+07	1.11309e+07	1.34013e+07
Q8N137	Q8N137		CNTROB		5.25408e+06	4.22279e+06	4.81674e+06	4.25924e+06	5.65891e+06	2.05353e+06	5.97822e+06	3.89741e+06
Q8N138	Q8N138		ORMDL3		4.1878e+06	2.94293e+06	3.75713e+06	3.72629e+06	4.10031e+06	7.43895e+06	3.57975e+06	6.98842e+06
Q8N158	Q8N158		GPC2		227985	41632.4	146699	156747	140637	87114	78670.2	40762.5
Q8N159	Q8N159		NAGS		1.23741e+07	9.83677e+06	1.1532e+07	8.65231e+06	1.35251e+07	1.5089e+07	1.40098e+07	1.33493e+07
Q8N163	Q8N163		CCAR2		2.26045e+07	1.15268e+08	5.69298e+07	1.00505e+08	3.47998e+07	4.17667e+07	5.87546e+07	4.91644e+07
Q8N183	Q8N183		NDUFAF2		2.05042e+08	3.216e+08	2.21897e+08	1.96858e+08	3.34497e+08	2.63918e+08	3.33184e+08	4.19296e+08
Q8N1B4	Q8N1B4		VPS52		3.62765e+06	5.36764e+06	4.18987e+06	5.08932e+06	3.77624e+06	3.44933e+06	4.11972e+06	3.85046e+06
Q8N1F7	Q8N1F7		NUP93		2.32205e+07	4.18109e+07	3.54766e+07	4.42911e+07	4.5181e+07	3.12905e+07	4.9462e+07	3.67725e+07
Q8N1F8	Q8N1F8		STK11IP		1.7722e+07	1.61462e+07	1.57864e+07	9.88731e+06	2.33396e+07	1.7608e+07	1.83419e+07	1.99247e+07
Q8N1G2	Q8N1G2		CMTR1		1.74801e+06	4.02843e+06	2.49708e+06	4.00896e+06	2.36105e+06	2.26514e+06	3.18986e+06	2.5476e+06
Q8N1G4	Q8N1G4		LRRC47		2.35623e+07	2.98413e+07	2.74141e+07	2.62883e+07	2.51213e+07	1.96271e+07	2.94019e+07	2.13214e+07
Q8N1I0	Q8N1I0		DOCK4		5.02653e+06	5.93271e+06	5.3588e+06	7.44976e+06	4.02555e+06	5.59085e+06	4.53449e+06	4.39427e+06
Q8N1N4	Q8N1N4		KRT78		2.04086e+06	1.08216e+07	2.4666e+06	3.44978e+06	2.2619e+06	2.69901e+06	3.75717e+06	2.16073e+06
Q8N1Q1	Q8N1Q1		CA13		9.29033e+06	7.73724e+06	7.00687e+06	6.60467e+06	7.96126e+06	9.93602e+06	7.92454e+06	8.08367e+06
Q8N1S5	Q8N1S5		SLC39A11		2.22952e+06	1.89315e+06	2.07449e+06	2.32599e+06	2.52533e+06	2.93464e+06	2.65922e+06	3.54507e+06
Q8N1W1	Q8N1W1		ARHGEF28		1.51608e+06	2.69839e+06	2.57738e+06	2.71831e+06	1.97363e+06	1.8931e+06	2.18122e+06	1.77754e+06
Q8N201	Q8N201		INTS1		2.223e+06	6.07224e+06	2.36259e+06	6.51804e+06	2.49677e+06	2.53332e+06	3.42293e+06	2.21991e+06
Q8N264	Q8N264		ARHGAP24		3.01406e+06	4.2854e+06	4.11585e+06	5.66603e+06	3.5393e+06	4.12455e+06	4.41006e+06	3.75055e+06
Q8N2A8	Q8N2A8		PLD6		612467		773112	840980	914068	1.24778e+06	730668	1.20103e+06
Q8N2F6	Q8N2F6		ARMC10		2.63905e+07	3.15145e+07	2.82256e+07	2.65606e+07	3.56325e+07	2.86806e+07	3.20269e+07	3.07259e+07
Q8N2G4	Q8N2G4		LYPD1		5.2487e+06				6.28934e+06	5.38729e+06		
Q8N2G8	Q8N2G8		GHDC		1.2001e+06	955922	1.40027e+06	1.24483e+06	829338	2.40882e+06	1.1257e+06	1.84084e+06
Q8N2K0	Q8N2K0		ABHD12		1.62203e+07	1.60661e+07	1.73826e+07	1.86506e+07	1.99619e+07	2.1534e+07	1.79781e+07	2.12143e+07
Q8N2K1	Q8N2K1		UBE2J2		3.56091e+07	3.27446e+07	3.53658e+07	3.96427e+07	4.03585e+07	6.86647e+07	3.44287e+07	5.63455e+07
Q8N2R8	Q8N2R8		FAM43A		5.35979e+06	2.51026e+06	2.97327e+06	1.92001e+06	4.17443e+06	2.47919e+06	2.89743e+06	2.75819e+06
Q8N2S1	Q8N2S1		LTBP4		1.09853e+06				1.28181e+06		878920	
Q8N2U0	Q8N2U0		TMEM256		8.06601e+07	9.37975e+07	7.21069e+07	6.95264e+07	1.19526e+08	9.97823e+07	1.02946e+08	1.25671e+08
Q8N2U9	Q8N2U9		SLC66A2		1.87359e+06	2.28729e+06	1.69231e+06	1.54483e+06	2.09826e+06	2.20686e+06	2.25367e+06	1.92337e+06
Q8N335	Q8N335		GPD1L		7.50918e+06	6.53553e+06	7.2324e+06	5.1609e+06	9.54223e+06	5.64054e+06	9.56483e+06	5.97822e+06
Q8N350	Q8N350		CBARP		1.35836e+06	724707	1.17081e+06	814731	975606	1.07684e+06	978618	795566
Q8N357	Q8N357		SLC35F6		1.01481e+07	1.00167e+07	1.06582e+07	8.0815e+06	1.00833e+07	1.5997e+07	1.03968e+07	1.46668e+07
Q8N370	Q8N370		SLC43A2		201406	164299	208607	116472	123595	292420	124651	181702
Q8N392	Q8N392		ARHGAP18		3.20099e+06	3.56027e+06	3.90676e+06	4.6067e+06	2.96286e+06	4.54239e+06	3.48815e+06	3.73364e+06
Q8N394	Q8N394		TMTC2		3.89413e+06	2.9638e+06	4.69111e+06	4.91427e+06	3.76518e+06	5.6106e+06	3.59948e+06	4.55947e+06
Q8N3C0	Q8N3C0		ASCC3		6.4129e+06	7.95731e+06	7.58812e+06	9.59484e+06	6.4048e+06	6.12065e+06	7.07987e+06	5.69714e+06
Q8N3D4	Q8N3D4		EHBP1L1		4.47675e+07	3.52126e+07	3.67743e+07	3.57271e+07	3.91416e+07	3.03318e+07	3.62787e+07	2.96904e+07
Q8N3E9	Q8N3E9		PLCD3		2.94825e+06	2.77238e+06	3.43813e+06	2.90926e+06	2.80114e+06	4.8749e+06	3.58874e+06	4.38531e+06
Q8N3F8	Q8N3F8		MICALL1		1.93999e+06	1.5033e+06	1.56521e+06	1.45788e+06	1.96738e+06	1.41655e+06	1.6507e+06	1.34008e+06
Q8N3P4	Q8N3P4		VPS8		1.96047e+06	1.53562e+06	1.68918e+06	1.37092e+06	1.79244e+06	1.19462e+06	1.53695e+06	1.10075e+06
Q8N3R9	Q8N3R9		PALS1		1.03924e+07	1.05732e+07	1.2803e+07	1.09329e+07	1.13993e+07	1.08494e+07	1.35062e+07	1.1919e+07
Q8N3S3	Q8N3S3		PHTF2		1.49116e+06	1.26032e+06	1.24471e+06	1.20614e+06	1.68694e+06	1.51419e+06	1.4866e+06	1.45978e+06
Q8N3U4	Q8N3U4		STAG2		1.52662e+06	6.29628e+06	2.59874e+06	6.74858e+06	2.35981e+06	3.13832e+06	3.76783e+06	2.954e+06
Q8N3V7	Q8N3V7		SYNPO		2.88008e+06	2.53853e+06	2.63062e+06	2.35198e+06	2.39685e+06	2.39669e+06	2.39858e+06	2.49452e+06
Q8N3Y1	Q8N3Y1		FBXW8		1.63568e+06	1.10095e+06	1.56075e+06	1.55319e+06	1.84904e+06	2.05504e+06	1.97887e+06	2.48393e+06
Q8N3Y3	Q8N3Y3		LARGE2		847284		936568	1.01587e+06	771766	2.75851e+06	387752	1.10568e+06
Q8N3Y7	Q8N3Y7		SDR16C5		1.907e+06	5.00255e+06	2.44774e+06	2.82491e+06	1.23322e+06	3.74995e+06	1.38742e+06	1.47859e+06
Q8N3Z3	Q8N3Z3		GTPBP8		4.71888e+06	4.6223e+06	4.54744e+06	2.98051e+06	6.06231e+06	6.43201e+06	5.29271e+06	8.63262e+06
Q8N428	Q8N428		GALNT16		5.11895e+06	4.67431e+06	7.06422e+06	7.05645e+06	5.69097e+06	9.66433e+06	5.71989e+06	5.25682e+06
Q8N441	Q8N441		FGFRL1		1.30408e+06	498357	683855	536489	1.52876e+06	1.44258e+06	888965	1.43385e+06
Q8N442	Q8N442		GUF1		3.70952e+07	3.59517e+07	3.0207e+07	1.42114e+07	4.89906e+07	2.59761e+07	4.01075e+07	3.52454e+07
Q8N465	Q8N465		D2HGDH		7.32094e+06	6.13668e+06	4.56114e+06	2.07024e+06	1.17497e+07	2.78536e+06	8.40676e+06	5.89267e+06
Q8N474	Q8N474		SFRP1		1.43263e+07	6.62855e+06	1.01589e+07	8.78174e+06	1.85732e+07	1.40295e+07	1.17492e+07	1.2256e+07
Q8N490	Q8N490		PNKD		1.90312e+07	1.68122e+07	1.54411e+07	1.09047e+07	1.81179e+07	1.94062e+07	1.30894e+07	1.83133e+07
Q8N4A0	Q8N4A0		GALNT4		1.01789e+07	8.78827e+06	7.92026e+06	8.69076e+06	1.54584e+07	1.06813e+07	9.07754e+06	1.12991e+07
Q8N4C6	Q8N4C6		NIN		1.43668e+07	6.99727e+06	1.27948e+07	8.22399e+06	1.44762e+07	6.41984e+06	1.08012e+07	5.72913e+06
Q8N4C8	Q8N4C8		MINK1		1.75463e+07	1.54529e+07	1.48107e+07	1.24322e+07	1.72546e+07	1.1689e+07	1.65737e+07	1.21854e+07
Q8N4J0	Q8N4J0		CARNMT1		6.17005e+06	6.77655e+06	6.60704e+06	8.16488e+06	5.63525e+06	7.07018e+06	6.72786e+06	6.65856e+06
Q8N4L2	Q8N4L2		PIP4P2		4.33582e+06	4.31917e+06	4.95053e+06	4.76917e+06	3.85071e+06	5.62331e+06	5.44519e+06	5.7882e+06
Q8N4N3	Q8N4N3		KLHL36		481164	419620	528388	456874		402770	453588	
Q8N4Q0	Q8N4Q0		PTGR3		4.62239e+07	3.57129e+07	3.56784e+07	2.14319e+07	6.91677e+07	2.73969e+07	6.33085e+07	4.143e+07
Q8N4Q1	Q8N4Q1		CHCHD4		1.01328e+07	9.4186e+06	1.07615e+07	6.83634e+06	1.19674e+07	7.5646e+06	1.07724e+07	6.28314e+06
Q8N4S7	Q8N4S7		PAQR4		4.56005e+06	3.08118e+06	4.38041e+06	4.60676e+06	5.67617e+06	6.71864e+06	4.56038e+06	5.49968e+06
Q8N4S9	Q8N4S9		MARVELD2		610380	274648	781747	410835	383636	789305	398460	450706
Q8N4T8	Q8N4T8		CBR4		2.36869e+07	1.54644e+07	2.02681e+07	1.11171e+07	2.83976e+07	1.576e+07	2.42331e+07	1.85388e+07
Q8N4U5	Q8N4U5		TCP11L2		411675	1.16756e+06	527835	872923	542523	655076	784400	766071
Q8N4V1	Q8N4V1		MMGT1		2.43982e+07	2.30218e+07	2.49903e+07	2.51351e+07	2.29967e+07	4.59721e+07	2.4808e+07	3.77592e+07
Q8N4Z0	Q8N4Z0		RAB42		6.40843e+06	3.42091e+06	4.1415e+06	2.33205e+06	6.32364e+06	3.08866e+06	6.21803e+06	3.00176e+06
Q8N511	Q8N511		VMA12		5.76858e+06	5.16906e+06	6.75313e+06	7.2378e+06	5.51228e+06	1.34083e+07	6.01732e+06	9.21905e+06
Q8N543	Q8N543		OGFOD1		1.85155e+06	3.1095e+06	2.65616e+06	3.17e+06	2.10058e+06	4.24131e+06	2.81134e+06	3.89218e+06
Q8N556	Q8N556		AFAP1		1.7734e+07	1.87481e+07	1.84252e+07	1.21821e+07	1.85596e+07	9.2072e+06	1.56246e+07	9.03421e+06
Q8N565	Q8N565		MREG		4.46684e+06	2.86049e+06	3.96733e+06	3.48997e+06	3.70157e+06	5.02508e+06	3.77691e+06	3.80215e+06
Q8N567	Q8N567		ZCCHC9		1.37686e+06	1.78426e+06	2.25913e+06	2.97204e+06		1.94236e+06	2.29224e+06	3.27969e+06
Q8N573	Q8N573		OXR1		1.94746e+06	2.8642e+06	2.37956e+06	2.59096e+06	2.15777e+06	1.68058e+06	3.04859e+06	1.92156e+06
Q8N584	Q8N584		TTC39C		1.50662e+06	2.93725e+06	2.26173e+06	2.30283e+06	2.03229e+06	2.0083e+06	2.11806e+06	1.91389e+06
Q8N5A5	Q8N5A5		ZGPAT		924029	1.16069e+06	1.0912e+06	1.43664e+06	817955	1.14697e+06	987762	1.02427e+06
Q8N5B7	Q8N5B7		CERS5		4.61374e+06	5.13995e+06	4.17703e+06	4.92089e+06	4.0481e+06	5.87217e+06	4.46427e+06	6.90354e+06
Q8N5C6	Q8N5C6		SRBD1		9.27664e+06	1.72023e+07	1.37569e+07	1.89356e+07	1.18639e+07	1.27946e+07	1.53662e+07	1.42947e+07
Q8N5C7	Q8N5C7		DTWD1		413063	1.19571e+06	710361	1.16546e+06	1.65126e+06	646612	611638	1.33852e+06
Q8N5D0	Q8N5D0		WDTC1		588728	907185	850541	1.00773e+06	683587	564731	876787	477276
Q8N5G0	Q8N5G0		SMIM20		4.1478e+07	6.02992e+07	3.76924e+07	4.43216e+07	6.98813e+07	5.52355e+07	4.71845e+07	5.90747e+07
Q8N5G2	Q8N5G2		MACO1		4.56331e+06	4.65112e+06	4.66875e+06	3.65534e+06	4.86661e+06	4.61184e+06	5.58071e+06	5.9685e+06
Q8N5H3	Q8N5H3		FAM89B		1.01729e+06	871548	861063	878266	938320	699860	716510	864989
Q8N5I4	Q8N5I4		DHRSX		5.86378e+06	4.39093e+06	4.95524e+06	3.50865e+06	4.60746e+06	5.33712e+06	5.13064e+06	6.92061e+06
Q8N5J2	Q8N5J2		MINDY1		1.48513e+06	1.15423e+06	1.45364e+06	1.28142e+06	1.51856e+06	1.4843e+06	1.44694e+06	1.12331e+06
Q8N5K1	Q8N5K1		CISD2		5.27635e+07	5.43082e+07	5.21323e+07	4.90648e+07	5.77494e+07	7.79255e+07	5.26481e+07	9.32365e+07
Q8N5L8	Q8N5L8		RPP25L		2.27244e+06	2.02154e+06	2.1236e+06	2.14984e+06	1.90166e+06	1.5518e+06	2.10103e+06	1.42692e+06
Q8N5M1	Q8N5M1		ATPAF2		4.78613e+07	2.47793e+07	3.32374e+07	1.12994e+07	5.2551e+07	1.69028e+07	4.55266e+07	2.24704e+07
Q8N5M4	Q8N5M4		TTC9C		8.82996e+06	1.48712e+07	1.07323e+07	1.25132e+07	9.1817e+06	1.09088e+07	1.1617e+07	1.30753e+07
Q8N5M9	Q8N5M9		JAGN1		1.98711e+07	1.92036e+07	2.05612e+07	2.31965e+07	2.15967e+07	3.01405e+07	1.98257e+07	2.94998e+07
Q8N5N7	Q8N5N7		MRPL50		5.97911e+07	4.67066e+07	5.43474e+07	3.45238e+07	8.23426e+07	5.64392e+07	7.17827e+07	6.19484e+07
Q8N5U6	Q8N5U6		RNF10		537516	340873	412140	546669	581994	401985	548817	235611
Q8N5W9	Q8N5W9		RFLNB		679232	726877	844878	713626	648059	1.27268e+06	712555	1.25581e+06
Q8N5Y8	Q8N5Y8		PARP16		4.14004e+06	3.47271e+06	4.87955e+06	4.87103e+06	3.45284e+06	6.52667e+06	4.07636e+06	5.33237e+06
Q8N5Z0	Q8N5Z0		AADAT		1.08271e+06	647837	959166	584064	1.36862e+06	870576	910387	704458
Q8N612	Q8N612		FHIP1B		1.33251e+06	2.05482e+06	1.73563e+06	2.17513e+06	1.75675e+06	1.47231e+06	1.76245e+06	1.62394e+06
Q8N653	Q8N653		LZTR1		3.77151e+06	3.10133e+06	4.02608e+06	3.36396e+06	3.20345e+06	4.31363e+06	4.28722e+06	3.37679e+06
Q8N668	Q8N668		COMMD1						4.20491e+06		3.77144e+06	
Q8N684	Q8N684		CPSF7		3.26701e+06	6.93741e+06	4.50458e+06	6.74243e+06	4.51252e+06	4.35972e+06	6.09842e+06	4.28321e+06
Q8N697	Q8N697		SLC15A4		4.39071e+06	3.36149e+06	3.55075e+06	3.06593e+06	6.04437e+06	4.20195e+06	3.95959e+06	4.8909e+06
Q8N6G5	Q8N6G5		CSGALNACT2		3.99787e+06	3.6716e+06	4.23404e+06	4.22897e+06	5.34352e+06	4.46595e+06	3.89311e+06	3.56267e+06
Q8N6H7	Q8N6H7		ARFGAP2		2.68928e+06	3.32849e+06	3.19562e+06	3.40565e+06	3.02776e+06	2.96196e+06	3.3943e+06	3.48256e+06
Q8N6L1	Q8N6L1		KRTCAP2		4.02214e+07	3.29342e+07	4.49881e+07	4.87022e+07	3.64325e+07	6.87327e+07	3.39312e+07	5.15649e+07
Q8N6M0	Q8N6M0		OTUD6B		5.14116e+06	5.24203e+06	5.66339e+06	5.01915e+06	5.26535e+06	4.03808e+06	5.86519e+06	3.66269e+06
Q8N6M3	Q8N6M3		FITM2		1.38297e+07	1.39871e+07	1.52146e+07	1.55534e+07	1.29562e+07	2.08992e+07	1.51922e+07	2.14469e+07
Q8N6R0	Q8N6R0		METTL13		1.77963e+06	2.45389e+06	2.31325e+06	2.90423e+06	1.74868e+06	2.50748e+06	2.20687e+06	2.28751e+06
Q8N6S5	Q8N6S5		ARL6IP6		8.10847e+06	7.17592e+06	8.04538e+06	1.08859e+07	7.15049e+06	1.89113e+07	9.15774e+06	1.44133e+07
Q8N6T3	Q8N6T3		ARFGAP1		1.80757e+07	1.42512e+07	1.43804e+07	1.48868e+07	1.16348e+07	1.53013e+07	1.44537e+07	1.38683e+07
Q8N6T7	Q8N6T7		SIRT6		426009	2.4662e+06	1.05665e+06	2.99605e+06	871719	1.40764e+06	1.66307e+06	1.22717e+06
Q8N755	Q8N755		SLC66A3		2.32317e+06	1.68966e+06	1.84091e+06	1.95389e+06		2.38517e+06	1.70326e+06	2.01751e+06
Q8N766	Q8N766		EMC1		6.54314e+07	7.10089e+07	7.64054e+07	8.04966e+07	7.59592e+07	1.31844e+08	7.21964e+07	1.08292e+08
Q8N7H5	Q8N7H5		PAF1			2.36112e+06	2.48563e+06	2.89208e+06	1.45317e+06		2.41371e+06	5.07349e+06
Q8N7P1	Q8N7P1		PLD5		2.32987e+06	2.01105e+06	2.58823e+06	3.30986e+06	2.19025e+06	2.56854e+06	1.94864e+06	1.58005e+06
Q8N7R7	Q8N7R7		CCNYL1		7.66991e+06	4.43332e+06	5.92173e+06	5.32985e+06	5.45211e+06	4.93161e+06	4.72908e+06	4.04049e+06
Q8N806	Q8N806		UBR7		633546	671699	611973	732473	299267	767634	661886	838923
Q8N884	Q8N884		CGAS		3.56846e+06	1.84759e+06	3.78685e+06	4.41398e+06	2.7242e+06	3.39928e+06	2.4745e+06	1.90593e+06
Q8N8A2	Q8N8A2		ANKRD44			298068	227956	179481			261280	
Q8N8A6	Q8N8A6		DDX51		157712	603544	319896	665609	389882	392296	474797	444661
Q8N8J7	Q8N8J7		FAM241A		2.0838e+07	3.10661e+07	2.14594e+07	3.00408e+07	2.66708e+07	3.43002e+07	2.74035e+07	3.36419e+07
Q8N8L6	Q8N8L6		ARL10		6.65456e+06	9.32385e+06	5.86419e+06	5.98181e+06	1.16267e+07	8.15007e+06	7.16653e+06	9.53252e+06
Q8N8N7	Q8N8N7		PTGR2		3.10129e+06	2.73933e+06	3.44142e+06	2.41638e+06	3.92233e+06	2.94301e+06	4.12256e+06	2.25904e+06
Q8N8Q8	Q8N8Q8		COX18		8.2703e+06	1.17229e+07	7.99368e+06	7.97292e+06	1.19689e+07	1.12267e+07	1.15574e+07	1.39335e+07
Q8N8Q9	Q8N8Q9		NIPA2		857542	1.27142e+06	1.5677e+06	1.86873e+06	1.08422e+06	3.07128e+06	1.20168e+06	2.2494e+06
Q8N8R3	Q8N8R3		SLC25A29		7.76948e+06	1.16411e+07	5.82006e+06	5.31928e+06	1.3311e+07	1.69471e+07	7.3932e+06	2.05229e+07
Q8N8R5	Q8N8R5		C2orf69		4.3199e+06	5.69114e+06	4.56698e+06	4.66313e+06	5.58492e+06	4.8526e+06	6.05723e+06	6.16424e+06
Q8N8S7	Q8N8S7		ENAH		8.68046e+06	7.31116e+06	9.78543e+06	8.10303e+06	6.11866e+06	1.03141e+07	8.54298e+06	9.17683e+06
Q8N8Z6	Q8N8Z6		DCBLD1		3.74992e+06	2.54772e+06	4.18699e+06	3.08577e+06	3.33301e+06	3.82097e+06	3.53835e+06	3.43356e+06
Q8N954	Q8N954		GPATCH11		3.9854e+06	4.61415e+06	4.56388e+06	3.94217e+06	3.50512e+06	5.48658e+06	4.65592e+06	5.01112e+06
Q8N960	Q8N960		CEP120		6.21076e+06	5.61887e+06	6.27705e+06	6.41784e+06	7.07417e+06	4.19474e+06	6.35193e+06	4.05889e+06
Q8N961	Q8N961		ABTB2		2.1101e+06	3.01825e+06	2.38184e+06	2.21101e+06	2.02252e+06	1.88285e+06	2.30967e+06	2.30478e+06
Q8N983	Q8N983		MRPL43		5.02671e+07	3.91092e+07	4.11575e+07	2.50833e+07	5.02535e+07	4.45803e+07	5.49612e+07	4.77791e+07
Q8N9A8	Q8N9A8		CNEP1R1		3.07699e+06	3.13876e+06	2.95563e+06	3.59546e+06	3.8767e+06	5.83706e+06	2.86164e+06	4.48859e+06
Q8N9B5	Q8N9B5		JMY		593764	1.10232e+06	859277	1.06104e+06	991827	625525	886229	612040
Q8N9F0	Q8N9F0		NAT8L		1.03932e+06	952197	1.07988e+06	1.09185e+06	1.19418e+06	1.87017e+06	1.09255e+06	1.91082e+06
Q8N9F7	Q8N9F7		GDPD1		4.06184e+06	3.58506e+06	5.32716e+06	4.1019e+06	4.48811e+06	5.0152e+06	3.66388e+06	3.35088e+06
Q8N9N2	Q8N9N2		ASCC1		1.58009e+06	1.98708e+06	2.42665e+06	2.51087e+06	1.2954e+06	1.50342e+06	1.79077e+06	1.33818e+06
Q8N9N5	Q8N9N5		BANP		260442	451332	326218	627919	396918	389565	407101	356279
Q8N9N7	Q8N9N7		LRRC57		2.82298e+07	1.8482e+07	2.52681e+07	2.4862e+07	2.14499e+07	3.43714e+07	1.86407e+07	2.80803e+07
Q8N9N8	Q8N9N8		EIF1AD		1.97314e+06	2.20725e+06	1.62254e+06	1.59105e+06	2.14629e+06	2.36133e+06	2.09084e+06	3.99961e+06
Q8N9Q2	Q8N9Q2		SREK1IP1		227466	566218	405235	582488	232569	404703	389432	414055
Q8N9T8	Q8N9T8		KRI1		2.49858e+06	3.18633e+06	2.6868e+06	2.62667e+06	3.52922e+06	2.11831e+06	3.53597e+06	2.31485e+06
Q8NA29	Q8NA29		MFSD2A		521430	244459	556182	469635	472790	1.94594e+06	236746	1.46476e+06
Q8NA72	Q8NA72		POC5		5.14385e+06	4.22428e+06	5.24547e+06	4.98951e+06	7.98277e+06	4.28878e+06	5.89205e+06	5.23948e+06
Q8NAF0	Q8NAF0		ZNF579		158049	151413	177840	172530	126374	226722	126423	163076
Q8NAN2	Q8NAN2		MIGA1		1.40119e+07	1.17077e+07	1.27625e+07	1.13969e+07	1.39981e+07	1.34759e+07	1.27729e+07	1.31224e+07
Q8NAT1	Q8NAT1		POMGNT2		7.61445e+06	7.02206e+06	7.36917e+06	7.7033e+06	9.22682e+06	9.278e+06	8.74031e+06	8.1543e+06
Q8NAV1	Q8NAV1		PRPF38A		4.55075e+06	6.23326e+06	6.23732e+06	8.3426e+06	6.67585e+06	6.7167e+06	7.56577e+06	4.50797e+06
Q8NB16	Q8NB16		MLKL		1.8586e+06	1.7436e+06	1.77848e+06	2.0327e+06	1.45588e+06	2.31143e+06	1.44727e+06	1.85361e+06
Q8NB37	Q8NB37		GATD1		4.43419e+06	6.03512e+06	4.60429e+06	5.32933e+06	4.28791e+06	3.94577e+06	4.68271e+06	4.2665e+06
Q8NB49	Q8NB49		ATP11C		3.71173e+07	4.05212e+07	3.95374e+07	3.33374e+07	3.53556e+07	4.02174e+07	3.7019e+07	3.88371e+07
Q8NB59	Q8NB59		SYT14		667536	743962	606101	596091	658912	984827	802911	975409
Q8NB78	Q8NB78		KDM1B		201845	519917	380485	845534	405490	372391	430274	267157
Q8NB90	Q8NB90		AFG2A		2.99854e+06	6.00615e+06	5.36829e+06	6.01646e+06	3.85167e+06	3.51342e+06	5.28014e+06	3.78743e+06
Q8NBA8	Q8NBA8		DTWD2		438642	718328	734511	663675	349086	730819	679234	849185
Q8NBF2	Q8NBF2		NHLRC2		4.59806e+06	4.9659e+06	5.43657e+06	5.50424e+06	3.50229e+06	4.07222e+06	4.88047e+06	3.89663e+06
Q8NBF6	Q8NBF6		AVL9		6.04928e+06	9.182e+06	1.05753e+07	1.21157e+07	6.01583e+06	6.96345e+06	8.73267e+06	5.94338e+06
Q8NBI2	Q8NBI2		CYB561A3		2.57597e+06	1.87068e+06	2.3439e+06	2.20748e+06	3.37137e+06	4.00234e+06	2.16772e+06	4.08208e+06
Q8NBI5	Q8NBI5		SLC43A3		3.58299e+07	2.02065e+07	2.93522e+07	2.68845e+07	1.96365e+07	5.75668e+07	2.78307e+07	8.41641e+07
Q8NBI6	Q8NBI6		XXYLT1		1.13144e+07	9.10408e+06	9.87457e+06	9.91669e+06	1.3686e+07	1.61774e+07	7.7974e+06	1.44752e+07
Q8NBJ4	Q8NBJ4		GOLM1		2.64105e+07	3.13131e+07	3.43621e+07	3.46821e+07	3.92751e+07	6.46667e+07	3.57767e+07	4.86697e+07
Q8NBJ5	Q8NBJ5		COLGALT1		7.45077e+07	6.40656e+07	7.09598e+07	5.82824e+07	8.91177e+07	8.00789e+07	7.12637e+07	6.87559e+07
Q8NBJ7	Q8NBJ7		SUMF2		5.59342e+07	2.45064e+07	4.74011e+07	3.16422e+07	5.57519e+07	4.57408e+07	3.81061e+07	3.36378e+07
Q8NBJ9	Q8NBJ9		SIDT2		1.16112e+06	955130	1.3048e+06	797260	1.61331e+06	1.02158e+06	1.15609e+06	1.13351e+06
Q8NBK3	Q8NBK3		SUMF1		7.00289e+06	5.14571e+06	6.75766e+06	5.58366e+06	6.88532e+06	7.32545e+06	8.1996e+06	7.49723e+06
Q8NBL1	Q8NBL1		POGLUT1		2.64196e+07	1.60803e+07	2.241e+07	1.96896e+07	3.27979e+07	3.1665e+07	2.05663e+07	2.53775e+07
Q8NBM4	Q8NBM4		UBAC2		7.73488e+06	6.9008e+06	9.57571e+06	1.0603e+07	1.01747e+07	1.65757e+07	9.76293e+06	1.45116e+07
Q8NBM8	Q8NBM8		PCYOX1L		4.77025e+07	7.83444e+07	4.62057e+07	4.62936e+07	7.17781e+07	5.26653e+07	7.185e+07	8.88399e+07
Q8NBN3	Q8NBN3		TMEM87A		1.48062e+07	2.15648e+07	1.61452e+07	1.78737e+07	2.08303e+07	2.8294e+07	1.82497e+07	3.13576e+07
Q8NBN7	Q8NBN7		RDH13		1.4828e+07	2.1139e+07	1.33319e+07	1.30847e+07	1.87878e+07	1.90615e+07	1.91251e+07	2.42006e+07
Q8NBP0	Q8NBP0		TTC13		7.3372e+06	8.12655e+06	8.45438e+06	8.2775e+06	9.01586e+06	1.21446e+07	8.92249e+06	1.18578e+07
Q8NBP5	Q8NBP5		MFSD9		413045	364079	388740	416764	359616	670409	268945	567720
Q8NBQ5	Q8NBQ5		HSD17B11		2.21462e+07	2.78859e+07	2.70397e+07	3.52388e+07	2.36607e+07	5.94902e+07	2.51485e+07	4.50343e+07
Q8NBR6	Q8NBR6		MINDY2		1.11485e+06	913643	904512	1.05756e+06	992997	1.24396e+06	836608	1.0305e+06
Q8NBS3	Q8NBS3		SLC4A11		703442	1.07615e+06	866232	1.024e+06	719340	929718	982682	1.07422e+06
Q8NBS9	Q8NBS9		TXNDC5		9.85104e+07	3.34528e+07	9.26304e+07	4.64326e+07	1.14364e+08	8.16225e+07	7.60182e+07	5.05465e+07
Q8NBT0	Q8NBT0		POC1A		394257	261116	338957	341769	542683	410508	351326	372132
Q8NBT2	Q8NBT2		SPC24		7.47093e+06	5.68246e+06	7.86701e+06	7.62556e+06	8.34085e+06	9.55873e+06	9.582e+06	7.26099e+06
Q8NBU5	Q8NBU5		ATAD1		5.58812e+07	6.8062e+07	5.93602e+07	6.14385e+07	6.67087e+07	7.49915e+07	6.66785e+07	7.93857e+07
Q8NBW4	Q8NBW4		SLC38A9		4.2302e+06	3.39631e+06	4.17726e+06	3.21232e+06	5.1203e+06	5.96317e+06	3.82159e+06	6.01379e+06
Q8NBX0	Q8NBX0		SCCPDH		1.58762e+08	1.18726e+08	1.3085e+08	1.0518e+08	1.50724e+08	1.70633e+08	1.20307e+08	1.58964e+08
Q8NBZ7	Q8NBZ7		UXS1		6.16373e+06	4.86686e+06	6.60575e+06	6.63361e+06	8.2511e+06	9.49801e+06	5.1982e+06	6.62019e+06
Q8NC42	Q8NC42		RNF149		8.2441e+06	4.0751e+06	8.37536e+06	7.86187e+06	4.50896e+06	9.4372e+06	5.54309e+06	6.76888e+06
Q8NC44	Q8NC44		RETREG2		3.12016e+06	2.95952e+06	2.85813e+06	3.15901e+06	4.06545e+06	3.87193e+06	3.40545e+06	4.58303e+06
Q8NC51	Q8NC51		SERBP1		3.06889e+07	3.46886e+07	3.58966e+07	3.32423e+07	3.28472e+07	1.99857e+07	4.02879e+07	2.23503e+07
Q8NC54	Q8NC54		KCT2		4.72369e+06	7.49366e+06	5.66818e+06	5.92693e+06	1.05415e+07	1.34765e+07	7.74321e+06	1.456e+07
Q8NC56	Q8NC56		LEMD2		2.31621e+07	2.56756e+07	2.30577e+07	2.50304e+07	3.41859e+07	3.42337e+07	2.73159e+07	3.33841e+07
Q8NC60	Q8NC60		NOA1		1.45647e+07	1.03833e+07	1.64671e+07	6.66395e+06	2.1917e+07	1.52496e+07	2.20136e+07	2.30347e+07
Q8NC67	Q8NC67		NETO2		4.28161e+06	8.51946e+06	4.39808e+06	5.21202e+06	5.27293e+06	1.12931e+07	7.51388e+06	1.14996e+07
Q8NC96	Q8NC96		NECAP1		3.66063e+06	4.2528e+06	3.66261e+06	3.43487e+06	4.01988e+06	3.77281e+06	3.87536e+06	5.70169e+06
Q8NCA5	Q8NCA5		FAM98A		8.45329e+06	9.67466e+06	1.11288e+07	1.19735e+07	7.41215e+06	8.60721e+06	9.49734e+06	6.55275e+06
Q8NCC3	Q8NCC3		PLA2G15		3.98665e+06	1.69569e+06	3.60374e+06	1.59587e+06	4.86283e+06	2.63335e+06	3.61724e+06	1.77222e+06
Q8NCC5	Q8NCC5		SLC37A3		1.02146e+06	865204	1.11462e+06	1.01168e+06	1.11927e+06	1.42526e+06	1.1556e+06	1.22157e+06
Q8NCD3	Q8NCD3		HJURP					2.69881e+06	2.46034e+06			2.65314e+06
Q8NCE2	Q8NCE2		MTMR14		1.69038e+06	2.90916e+06	2.21605e+06	2.77457e+06	1.87697e+06	2.25099e+06	2.23859e+06	2.29764e+06
Q8NCF5	Q8NCF5		NFATC2IP		809292	1.01046e+06	1.01583e+06	1.10272e+06	986669	1.05429e+06	1.0336e+06	1.02873e+06
Q8NCG7	Q8NCG7		DAGLB		6.86112e+06	6.47418e+06	9.3406e+06	8.49884e+06	7.16995e+06	1.07139e+07	8.88756e+06	9.83602e+06
Q8NCH0	Q8NCH0		CHST14		2.4128e+07	1.83321e+07	2.35873e+07	2.81264e+07	1.85281e+07	6.71296e+07	1.88586e+07	3.17374e+07
Q8NCL4	Q8NCL4		GALNT6		8.831e+06	6.49349e+06	9.33014e+06	9.04966e+06	1.00626e+07	1.22114e+07	7.84547e+06	7.79893e+06
Q8NCL9	Q8NCL9		APCDD1L		440021	1.09107e+06	655990	746598	1.08125e+06	322721	847105	484075
Q8NCN5	Q8NCN5		PDPR		1.12733e+08	5.30452e+07	8.31613e+07	2.56103e+07	1.46015e+08	4.10112e+07	9.89249e+07	5.10926e+07
Q8NCR0	Q8NCR0		B3GALNT2		995378	735712	965503	735175	908064	1.00978e+06	1.13683e+06	1.25657e+06
Q8NCS4	Q8NCS4		TMEM35B		9.55618e+06	7.94082e+06	9.62683e+06	1.18398e+07	1.11011e+07	1.57877e+07	1.13477e+07	1.49413e+07
Q8NCW5	Q8NCW5		NAXE		1.60849e+07	7.56738e+06	1.36249e+07	4.15047e+06	1.56899e+07	6.54821e+06	1.43247e+07	7.09639e+06
Q8NCW6	Q8NCW6		GALNT11		3.57515e+06	2.67705e+06	3.67166e+06	2.95321e+06	4.94792e+06	3.63559e+06	3.24948e+06	4.15211e+06
Q8ND04	Q8ND04		SMG8		8.19173e+06	9.428e+06	9.23922e+06	9.4177e+06	8.15797e+06	7.52505e+06	9.86354e+06	8.26676e+06
Q8ND24	Q8ND24		RNF214		3.5334e+06	7.00826e+06	4.96533e+06	6.3309e+06	4.99628e+06	8.815e+06	6.33043e+06	1.18871e+07
Q8ND25	Q8ND25		ZNRF1		2.15053e+06			1.29428e+06				
Q8ND30	Q8ND30		PPFIBP2		589032	616088	605030	384674	496945	433822	597002	465610
Q8ND56	Q8ND56		LSM14A		4.32575e+06	6.26268e+06	4.5154e+06	4.67657e+06	4.13342e+06	3.55471e+06	4.88443e+06	3.89843e+06
Q8ND76	Q8ND76		CCNY		1.48314e+07	1.36504e+07	1.46435e+07	1.52023e+07	1.39197e+07	1.31052e+07	1.5296e+07	1.32012e+07
Q8ND82	Q8ND82		ZNF280C		607884	641707	772756	1.03664e+06	435089	566446	754514	
Q8ND90	Q8ND90		PNMA1		196201	254461	242166	345191	201527	407783	269358	396075
Q8NDA8	Q8NDA8		MROH1		1.17637e+06	2.39986e+06	1.12156e+06	1.05607e+06	1.28509e+06	756683	1.01554e+06	1.17859e+06
Q8NDF8	Q8NDF8		TENT4B		560664	750932	733564	944822	591807	813492	672319	723106
Q8NDH3	Q8NDH3		NPEPL1		2.57617e+06	4.78798e+06	2.99545e+06	4.40178e+06	2.71455e+06	4.92737e+06	3.13813e+06	5.51314e+06
Q8NDI1	Q8NDI1		EHBP1		5.58178e+06	5.68837e+06	5.60323e+06	6.89582e+06	4.46011e+06	4.6257e+06	4.70385e+06	3.85339e+06
Q8NDN9	Q8NDN9		RCBTB1		64941	47747.4	58982	71741.8	65557.1	54344.2	52992.8	64969.2
Q8NDV7	Q8NDV7		TNRC6A		712818	893322	940976	992733	779176	1.02539e+06	861059	955810
Q8NDX6	Q8NDX6		ZNF740		124428	447236	252338	380833	147995	126023	225664	184117
Q8NDZ2	Q8NDZ2		SIMC1		584644	839507	574676	510115		586730	509974	726024
Q8NDZ4	Q8NDZ4		DIPK2A		1.24618e+07	1.10286e+07	1.5793e+07	1.52621e+07	1.53838e+07	2.79315e+07	1.54113e+07	2.26898e+07
Q8NDZ6	Q8NDZ6		TMEM161B		2.25244e+06	3.09917e+06	2.9146e+06	2.92576e+06	3.17174e+06	3.43402e+06	3.11021e+06	3.92528e+06
Q8NE00	Q8NE00		TMEM104		4.04506e+06	3.37566e+06	3.58713e+06	3.46054e+06	4.07246e+06	6.0138e+06	3.26685e+06	5.95055e+06
Q8NE01	Q8NE01		CNNM3		1.29095e+07	8.85619e+06	1.22527e+07	1.0123e+07	1.29521e+07	1.59085e+07	1.11587e+07	1.43078e+07
Q8NE22	Q8NE22		SETD9		3.976e+06	3.47436e+06	3.55938e+06	3.06054e+06	5.89e+06	3.41671e+06	4.25472e+06	4.52392e+06
Q8NE62	Q8NE62		CHDH		1.16233e+07	7.28836e+06	1.10564e+07	8.02969e+06	1.17467e+07	1.18916e+07	1.11278e+07	1.28885e+07
Q8NE71	Q8NE71		ABCF1		1.67641e+07	2.06423e+07	2.18991e+07	2.38461e+07	2.05394e+07	1.53882e+07	2.1664e+07	1.32326e+07
Q8NE86	Q8NE86		MCU		5.67729e+07	5.59337e+07	5.49893e+07	5.75635e+07	5.84573e+07	7.72428e+07	6.45862e+07	7.66575e+07
Q8NEB9	Q8NEB9		PIK3C3		1.25406e+07	1.5832e+07	1.48164e+07	1.7438e+07	1.20863e+07	1.35661e+07	1.33358e+07	1.25226e+07
Q8NEC7	Q8NEC7		GSTCD		2.1596e+06	2.70005e+06	2.53596e+06	3.24123e+06	2.36414e+06	1.82986e+06	2.84442e+06	1.56839e+06
Q8NEG5	Q8NEG5		ZSWIM2		2.5003e+06		2.63694e+06	2.17095e+06	1.82086e+06	2.87643e+06		2.48185e+06
Q8NEL9	Q8NEL9		DDHD1		485730	579536	682738	771430	413990	465554	532890	267373
Q8NEM2	Q8NEM2		SHCBP1		1.15315e+06	1.49804e+06	2.17567e+06	3.33949e+06	1.12529e+06	4.18977e+06	1.63731e+06	2.39016e+06
Q8NEM8	Q8NEM8		AGBL3		3.02257e+06		3.29517e+06	3.8104e+06				
Q8NEN9	Q8NEN9		PDZD8		1.31388e+07	1.23227e+07	1.43706e+07	1.67415e+07	1.22897e+07	1.77204e+07	1.2943e+07	1.6461e+07
Q8NET6	Q8NET6		CHST13		49520.1		69827.2	58684.7		93291.1		
Q8NEU8	Q8NEU8		APPL2		898358	937877	828749	866874	733906	725315	715234	828226
Q8NEW0	Q8NEW0		SLC30A7		1.89301e+07	1.81133e+07	1.80751e+07	2.0608e+07	1.96352e+07	2.61857e+07	1.43757e+07	1.99564e+07
Q8NEX9	Q8NEX9		SDR9C7			3.14903e+06						633402
Q8NEY1	Q8NEY1		NAV1		6.86913e+06	6.78286e+06	5.7249e+06	7.09049e+06	7.20211e+06	5.71761e+06	5.77879e+06	5.46891e+06
Q8NEY8	Q8NEY8		PPHLN1		71114.5	108247		159583	175331		194504	
Q8NEZ2	Q8NEZ2		VPS37A		1.20334e+06	2.24812e+06	1.62234e+06	2.04269e+06	1.82801e+06	1.45582e+06	1.98454e+06	1.71528e+06
Q8NEZ3	Q8NEZ3		WDR19		71822.9	257963	126815	75985.3	146079	80600.1	136536	104076
Q8NEZ5	Q8NEZ5		FBXO22		1.8241e+06	2.29147e+06	1.61323e+06	1.38798e+06	2.64342e+06	2.14e+06	2.2458e+06	1.87814e+06
Q8NF37	Q8NF37		LPCAT1		4.05257e+07	3.53879e+07	4.22819e+07	4.70802e+07	4.99297e+07	6.39087e+07	4.06819e+07	6.01129e+07
Q8NF64	Q8NF64		ZMIZ2		4.14841e+06	3.99734e+06	3.91629e+06	3.19273e+06	4.41214e+06	3.51479e+06	4.06231e+06	3.76572e+06
Q8NFA0	Q8NFA0		USP32		4.53042e+06	5.84094e+06	5.6077e+06	6.30973e+06	3.88028e+06	5.34375e+06	5.7604e+06	4.73071e+06
Q8NFC6	Q8NFC6		BOD1L1		2.06575e+06	2.14681e+06	1.9461e+06	1.80837e+06	2.24352e+06	1.51861e+06	2.67268e+06	2.08562e+06
Q8NFD5	Q8NFD5		ARID1B		145134	383122	180534	463520	245913	240022	215325	217399
Q8NFF5	Q8NFF5		FLAD1		5.14407e+06	2.3997e+06	4.40962e+06	3.04818e+06	4.99639e+06	2.84172e+06	3.89541e+06	2.45175e+06
Q8NFH3	Q8NFH3		NUP43		5.74089e+06	7.26686e+06	6.27769e+06	5.16833e+06	1.01715e+07	5.34291e+06	1.05507e+07	7.41465e+06
Q8NFH4	Q8NFH4		NUP37		5.49443e+06	6.02214e+06	5.72829e+06	3.6218e+06	9.51006e+06	4.83475e+06	9.73777e+06	6.60504e+06
Q8NFH5	Q8NFH5		NUP35		1.08533e+07	2.72763e+07	1.57504e+07	1.63045e+07	2.56364e+07	1.28809e+07	3.1605e+07	2.66216e+07
Q8NFJ5	Q8NFJ5		GPRC5A		1.59344e+07	1.10691e+07	1.51073e+07	9.65875e+06	1.78327e+07	2.30888e+07	1.94508e+07	2.07734e+07
Q8NFP7	Q8NFP7		NUDT10		958523	1.22342e+06	1.35807e+06	1.31831e+06	962119	976067	1.29456e+06	1.09789e+06
Q8NFP9	Q8NFP9		NBEA		353782	723079	647069	915471	339749	474139	476106	396191
Q8NFQ8	Q8NFQ8		TOR1AIP2		9.24776e+06	8.32737e+06	1.02163e+07	1.16828e+07	1.06234e+07	2.28153e+07	9.57974e+06	1.57041e+07
Q8NFT2	Q8NFT2		STEAP2		1.02432e+07	9.12281e+06	1.04917e+07	7.41262e+06	1.08904e+07	9.75606e+06	9.25852e+06	8.76208e+06
Q8NFT8	Q8NFT8		DNER		167536	448967			319927			
Q8NFV4	Q8NFV4		ABHD11		3.03478e+07	2.19611e+07	2.30074e+07	1.27778e+07	3.30168e+07	1.3399e+07	2.9998e+07	1.85379e+07
Q8NFW1	Q8NFW1		COL22A1		6.15366e+06	1.223e+07	5.38689e+06	5.47647e+06	9.69117e+06	1.93164e+06	9.3768e+06	2.91403e+06
Q8NFW8	Q8NFW8		CMAS		2.40118e+06	8.43053e+06	5.606e+06	7.84982e+06	4.19162e+06	4.02419e+06	6.6376e+06	3.41107e+06
Q8NFX7	Q8NFX7		STXBP6		3.93393e+06	2.50738e+06	5.20439e+06	4.77202e+06	3.47173e+06	5.42249e+06	4.55037e+06	3.97745e+06
Q8NFZ0	Q8NFZ0		FBH1		341834	372762	233151	222335		272743	360709	
Q8NFZ8	Q8NFZ8		CADM4		9.18234e+06	3.15348e+06	1.06794e+07	6.66371e+06	7.11307e+06	6.8583e+06	6.63572e+06	4.12594e+06
Q8NG11	Q8NG11		TSPAN14		1.84739e+07	8.86151e+06	1.55178e+07	1.48524e+07	1.28205e+07	2.26427e+07	1.25961e+07	1.57124e+07
Q8NG31	Q8NG31		KNL1		1.4411e+06	1.94879e+06	1.76493e+06	2.47692e+06	1.60821e+06	1.70472e+06	1.75372e+06	1.3198e+06
Q8NG68	Q8NG68		TTL		336609	717981	390229	411028	444317	324880	384202	244971
Q8NHG7	Q8NHG7		SVIP		3.41833e+06	4.36422e+06	3.17554e+06	4.66388e+06	5.08359e+06	5.9393e+06	4.82878e+06	7.73209e+06
Q8NHG8	Q8NHG8		ZNRF2		7.11617e+06	3.477e+06	6.92552e+06	4.61902e+06	5.28197e+06	6.1811e+06	6.29312e+06	4.78306e+06
Q8NHH9	Q8NHH9		ATL2		3.25059e+07	2.3584e+07	3.20195e+07	3.21015e+07	2.87012e+07	4.68405e+07	2.75488e+07	3.42215e+07
Q8NHP6	Q8NHP6		MOSPD2		7.79183e+06	7.03909e+06	6.49079e+06	5.41702e+06	7.81647e+06	6.13214e+06	5.89534e+06	5.85544e+06
Q8NHP8	Q8NHP8		PLBD2		1.34771e+07	5.16704e+06	1.18771e+07	4.77496e+06	1.40753e+07	8.67875e+06	1.43525e+07	8.5426e+06
Q8NHQ8	Q8NHQ8		RASSF8		5.25041e+06	4.54106e+06	3.99419e+06	3.36525e+06	5.57998e+06	2.84344e+06	4.95355e+06	3.82766e+06
Q8NHQ9	Q8NHQ9		DDX55		1.1082e+06	2.50586e+06	2.13455e+06	2.87689e+06	1.29011e+06	2.24292e+06	1.97355e+06	2.23894e+06
Q8NHS3	Q8NHS3		MFSD8		601297	477762	426356	317418	614598	1.20285e+06	389828	1.19426e+06
Q8NHU6	Q8NHU6		TDRD7		504562	414410	449677	526723	287874	270028	495913	274798
Q8NHV4	Q8NHV4		NEDD1		4.55211e+06	2.83283e+06	3.55522e+06	2.6562e+06	4.8829e+06	1.94964e+06	4.6205e+06	2.07304e+06
Q8NI08	Q8NI08		NCOA7		308412	394481	311913	344397	293263	278455	340690	371859
Q8NI22	Q8NI22		MCFD2		9.32598e+06	6.76942e+06	8.53468e+06	6.83371e+06	1.7747e+07	1.33638e+07	9.63759e+06	8.49159e+06
Q8NI27	Q8NI27		THOC2		4.00584e+06	8.93855e+06	8.29903e+06	1.15142e+07	9.22896e+06	5.62787e+06	1.40496e+07	5.74734e+06
Q8NI35	Q8NI35		PATJ		1.752e+06	1.41609e+06	1.89306e+06	1.31384e+06	2.09977e+06	1.19648e+06	1.66686e+06	1.40016e+06
Q8NI36	Q8NI36		WDR36		3.57673e+06	7.2785e+06	5.78596e+06	8.97434e+06	4.90613e+06	5.30476e+06	6.6975e+06	4.6706e+06
Q8NI37	Q8NI37		PPTC7		1.33974e+07	7.41843e+06	9.53601e+06	4.02319e+06	1.93266e+07	4.92449e+06	1.22305e+07	6.45339e+06
Q8NI60	Q8NI60		COQ8A		1.84112e+07	1.35845e+07	1.36757e+07	7.47769e+06	2.71964e+07	1.0585e+07	2.11853e+07	1.35009e+07
Q8NI77	Q8NI77		KIF18A			6.07829e+06	8.42668e+06			9.08143e+06		
Q8TAA5	Q8TAA5		GRPEL2		6.83642e+06	8.70456e+06	8.8891e+06	4.38139e+06	1.2559e+07	7.61695e+06	1.34938e+07	1.07829e+07
Q8TAA9	Q8TAA9		VANGL1		1.16264e+07	7.04429e+06	9.56312e+06	7.54874e+06	9.1945e+06	1.45858e+07	7.59652e+06	1.11945e+07
Q8TAD4	Q8TAD4		SLC30A5		4.90401e+06	4.63668e+06	4.41053e+06	3.69433e+06	6.88426e+06	4.99726e+06	4.77493e+06	4.82996e+06
Q8TAD7	Q8TAD7		OCC1		1.16814e+06	941213	1.17456e+06	1.04865e+06	979870	2.13671e+06	1.26499e+06	1.38104e+06
Q8TAE8	Q8TAE8		GADD45GIP1		4.31739e+07	3.10076e+07	3.50611e+07	2.14908e+07	6.00974e+07	3.66461e+07	4.87733e+07	4.62132e+07
Q8TAF3	Q8TAF3		WDR48		1.93814e+07	1.56936e+07	1.67543e+07	1.52239e+07	1.9873e+07	2.03886e+07	1.70768e+07	2.06447e+07
Q8TAG9	Q8TAG9		EXOC6		1.0281e+07	9.27258e+06	9.92705e+06	1.28005e+07	9.99506e+06	8.86925e+06	8.30245e+06	7.61011e+06
Q8TAM2	Q8TAM2		TTC8		899388	1.70815e+06	757870	587736	1.25395e+06	741851	897730	805494
Q8TAP6	Q8TAP6		CEP76		3.0703e+06	2.00137e+06	2.71427e+06	1.40058e+06	2.76106e+06	2.4688e+06	2.62116e+06	2.34041e+06
Q8TAP9	Q8TAP9		MPLKIP		823832	779284	788299	841750	848925	778733	856364	679730
Q8TAQ2	Q8TAQ2		SMARCC2		4.21685e+06	1.05328e+07	5.31004e+06	1.07858e+07	5.35843e+06	4.97848e+06	7.54466e+06	4.89038e+06
Q8TAT6	Q8TAT6		NPLOC4		1.55704e+07	2.43883e+07	2.10631e+07	2.61724e+07	2.10639e+07	1.80461e+07	2.30513e+07	1.6042e+07
Q8TB03	Q8TB03		CXorf38		1.68394e+06	1.7882e+06	2.69084e+06	2.61697e+06	1.88594e+06	1.73648e+06	2.17643e+06	1.58786e+06
Q8TB22	Q8TB22		SPATA20		1.50734e+07	1.14155e+07	1.30961e+07	8.48007e+06	1.57819e+07	8.96821e+06	1.43569e+07	1.09554e+07
Q8TB24	Q8TB24		RIN3		2.80506e+06	2.78734e+06	2.85731e+06	3.24836e+06	2.81377e+06	2.75909e+06	2.53942e+06	2.17347e+06
Q8TB36	Q8TB36		GDAP1		3.91726e+07	3.91204e+07	4.3289e+07	4.44265e+07	3.61621e+07	5.88875e+07	4.00875e+07	4.59255e+07
Q8TB37	Q8TB37		NUBPL		1.91376e+07	1.21022e+07	1.47296e+07	8.53343e+06	2.49824e+07	9.71056e+06	1.92105e+07	1.14467e+07
Q8TB40	Q8TB40		ABHD4		4.07993e+06	4.59776e+06	4.12605e+06	3.90002e+06	4.08679e+06	5.95932e+06	4.68071e+06	5.46576e+06
Q8TB52	Q8TB52		FBXO30		1.45901e+06	989722	1.37687e+06	1.42194e+06	1.09486e+06	1.51309e+06	1.21452e+06	1.2269e+06
Q8TB61	Q8TB61		SLC35B2		4.2607e+07	4.55865e+07	5.70731e+07	6.58442e+07	5.38361e+07	8.42368e+07	5.66611e+07	7.53027e+07
Q8TB68	Q8TB68		PRR7		304588	263850	248873	212055	326242	484049	431751	600496
Q8TB72	Q8TB72		PUM2		1.9506e+06	2.04354e+06	2.30951e+06	2.7047e+06	1.84778e+06	1.54379e+06	2.18069e+06	1.40626e+06
Q8TB96	Q8TB96		ITFG1		4.78938e+06	4.333e+06	4.50755e+06	4.34714e+06	4.80209e+06	5.73193e+06	4.48588e+06	4.90816e+06
Q8TBA6	Q8TBA6		GOLGA5		1.84956e+07	1.28265e+07	1.68589e+07	1.52865e+07	2.30146e+07	1.59743e+07	1.70009e+07	1.35467e+07
Q8TBC3	Q8TBC3		SHKBP1		8.15901e+06	4.95188e+06	7.16232e+06	5.08946e+06	8.21738e+06	9.60638e+06	6.01582e+06	9.12412e+06
Q8TBC4	Q8TBC4		UBA3		2.14849e+06	4.31432e+06	2.64189e+06	3.55261e+06	2.06803e+06	2.55265e+06	3.49116e+06	2.88817e+06
Q8TBE1	Q8TBE1		CNIH3		2.11562e+06	1.77409e+06	1.34022e+06	1.55334e+06	2.07146e+06	1.43765e+06	1.54963e+06	1.81981e+06
Q8TBE7	Q8TBE7		SLC35G2		5.45483e+06	6.81611e+06	6.83179e+06	8.95373e+06	6.03182e+06	1.03736e+07	7.24842e+06	1.06923e+07
Q8TBE9	Q8TBE9		NANP		4.39007e+06	6.25955e+06	6.13441e+06	7.6682e+06	4.0256e+06	5.45953e+06	5.21997e+06	4.24948e+06
Q8TBF2	Q8TBF2		PRXL2B		2.19474e+07	2.26736e+07	2.31099e+07	2.71995e+07	3.35623e+07	1.88418e+07	2.62384e+07	1.4559e+07
Q8TBF5	Q8TBF5		PIGX		5.57208e+06	6.25859e+06	6.48666e+06	6.28108e+06	7.71425e+06	8.84994e+06	7.6281e+06	8.76844e+06
Q8TBK6	Q8TBK6		ZCCHC10		716884	952431		992442	817497	585518	655298	612230
Q8TBM7	Q8TBM7		TMEM254		4.48014e+06	3.73944e+06	5.59794e+06	5.95611e+06	6.64189e+06	6.28993e+06	5.52272e+06	6.75768e+06
Q8TBM8	Q8TBM8		DNAJB14		2.53429e+06	3.09767e+06	3.3986e+06	4.03871e+06	2.84094e+06	6.94377e+06	3.12969e+06	4.96066e+06
Q8TBN0	Q8TBN0		RAB3IL1		319666	338012	306146	321281	205855	165639	318490	225007
Q8TBP5	Q8TBP5		FAM174A		486537	665348	398328	492848	822358	530538	595677	784133
Q8TBP6	Q8TBP6		SLC25A40		1.26009e+07	1.50279e+07	1.03267e+07	1.00186e+07	1.32843e+07	1.29272e+07	1.0299e+07	1.2772e+07
Q8TBQ9	Q8TBQ9		TMEM167A		4.28546e+07	6.05058e+07	4.06746e+07	7.42081e+07	6.23317e+07	9.2043e+07	5.84607e+07	8.39364e+07
Q8TBR7	Q8TBR7		TLCD3A		7.72973e+06	6.38201e+06	7.5521e+06	7.60828e+06	7.77624e+06	1.09475e+07	6.80621e+06	1.00588e+07
Q8TBX8	Q8TBX8		PIP4K2C		3.58361e+06	4.4977e+06	3.63833e+06	4.20155e+06	4.35344e+06	4.62204e+06	3.64416e+06	3.94613e+06
Q8TBZ3	Q8TBZ3		WDR20		8.24676e+06	4.21618e+06	5.78486e+06	4.41579e+06	8.48863e+06	7.40519e+06	5.95377e+06	7.52081e+06
Q8TC07	Q8TC07		TBC1D15		1.1774e+07	2.07524e+07	1.45561e+07	1.7178e+07	1.20214e+07	8.7794e+06	1.41094e+07	8.60653e+06
Q8TC12	Q8TC12		RDH11		1.92899e+08	1.82126e+08	2.15202e+08	2.43571e+08	1.77247e+08	3.13832e+08	1.83722e+08	2.67503e+08
Q8TC26	Q8TC26		TMEM163		4.72426e+06	1.17818e+06	3.62633e+06	2.9499e+06	1.16197e+06	2.76777e+06	1.46515e+06	1.46446e+06
Q8TC44	Q8TC44		POC1B		3.11959e+06	2.46307e+06	2.74545e+06	3.00818e+06	4.84442e+06	2.90199e+06	3.00161e+06	2.84762e+06
Q8TCA0	Q8TCA0		LRRC20		6.86562e+06	6.99276e+06	8.81683e+06	9.32881e+06	4.99083e+06	8.20617e+06	7.8877e+06	6.08468e+06
Q8TCC3	Q8TCC3		MRPL30		8.66304e+06	6.42443e+06	8.49066e+06	4.73166e+06	1.20479e+07	8.57618e+06	1.00012e+07	8.9469e+06
Q8TCD1	Q8TCD1		C18orf32		2.68285e+06	2.92399e+06		2.3639e+06	4.04678e+06	2.70349e+06	3.14231e+06	3.86712e+06
Q8TCD5	Q8TCD5		NT5C		1.35266e+07	7.2471e+06	1.03598e+07	5.06037e+06	1.72912e+07	6.47085e+06	1.21707e+07	6.22373e+06
Q8TCE6	Q8TCE6		DENND10		2.63675e+06	2.5239e+06	2.77706e+06	3.07619e+06	2.0009e+06	2.07074e+06	2.48588e+06	2.90472e+06
Q8TCF1	Q8TCF1		ZFAND1		1.179e+06	1.0775e+06	1.15779e+06	928229	980468	1.06987e+06	1.37541e+06	1.32154e+06
Q8TCG1	Q8TCG1		CIP2A		7.77826e+06	1.23778e+07	1.4108e+07	2.22952e+07	8.44536e+06	1.52925e+07	1.08961e+07	1.04849e+07
Q8TCG2	Q8TCG2		PI4K2B		7.30616e+06	7.9251e+06	7.43287e+06	7.88991e+06	5.88502e+06	7.51649e+06	7.27486e+06	6.80615e+06
Q8TCJ2	Q8TCJ2		STT3B		6.94877e+07	7.90011e+07	7.87562e+07	7.94523e+07	8.31778e+07	1.06042e+08	8.68455e+07	1.02888e+08
Q8TCS8	Q8TCS8		PNPT1		8.96046e+07	5.47811e+07	8.22963e+07	4.44246e+07	8.35933e+07	9.45574e+07	7.50999e+07	8.20392e+07
Q8TCT6	Q8TCT6		SPPL3		2.02642e+06	4.5155e+06	2.42938e+06	3.02104e+06	3.03382e+06	3.92482e+06	3.50845e+06	5.43783e+06
Q8TCT7	Q8TCT7		SPPL2B		2.93674e+06	1.91372e+06	2.16768e+06	1.99194e+06	3.72429e+06	2.94917e+06	2.87631e+06	4.81439e+06
Q8TCT8	Q8TCT8		SPPL2A		1.43302e+07	9.68991e+06	1.28783e+07	1.1095e+07	7.07012e+06	1.8899e+07	9.45821e+06	1.45605e+07
Q8TCT9	Q8TCT9		HM13		1.25021e+08	1.50972e+08	1.38532e+08	1.50225e+08	1.4984e+08	2.15972e+08	1.54192e+08	2.47744e+08
Q8TCU6	Q8TCU6		PREX1		6.34049e+06	1.199e+07	7.58336e+06	1.20639e+07	7.27722e+06	6.49857e+06	8.08277e+06	6.82405e+06
Q8TCY9	Q8TCY9		URGCP		901669	1.52025e+06	1.46942e+06	2.02053e+06	875867	1.83725e+06	1.16568e+06	1.37643e+06
Q8TCZ2	Q8TCZ2		CD99L2		1.13907e+07	4.99092e+06	7.69644e+06	3.84407e+06	1.0662e+07	8.78227e+06	9.55553e+06	8.77017e+06
Q8TD16	Q8TD16		BICD2		7.75061e+06	9.80639e+06	8.21486e+06	1.01759e+07	7.71425e+06	9.64803e+06	8.33366e+06	1.37855e+07
Q8TD19	Q8TD19		NEK9		6.95767e+06	1.52878e+07	1.34469e+07	1.71583e+07	7.58474e+06	9.5884e+06	1.11403e+07	8.7906e+06
Q8TD22	Q8TD22		SFXN5		2.22251e+06	2.37012e+06	2.01327e+06	1.80921e+06	2.86201e+06	2.24858e+06	2.27288e+06	3.065e+06
Q8TD30	Q8TD30		GPT2		1.34936e+07	1.19549e+07	1.62917e+07	6.80431e+06	1.50492e+07	7.67307e+06	2.06903e+07	9.7854e+06
Q8TD43	Q8TD43		TRPM4		1.86128e+07	1.99929e+07	2.18097e+07	2.42095e+07	1.92202e+07	1.86224e+07	2.55952e+07	2.15129e+07
Q8TD55	Q8TD55		PLEKHO2		3.83006e+06	2.06377e+06	3.254e+06	2.98233e+06	3.41468e+06	3.76447e+06	2.80133e+06	2.7086e+06
Q8TD84	Q8TD84		DSCAML1						3.19976e+06			2.1197e+06
Q8TDB6	Q8TDB6		DTX3L		2.64807e+06	2.95097e+06	2.67775e+06	2.80361e+06	2.23725e+06	2.18076e+06	2.68309e+06	2.3419e+06
Q8TDD1	Q8TDD1		DDX54		3.03326e+06	5.82254e+06	4.22426e+06	5.73099e+06	2.73931e+06	4.54377e+06	3.66184e+06	3.93644e+06
Q8TDD5	Q8TDD5		MCOLN3		230186	225143	148587	88190.2	349495	374002	211159	611420
Q8TDJ6	Q8TDJ6		DMXL2		2.80446e+06	2.88905e+06	2.78015e+06	3.04745e+06	2.65858e+06	2.9159e+06	2.62966e+06	2.66792e+06
Q8TDL5	Q8TDL5		BPIFB1		8.95549e+06			1.14286e+07	7.89794e+06	3.89568e+06	8.93834e+06	7.45753e+06
Q8TDM6	Q8TDM6		DLG5		3.2394e+06	1.77068e+06	2.57255e+06	2.3214e+06	2.46707e+06	2.64766e+06	2.40935e+06	2.24793e+06
Q8TDN4	Q8TDN4		CABLES1		1.34478e+06	1.81971e+06	1.40732e+06	1.55892e+06	1.47559e+06	1.43875e+06	1.85632e+06	1.91592e+06
Q8TDN6	Q8TDN6		BRIX1		4.23972e+06	1.59125e+07	9.05301e+06	1.60093e+07	7.11738e+06	8.33494e+06	9.99511e+06	7.83963e+06
Q8TDP1	Q8TDP1		RNASEH2C		192250	612323	401969	441681	295794	276338	433522	165437
Q8TDQ7	Q8TDQ7		GNPDA2		3.40295e+06	4.17109e+06	3.73267e+06	2.57573e+06	3.0449e+06	2.76434e+06	3.73951e+06	2.91256e+06
Q8TDW0	Q8TDW0		LRRC8C		2.34618e+07	1.57295e+07	1.98853e+07	1.98893e+07	1.72487e+07	3.02864e+07	1.48182e+07	2.15945e+07
Q8TDX6	Q8TDX6		CSGALNACT1		164631	305525	143570	110719	291763	147341	195375	117766
Q8TDX7	Q8TDX7		NEK7		2.16093e+07	2.05727e+07	2.39487e+07	2.66752e+07	1.9213e+07	2.30073e+07	2.36811e+07	2.17728e+07
Q8TDY2	Q8TDY2		RB1CC1		2.37918e+06	4.10298e+06	3.21799e+06	4.12944e+06	2.79633e+06	2.62261e+06	3.2898e+06	2.52316e+06
Q8TDY4	Q8TDY4		ASAP3		5.78988e+06	7.01808e+06	5.35337e+06	5.53566e+06	5.35403e+06	4.86216e+06	5.55158e+06	5.42591e+06
Q8TDY8	Q8TDY8		IGDCC4		420749		683539	260323		199473		209946
Q8TDZ2	Q8TDZ2		MICAL1		2.60706e+06	2.65441e+06	2.61e+06	3.61187e+06	1.79907e+06	2.19049e+06	1.80973e+06	1.77104e+06
Q8TE68	Q8TE68		EPS8L1		349883	1.99263e+06	261803	430074		445472		557123
Q8TE69	Q8TE69		EOLA1		1.66914e+06	1.02572e+06	1.14809e+06	516430	2.04723e+06	791252	1.62545e+06	1.14921e+06
Q8TE77	Q8TE77		SSH3		1.82941e+06	2.3386e+06	1.96131e+06	2.08593e+06	1.373e+06	1.81475e+06	1.91378e+06	1.84404e+06
Q8TE99	Q8TE99		PXYLP1		1.45993e+06	1.12918e+06	1.26602e+06	776766	1.46453e+06	1.5901e+06	1.02126e+06	1.07402e+06
Q8TEA7	Q8TEA7		TBCK		361047	622854	417103	587916	388879	393419	474151	313595
Q8TEA8	Q8TEA8		DTD1		1.5855e+07	1.71407e+07	1.60383e+07	1.32131e+07	1.74521e+07	1.32908e+07	2.16988e+07	1.71042e+07
Q8TEB7	Q8TEB7		RNF128		2.6794e+06	1.9696e+06	2.28172e+06	2.35318e+06	1.66529e+06	3.20411e+06	1.60846e+06	2.43153e+06
Q8TED0	Q8TED0		UTP15		2.89728e+06	6.26991e+06	5.4329e+06	7.58546e+06	4.49964e+06	4.43698e+06	5.98322e+06	3.60637e+06
Q8TED1	Q8TED1		GPX8		2.99254e+07	4.18827e+07	4.26107e+07	5.3732e+07	3.44494e+07	7.68365e+07	4.66159e+07	6.68022e+07
Q8TED4	Q8TED4		SLC37A2		2.38689e+06	954896	1.87162e+06	1.55672e+06	1.44131e+06	3.06397e+06	1.15337e+06	2.04806e+06
Q8TED9	Q8TED9		AFAP1L1		4.45759e+06	6.45016e+06	5.02874e+06	5.75944e+06	3.64581e+06	4.05505e+06	6.46257e+06	4.79116e+06
Q8TEJ3	Q8TEJ3		SH3RF3		213314	119949	253677	131422	169571	77262.6	161879	106524
Q8TEM1	Q8TEM1		NUP210		2.38749e+07	2.73975e+07	2.09661e+07	2.35488e+07	2.73293e+07	2.62476e+07	2.74933e+07	3.10231e+07
Q8TEP8	Q8TEP8		CEP192		3.58424e+06	3.79981e+06	3.75187e+06	3.20747e+06	4.54108e+06	3.99161e+06	4.09079e+06	4.06079e+06
Q8TEQ6	Q8TEQ6		GEMIN5		6.22118e+06	9.57572e+06	1.02462e+07	1.03488e+07	7.65898e+06	6.29948e+06	1.137e+07	6.67679e+06
Q8TEQ8	Q8TEQ8		PIGO		1.2068e+07	1.41197e+07	1.26291e+07	1.296e+07	2.00634e+07	1.72952e+07	1.61066e+07	2.09816e+07
Q8TER0	Q8TER0		SNED1		262207	437484	245154	149063	764041	236133	375174	405249
Q8TER5	Q8TER5		ARHGEF40		2.92365e+07	2.71022e+07	2.83005e+07	3.75006e+07	2.06292e+07	2.33139e+07	2.39899e+07	1.75385e+07
Q8TEU7	Q8TEU7		RAPGEF6		1.83306e+07	1.81738e+07	1.59724e+07	1.8019e+07	1.9885e+07	1.61073e+07	2.00309e+07	1.7649e+07
Q8TEV9	Q8TEV9		SMCR8		3.38986e+06	3.29542e+06	3.24248e+06	3.18015e+06	3.98577e+06	3.17055e+06	3.5535e+06	2.98755e+06
Q8TEW0	Q8TEW0		PARD3		1.57254e+07	1.23992e+07	1.41169e+07	1.20021e+07	1.72865e+07	1.18725e+07	1.5923e+07	1.38727e+07
Q8TEX9	Q8TEX9		IPO4		9.19573e+06	1.33996e+07	1.96435e+07	2.6391e+07	9.0397e+06	1.55641e+07	1.56457e+07	1.21705e+07
Q8TEY5	Q8TEY5		CREB3L4		2.08073e+06	1.61038e+06	1.89728e+06	1.34684e+06	1.74576e+06	2.78003e+06	2.1891e+06	2.97182e+06
Q8TEY7	Q8TEY7		USP33		5.3264e+06	5.3227e+06	5.86182e+06	5.56725e+06	4.2962e+06	1.07568e+07	5.55875e+06	9.31731e+06
Q8TF05	Q8TF05		PPP4R1		5.07419e+06	1.03021e+07	8.20531e+06	1.22061e+07	5.89188e+06	6.91026e+06	8.2426e+06	6.96988e+06
Q8TF17	Q8TF17		SH3TC2		1.19548e+06	1.12032e+06	943756	925809	1.29637e+06	1.3901e+06	1.49572e+06	1.67473e+06
Q8TF42	Q8TF42		UBASH3B		2.21583e+07	4.07927e+07	2.8637e+07	3.35287e+07	2.50857e+07	2.25674e+07	3.68577e+07	2.4377e+07
Q8TF46	Q8TF46		DIS3L		40849.7	88665.1	57688.9	68066.6	51970.4	77917.6	60311.1	98807.1
Q8TF71	Q8TF71		SLC16A10		3.68714e+06	2.28098e+06	4.04985e+06	2.90987e+06	3.44682e+06	3.86431e+06	3.53287e+06	3.15165e+06
Q8WTS1	Q8WTS1		ABHD5		1.36065e+07	1.99067e+07	1.33422e+07	1.48952e+07	1.67391e+07	1.50886e+07	1.56081e+07	1.29929e+07
Q8WTS6	Q8WTS6		SETD7		449441	413781	588198	571606	453402	519619	621257	485323
Q8WTT2	Q8WTT2		NOC3L		1.53796e+06	3.51625e+06	2.48609e+06	4.20576e+06	2.1369e+06	1.60814e+06	2.905e+06	1.4546e+06
Q8WTV0	Q8WTV0		SCARB1		1.08252e+07	7.25829e+06	1.15194e+07	1.04932e+07	1.85426e+07	2.29554e+07	1.11462e+07	1.97751e+07
Q8WTW3	Q8WTW3		COG1		4.21363e+06	3.93412e+06	4.83389e+06	5.42212e+06	4.14145e+06	3.24319e+06	3.69721e+06	2.82533e+06
Q8WTW4	Q8WTW4		NPRL2		1.85223e+06	2.1182e+06	1.6903e+06	1.82499e+06	2.12577e+06	1.68506e+06	1.84384e+06	2.11756e+06
Q8WU17	Q8WU17		RNF139		5.93101e+06	5.96253e+06	5.35424e+06	5.14715e+06	7.82091e+06	7.33313e+06	6.30592e+06	7.68797e+06
Q8WU20	Q8WU20		FRS2		2.70161e+06	2.02016e+06	2.40068e+06	2.19204e+06	2.61503e+06	2.11103e+06	2.40421e+06	2.06948e+06
Q8WU67	Q8WU67		ABHD3		3.56157e+06	3.47038e+06	2.49192e+06	2.84679e+06	3.72166e+06	5.43005e+06	4.24109e+06	5.09229e+06
Q8WU76	Q8WU76		SCFD2		8.83755e+06	8.71689e+06	1.01915e+07	9.3497e+06	8.58315e+06	1.06266e+07	1.05526e+07	1.03202e+07
Q8WU79	Q8WU79		SMAP2		5.16344e+06	7.82258e+06	7.82642e+06	9.76597e+06	5.83907e+06	5.81532e+06	7.76765e+06	6.84228e+06
Q8WU90	Q8WU90		ZC3H15		1.57608e+07	1.51511e+07	1.84427e+07	1.43433e+07	1.73103e+07	9.37731e+06	1.87279e+07	8.00549e+06
Q8WUA2	Q8WUA2		PPIL4		3.04287e+06	3.48571e+06	3.59076e+06	3.39132e+06	3.29546e+06	2.31453e+06	3.28762e+06	2.49871e+06
Q8WUA4	Q8WUA4		GTF3C2		778680	2.71995e+06	1.56279e+06	3.66352e+06	1.26777e+06	1.92164e+06	1.83583e+06	1.27569e+06
Q8WUA8	Q8WUA8		TSKU		2.44087e+06	1.74129e+06	2.34193e+06	1.96496e+06	2.99665e+06	3.14597e+06	1.99671e+06	2.07687e+06
Q8WUD1	Q8WUD1		RAB2B		6.72672e+06	5.10054e+06	6.36792e+06	5.68365e+06	7.09132e+06	8.4212e+06	6.05941e+06	8.06969e+06
Q8WUD6	Q8WUD6		CHPT1		6.19169e+06	6.26368e+06	8.53984e+06	8.69573e+06	6.26447e+06	1.10447e+07	8.24504e+06	8.71944e+06
Q8WUF5	Q8WUF5		PPP1R13L		1.7546e+06	3.28291e+06	1.64287e+06	1.67803e+06	1.67545e+06	1.38207e+06	1.70137e+06	1.4913e+06
Q8WUG5	Q8WUG5		SLC22A17		1.83922e+06		2.014e+06	2.47595e+06	2.33804e+06	2.94085e+06	2.9862e+06	2.76845e+06
Q8WUH1	Q8WUH1		CHURC1		2.24383e+06	1.14759e+06	2.14053e+06	1.63222e+06	1.76975e+06	2.40765e+06	1.89993e+06	1.83404e+06
Q8WUH2	Q8WUH2		TGFBRAP1		3.08669e+06	1.60276e+06	2.4801e+06	1.54811e+06	2.53327e+06	1.82233e+06	1.88209e+06	1.80258e+06
Q8WUH6	Q8WUH6		TMEM263		1.08148e+07	7.36279e+06	8.89667e+06	7.66256e+06	9.89351e+06	6.65759e+06	1.37511e+07	7.24859e+06
Q8WUI4	Q8WUI4		HDAC7		5.6657e+06	6.98213e+06	5.94885e+06	6.89188e+06	6.06879e+06	6.01926e+06	6.58502e+06	7.06705e+06
Q8WUJ0	Q8WUJ0		STYX		2.09508e+06	2.61905e+06	2.96458e+06	3.72187e+06	2.46648e+06	3.01784e+06	2.83659e+06	2.68937e+06
Q8WUJ3	Q8WUJ3		CEMIP		1.32036e+07	8.43739e+06	8.39278e+06	4.77284e+06	1.04772e+07	7.78357e+06	7.05858e+06	2.70799e+06
Q8WUK0	Q8WUK0		PTPMT1		1.21264e+07	1.43131e+07	1.52844e+07	1.2673e+07	1.3661e+07	1.73739e+07	1.89637e+07	2.0582e+07
Q8WUM0	Q8WUM0		NUP133		6.41926e+07	9.34653e+07	7.53978e+07	8.23715e+07	1.19014e+08	5.75875e+07	1.27519e+08	7.90634e+07
Q8WUM4	Q8WUM4		PDCD6IP		2.25434e+07	4.81842e+07	4.39767e+07	5.50093e+07	2.44204e+07	3.91173e+07	3.90194e+07	4.18223e+07
Q8WUM9	Q8WUM9		SLC20A1		8.63251e+07	1.35486e+08	9.61105e+07	9.44435e+07	8.26105e+07	3.16888e+08	8.56429e+07	2.02553e+08
Q8WUN7	Q8WUN7		UBTD2		2.05534e+07	1.9023e+07	2.47524e+07	2.17784e+07	2.40466e+07	2.41152e+07	2.16932e+07	2.50928e+07
Q8WUP2	Q8WUP2		FBLIM1		4.15661e+06	3.19168e+06	4.56781e+06	4.54264e+06	2.96373e+06	4.9056e+06	4.21077e+06	4.14666e+06
Q8WUR7	Q8WUR7		C15orf40		6.32451e+06	3.78237e+06	5.48886e+06	2.26591e+06	7.38538e+06	7.14358e+06	6.35637e+06	5.52451e+06
Q8WUT9	Q8WUT9		SLC25A43		3.42921e+06	2.32084e+06	2.6279e+06	2.26759e+06	3.68266e+06	4.16181e+06	2.35218e+06	3.72002e+06
Q8WUX2	Q8WUX2		CHAC2			5.27891e+06	3.76473e+06	4.91406e+06	2.76947e+06	4.25818e+06	5.04563e+06	4.18223e+06
Q8WUX9	Q8WUX9		CHMP7		3.53069e+06	5.82698e+06	4.99861e+06	5.30787e+06	7.50718e+06	3.75344e+06	5.66664e+06	4.49079e+06
Q8WUY1	Q8WUY1		THEM6		3.96854e+07	4.06043e+07	4.86434e+07	5.35633e+07	4.56935e+07	7.84983e+07	4.94609e+07	7.24079e+07
Q8WUY8	Q8WUY8		NAT14		1.88681e+07	1.98949e+07	2.34238e+07	2.35998e+07	2.37112e+07	2.89961e+07	2.46089e+07	2.78888e+07
Q8WUY9	Q8WUY9		DEPDC1B		1.53444e+06	835964	968848		1.75015e+06		995937	1.30002e+06
Q8WUZ0	Q8WUZ0		BCL7C		3.29908e+06	4.00378e+06	3.5409e+06	4.64019e+06	3.50611e+06	3.19858e+06	3.87105e+06	2.89324e+06
Q8WV19	Q8WV19		SFT2D1		2.74153e+06	1.75311e+06	3.12523e+06		2.11963e+06	3.71824e+06	2.84616e+06	3.03164e+06
Q8WV22	Q8WV22		NSMCE1			1.15351e+06	787685	1.50843e+06	906742	893727	1.00134e+06	682948
Q8WV24	Q8WV24		PHLDA1		9.79856e+06	1.16228e+07	8.06299e+06	7.77537e+06	1.26055e+07	6.56942e+06	1.09937e+07	9.0249e+06
Q8WV41	Q8WV41		SNX33		2.36227e+06	2.33982e+06	2.25692e+06	3.32592e+06	2.16525e+06	2.52846e+06	2.06557e+06	2.14078e+06
Q8WV60	Q8WV60		PTCD2		8.90969e+06	7.7514e+06	8.15939e+06	5.04168e+06	1.08323e+07	6.75735e+06	1.23999e+07	9.03342e+06
Q8WV74	Q8WV74		NUDT8		3.24735e+07	1.92355e+07	2.46344e+07	1.28874e+07	4.1532e+07	1.82045e+07	3.75906e+07	2.3746e+07
Q8WV92	Q8WV92		MITD1		1.85293e+06	2.1555e+06	1.8143e+06	1.24699e+06	1.62413e+06	1.5311e+06	1.81041e+06	1.46859e+06
Q8WV93	Q8WV93		AFG1L		1.42528e+07	1.07689e+07	1.34871e+07	7.37969e+06	1.39882e+07	6.98989e+06	1.54849e+07	7.25121e+06
Q8WV99	Q8WV99		ZFAND2B		4.51823e+06	4.23607e+06	3.84565e+06	2.97664e+06	4.23259e+06	4.7186e+06	4.46604e+06	4.81362e+06
Q8WVB6	Q8WVB6		CHTF18		7.58372e+06	1.71114e+07	1.21933e+07	2.20736e+07	9.08711e+06	1.13581e+07	9.39821e+06	1.03684e+07
Q8WVC0	Q8WVC0		LEO1		381716	1.26267e+06	770656	1.20878e+06		578660	496923	573633
Q8WVC6	Q8WVC6		DCAKD		6.10689e+06	1.0306e+07	6.9055e+06	5.8164e+06	7.9629e+06	7.89051e+06	8.7952e+06	9.98534e+06
Q8WVD3	Q8WVD3		RNF138		118812	189869	204460	306762				225138
Q8WVI0	Q8WVI0		UQCC5		4.57716e+06	7.22287e+06	3.79513e+06	3.91694e+06	9.31779e+06	1.08497e+07	4.74845e+06	1.59077e+07
Q8WVJ2	Q8WVJ2		NUDCD2		3.99181e+06	6.27172e+06	5.08824e+06	5.21908e+06	4.20384e+06	4.84906e+06	7.47162e+06	6.11859e+06
Q8WVK2	Q8WVK2		SNRNP27		5.73824e+06	1.17037e+07	9.0433e+06	1.65256e+07	5.18784e+06	1.80809e+07	9.5928e+06	1.52828e+07
Q8WVM0	Q8WVM0		TFB1M		2.59995e+07	1.97891e+07	2.1721e+07	1.1085e+07	2.98562e+07	1.84324e+07	2.58788e+07	1.92682e+07
Q8WVM7	Q8WVM7		STAG1		1.66551e+06	3.36399e+06	1.30123e+06	2.31779e+06	2.58204e+06	1.83471e+06	2.04347e+06	2.06369e+06
Q8WVM8	Q8WVM8		SCFD1		3.03062e+07	2.52089e+07	3.58502e+07	3.40009e+07	2.9938e+07	2.63392e+07	3.39338e+07	2.75277e+07
Q8WVP7	Q8WVP7		LMBR1		5.66431e+06	6.72253e+06	6.96993e+06	8.07101e+06	6.03431e+06	9.43516e+06	6.41754e+06	8.59632e+06
Q8WVQ1	Q8WVQ1		CANT1		3.93806e+06	4.49338e+06	4.20943e+06	4.80821e+06	5.20517e+06	7.36997e+06	4.72623e+06	7.33995e+06
Q8WVT3	Q8WVT3		TRAPPC12		4.35623e+06	5.68847e+06	5.89476e+06	5.80128e+06	4.31896e+06	4.69941e+06	5.10302e+06	4.48318e+06
Q8WVV4	Q8WVV4		POF1B			1.99598e+07	717291	1.10085e+06	682451		1.18572e+06	972886
Q8WVV9	Q8WVV9		HNRNPLL		1.15516e+07	2.07706e+07	1.91549e+07	2.64427e+07	1.09095e+07	1.51245e+07	1.72779e+07	1.29083e+07
Q8WVX9	Q8WVX9		FAR1		2.27892e+07	1.68874e+07	3.16959e+07	2.96393e+07	8.26962e+06	7.41418e+07	2.8034e+07	5.05741e+07
Q8WVY7	Q8WVY7		UBLCP1		4.49947e+06	2.07059e+07	8.68429e+06	1.46678e+07	6.09612e+06	8.8614e+06	1.07981e+07	1.07364e+07
Q8WW01	Q8WW01		TSEN15		3.33775e+06	5.98365e+06	5.2905e+06	5.91595e+06	4.16154e+06	4.72532e+06	4.84274e+06	4.79624e+06
Q8WW12	Q8WW12		PCNP		4.28446e+06	4.14255e+06	4.51991e+06	3.68749e+06	5.44945e+06	3.7698e+06	7.11159e+06	4.32774e+06
Q8WW43	Q8WW43		APH1B		4.22129e+06	3.96206e+06	4.17111e+06	5.70216e+06	3.70451e+06	5.84916e+06	4.35071e+06	3.91215e+06
Q8WW59	Q8WW59		SPRYD4		4.00129e+07	2.29076e+07	3.20747e+07	9.24376e+06	5.92408e+07	1.65295e+07	4.75885e+07	2.21876e+07
Q8WWA1	Q8WWA1		TMEM40			1.2406e+06						
Q8WWB7	Q8WWB7		GLMP		1.18946e+06		950054	731117	735740	1.94556e+06	513739	889563
Q8WWC4	Q8WWC4		MAIP1		2.02452e+07	3.07611e+07	1.96023e+07	2.10985e+07	3.07525e+07	2.59079e+07	2.98235e+07	3.85827e+07
Q8WWH5	Q8WWH5		TRUB1		1.04452e+07	8.12783e+06	1.17541e+07	8.93559e+06	1.27722e+07	1.01641e+07	1.30891e+07	9.17096e+06
Q8WWI1	Q8WWI1		LMO7		8.45739e+06	6.68935e+06	8.92039e+06	5.16568e+06	8.23904e+06	5.01807e+06	7.6127e+06	6.21472e+06
Q8WWI5	Q8WWI5		SLC44A1		9.47485e+07	7.22693e+07	9.93834e+07	8.48967e+07	7.54737e+07	1.16413e+08	9.15615e+07	1.01213e+08
Q8WWK9	Q8WWK9		CKAP2		1.81863e+06	1.55796e+06	2.00459e+06	1.46536e+06	1.92158e+06	1.15964e+06	2.14162e+06	1.07501e+06
Q8WWM7	Q8WWM7		ATXN2L		1.00707e+07	1.25267e+07	1.22413e+07	1.25157e+07	1.04773e+07	8.08049e+06	1.28627e+07	1.08449e+07
Q8WWM9	Q8WWM9		CYGB		7.73093e+06	5.15554e+06	8.6237e+06	1.05099e+07	3.42864e+06	4.99768e+06	3.77698e+06	2.59298e+06
Q8WWN8	Q8WWN8		ARAP3		1.42436e+07	2.08304e+07	1.77635e+07	2.2813e+07	1.30639e+07	1.59759e+07	1.56129e+07	1.33459e+07
Q8WWQ0	Q8WWQ0		PHIP		2.18892e+06	3.52861e+06	3.37071e+06	4.91002e+06	3.27753e+06	2.05346e+06	4.438e+06	1.38928e+06
Q8WWV3	Q8WWV3		RTN4IP1		2.36768e+07	1.71941e+07	2.26896e+07	1.37955e+07	2.26238e+07	1.7874e+07	2.35141e+07	1.86864e+07
Q8WWX9	Q8WWX9		SELENOM		526304	457182	519686	387880	1.10407e+06	525927	519210	331957
Q8WWY3	Q8WWY3		PRPF31		2.74261e+06	6.91029e+06	5.00715e+06	6.97672e+06	3.54586e+06	3.61043e+06	4.12435e+06	4.06095e+06
Q8WX92	Q8WX92		NELFB		3.86438e+06	9.59056e+06	6.87686e+06	9.75492e+06	4.92953e+06	5.21682e+06	6.05425e+06	4.63534e+06
Q8WX93	Q8WX93		PALLD		1.12488e+07	1.1579e+07	1.11781e+07	1.06974e+07	9.70704e+06	1.28111e+07	1.08036e+07	1.29712e+07
Q8WX94	Q8WX94		NLRP7			885979						
Q8WXA3	Q8WXA3		RUFY2		1.991e+06	1.22166e+06	1.69065e+06	1.63073e+06	1.92814e+06	1.16861e+06	1.4494e+06	1.15665e+06
Q8WXA9	Q8WXA9		SREK1		1.47479e+06	2.81904e+06	2.51403e+06	4.00185e+06	1.71109e+06	1.91632e+06	2.61438e+06	1.75524e+06
Q8WXD5	Q8WXD5		GEMIN6		1.40666e+06	1.90552e+06	1.5768e+06	1.68191e+06	1.47926e+06	1.40531e+06	1.8789e+06	1.49328e+06
Q8WXD9	Q8WXD9		CASKIN1		1.29209e+06	1.17803e+06	1.23388e+06	820541		1.19332e+06	1.62238e+06	1.93515e+06
Q8WXE1	Q8WXE1		ATRIP		3.51591e+06	7.66822e+06	5.00767e+06	8.65303e+06	3.94205e+06	6.40839e+06	5.5935e+06	5.21069e+06
Q8WXE9	Q8WXE9		STON2		1.47623e+06	1.29694e+06	1.05159e+06	1.34108e+06	1.26299e+06	992773	1.19092e+06	1.05263e+06
Q8WXF1	Q8WXF1		PSPC1		4.25795e+06	1.89167e+07	1.078e+07	2.10432e+07	6.50402e+06	9.67761e+06	1.3086e+07	9.35378e+06
Q8WXF7	Q8WXF7		ATL1		2.75779e+06	1.39342e+06	2.22428e+06	2.47405e+06	1.2296e+06	3.0314e+06	1.35809e+06	1.44344e+06
Q8WXG6	Q8WXG6		MADD		1.56811e+06	2.81344e+06	2.18019e+06	2.81339e+06	1.71437e+06	1.5716e+06	2.29951e+06	1.70112e+06
Q8WXH0	Q8WXH0		SYNE2		5.11993e+06	3.82516e+06	3.65112e+06	3.55654e+06	4.67152e+06	3.22672e+06	4.45755e+06	3.47265e+06
Q8WXI7	Q8WXI7		MUC16		3.69494e+06	2.92689e+06	3.85464e+06	3.60909e+06	3.45395e+06	3.86297e+06	3.5116e+06	4.02258e+06
Q8WXI9	Q8WXI9		GATAD2B		998786	5.17212e+06	2.29616e+06	6.15965e+06	2.33064e+06	1.76752e+06	3.60943e+06	1.77844e+06
Q8WXS5	Q8WXS5		CACNG8		519617	455041	568876	440860	391237	561669	430398	423295
Q8WXW3	Q8WXW3		PIBF1		3.47313e+06	2.51891e+06	3.64628e+06	2.85828e+06	3.57792e+06	2.977e+06	3.16115e+06	2.91813e+06
Q8WXX5	Q8WXX5		DNAJC9		9.73384e+06	3.73479e+07	1.91453e+07	3.95864e+07	2.10777e+07	1.94671e+07	3.18395e+07	1.64042e+07
Q8WY07	Q8WY07		SLC7A3		430791	988517	806349	594244	269600	851740	547909	1.1376e+06
Q8WY22	Q8WY22		BRI3BP		9.75414e+06	8.76057e+06	1.13648e+07	1.147e+07	1.33473e+07	2.33312e+07	1.14575e+07	1.80525e+07
Q8WY36	Q8WY36		BBX		978077	1.48074e+06	1.18708e+06	1.849e+06	1.56491e+06	1.14314e+06	1.50663e+06	876811
Q8WYA6	Q8WYA6		CTNNBL1		4.56696e+06	1.76646e+07	1.39819e+07	2.37438e+07	5.30742e+06	1.11274e+07	1.0347e+07	7.99372e+06
Q8WYL5	Q8WYL5		SSH1		2.19002e+06	2.43377e+06	2.4145e+06	2.80351e+06	1.74827e+06	1.9757e+06	2.21158e+06	1.90059e+06
Q8WYP3	Q8WYP3		RIN2		512314	714349	588147	654773	382204	226093	415346	284009
Q8WYP5	Q8WYP5		AHCTF1		2.58307e+06	4.17773e+06	3.38335e+06	4.78913e+06	4.282e+06	2.72975e+06	5.01462e+06	2.59922e+06
Q8WZ42	Q8WZ42		TTN		1.20796e+07	1.12711e+07	1.24584e+07	1.06536e+07	1.1349e+07	1.34682e+07	1.33956e+07	1.5575e+07
Q8WZ64	Q8WZ64		ARAP2		1.27636e+06							
Q8WZ71	Q8WZ71		TMEM158		3.88873e+06	2.75243e+06	3.25493e+06	4.02283e+06	3.01373e+06	7.38412e+06	3.11816e+06	4.02282e+06
Q8WZ73	Q8WZ73		RFFL		5.21451e+06	3.2226e+06	4.6292e+06	3.67616e+06	4.48784e+06	4.99237e+06	5.03543e+06	4.63282e+06
Q8WZ82	Q8WZ82		OVCA2		1.55884e+07	1.26546e+07	1.18633e+07	5.94122e+06	1.80871e+07	6.38203e+06	1.88053e+07	1.08179e+07
Q8WZA0	Q8WZA0		LZIC		2.50044e+06	3.21348e+06	2.47017e+06	2.5506e+06	2.08879e+06	1.7983e+06	3.31864e+06	2.18454e+06
Q8WZA1	Q8WZA1		POMGNT1		1.77377e+07	1.79586e+07	1.40476e+07	1.5614e+07	2.24083e+07	2.24435e+07	1.62487e+07	1.83049e+07
Q8WZA9	Q8WZA9		IRGQ		9.71988e+06	1.70514e+07	1.40343e+07	1.86423e+07	1.25881e+07	1.69077e+07	1.25993e+07	1.42886e+07
Q92478	Q92478		CLEC2B		7.34821e+06	3.08621e+06	5.30632e+06	8.16824e+06	4.28906e+06	1.53348e+07	5.03992e+06	1.04211e+07
Q92485	Q92485		SMPDL3B		1.35963e+07				2.00208e+07			
Q92499	Q92499		DDX1		3.3372e+07	5.61856e+07	4.6303e+07	6.35293e+07	3.23743e+07	4.16331e+07	4.53919e+07	4.08861e+07
Q92503	Q92503		SEC14L1		7.22318e+06	1.4093e+07	9.96966e+06	1.34449e+07	6.50027e+06	1.38298e+07	1.23189e+07	1.39359e+07
Q92504	Q92504		SLC39A7		4.77057e+06	5.04536e+06	4.37633e+06	4.31545e+06	3.49628e+06	6.42475e+06	3.3139e+06	2.57722e+06
Q92506	Q92506		HSD17B8		3.94102e+07	2.10029e+07	3.05539e+07	1.56984e+07	4.60476e+07	2.3894e+07	2.99471e+07	2.57694e+07
Q92508	Q92508		PIEZO1		1.07158e+07	1.10314e+07	8.66086e+06	8.52393e+06	1.26084e+07	1.01293e+07	8.70245e+06	1.11832e+07
Q92520	Q92520		FAM3C		7.83559e+07	1.06458e+08	8.91322e+07	1.01674e+08	9.47605e+07	1.27628e+08	1.05316e+08	1.34259e+08
Q92522	Q92522		H1-10		8.8957e+06	1.86385e+07	1.50023e+07	2.36204e+07	1.4158e+07	9.74383e+06	1.44564e+07	6.24958e+06
Q92526	Q92526		CCT6B		5.4197e+06	1.41413e+07			6.03879e+06	9.11309e+06	8.03442e+06	6.89775e+06
Q92530	Q92530		PSMF1		3.11707e+07	7.48928e+07	5.37295e+07	7.45905e+07	3.92841e+07	5.86051e+07	5.029e+07	6.60919e+07
Q92536	Q92536		SLC7A6		1.58887e+07	1.12852e+07	1.34196e+07	1.17498e+07	1.65642e+07	1.87909e+07	1.18955e+07	1.47506e+07
Q92537	Q92537		SUSD6		1.46577e+06	1.32797e+06	942255	973406	1.32718e+06	1.2766e+06	1.07482e+06	928000
Q92538	Q92538		GBF1		2.05962e+07	2.30426e+07	2.7267e+07	3.38174e+07	2.83835e+07	2.27824e+07	2.45323e+07	1.74403e+07
Q92539	Q92539		LPIN2		2.14954e+06	2.2274e+06	2.1211e+06	2.24233e+06	3.18877e+06	2.14622e+06	2.275e+06	2.25881e+06
Q92541	Q92541		RTF1		2.58306e+06	4.84307e+06	3.49018e+06	5.58231e+06	2.41373e+06	2.88537e+06	3.67832e+06	3.29516e+06
Q92542	Q92542		NCSTN		5.32642e+07	4.64906e+07	5.42455e+07	4.8094e+07	5.0072e+07	6.96956e+07	5.26587e+07	6.34579e+07
Q92543	Q92543		SNX19		1.36681e+06	1.10227e+06	1.58453e+06	1.53098e+06	1.41916e+06	1.57731e+06	1.43562e+06	1.93718e+06
Q92544	Q92544		TM9SF4		3.53509e+07	5.8499e+07	3.90679e+07	4.28589e+07	4.83545e+07	6.06419e+07	5.24432e+07	6.67495e+07
Q92545	Q92545		TMEM131		9.21571e+06	8.79486e+06	9.77737e+06	9.20772e+06	9.53558e+06	1.48087e+07	9.91804e+06	1.4098e+07
Q92546	Q92546		RGP1		1.12057e+07	1.19687e+07	1.19071e+07	1.27118e+07	1.2163e+07	1.43757e+07	1.04503e+07	1.18185e+07
Q92551	Q92551		IP6K1			920497	701252	1.31399e+06	448003	763689	738896	784073
Q92552	Q92552		MRPS27		4.57263e+07	2.5055e+07	3.67501e+07	1.57842e+07	5.72306e+07	3.08911e+07	4.62362e+07	3.83929e+07
Q92556	Q92556		ELMO1		1.19845e+06	1.22538e+06	1.22034e+06	1.09526e+06	1.14585e+06	723587	997063	793446
Q92558	Q92558		WASF1		3.83323e+06	2.79689e+06	4.04348e+06	3.55556e+06	2.66683e+06	4.17586e+06	3.24584e+06	2.93479e+06
Q92560	Q92560		BAP1		150456	342609	238279	463017	235669	112232	339975	88741.5
Q92562	Q92562		FIG4		1.4628e+06		1.60088e+06	1.3037e+06		1.82525e+06	540803	
Q92567	Q92567		FAM168A		1.2219e+06	618688	999808	631552	2.01305e+06	421775	1.69544e+06	722743
Q92572	Q92572		AP3S1		8.77663e+06	1.13979e+07	1.12906e+07	1.38563e+07	7.121e+06	8.8638e+06	1.03116e+07	8.08312e+06
Q92574	Q92574		TSC1		5.65657e+06	1.00318e+07	7.57073e+06	1.01963e+07	4.34249e+06	6.73498e+06	6.08365e+06	1.07817e+07
Q92575	Q92575		UBXN4		1.57352e+07	1.39166e+07	1.90886e+07	1.68745e+07	1.47629e+07	2.0672e+07	1.55196e+07	1.4317e+07
Q92581	Q92581		SLC9A6		7.70143e+06	7.84698e+06	8.8663e+06	9.38223e+06	6.51986e+06	1.07986e+07	8.52609e+06	8.8243e+06
Q92597	Q92597		NDRG1		4.22143e+07	4.44649e+07	3.27094e+07	7.42731e+07	3.17133e+07	3.02047e+07	4.87966e+07	3.66756e+07
Q92598	Q92598		HSPH1		1.58738e+07	1.80635e+07	1.56222e+07	1.33967e+07	1.59679e+07	1.64126e+07	1.77125e+07	1.85524e+07
Q92599	Q92599		SEPTIN8		4.43564e+07	3.57131e+07	3.37781e+07	2.91718e+07	4.40807e+07	3.04782e+07	3.49678e+07	3.14048e+07
Q92600	Q92600		CNOT9		7.73888e+06	1.16428e+07	1.04448e+07	1.36338e+07	7.72164e+06	7.61771e+06	9.98755e+06	6.80182e+06
Q92604	Q92604		LPGAT1		8.1306e+06	6.7421e+06	8.49506e+06	8.58917e+06	4.77922e+06	1.29003e+07	6.53773e+06	7.83269e+06
Q92609	Q92609		TBC1D5		5.97073e+06	9.46305e+06	7.5972e+06	8.1695e+06	7.62207e+06	5.41368e+06	7.76327e+06	5.68567e+06
Q92611	Q92611		EDEM1		5.93076e+06	4.3211e+06	5.89771e+06	4.64316e+06	5.8547e+06	6.72889e+06	5.49158e+06	4.62693e+06
Q92614	Q92614		MYO18A		8.11146e+07	7.23738e+07	7.28658e+07	5.18843e+07	7.91849e+07	7.12231e+07	7.15279e+07	8.88576e+07
Q92615	Q92615		LARP4B		1.16596e+07	1.28537e+07	1.40937e+07	1.40523e+07	1.0695e+07	5.27494e+06	1.45896e+07	6.46997e+06
Q92616	Q92616		GCN1		3.91441e+07	5.64384e+07	4.61296e+07	5.74351e+07	4.17092e+07	3.20057e+07	4.75139e+07	3.44393e+07
Q92619	Q92619		ARHGAP45		2.27284e+06	1.73809e+06	1.54474e+06	1.33906e+06	1.88496e+06	945977	1.53329e+06	712700
Q92620	Q92620		DHX38		2.89652e+06	4.74883e+06	4.63726e+06	7.97888e+06	2.79629e+06	3.59238e+06	3.46794e+06	2.6417e+06
Q92621	Q92621		NUP205		5.50517e+07	9.86533e+07	6.95325e+07	8.80998e+07	1.05616e+08	5.94762e+07	1.16451e+08	8.27141e+07
Q92622	Q92622		RUBCN		785376	1.00566e+06	978903	1.14264e+06	1.37136e+06	687472	1.3076e+06	1.08562e+06
Q92623	Q92623		TTC9		739934	280619	491644	332045	989991	309614	437336	317748
Q92625	Q92625		ANKS1A		4.13023e+06	4.51038e+06	4.51253e+06	4.20591e+06	4.45945e+06	4.14764e+06	4.69231e+06	3.78542e+06
Q92626	Q92626		PXDN		1.68704e+07	6.35692e+06	1.19074e+07	8.71135e+06	9.70496e+06	1.96079e+07	7.47546e+06	1.24312e+07
Q92630	Q92630		DYRK2		8.49547e+06	9.12932e+06	9.40941e+06	9.47666e+06		8.04099e+06	1.06803e+07	7.69153e+06
Q92633	Q92633		LPAR1		2.85032e+06	3.64285e+06	2.58836e+06	2.17586e+06	2.88281e+06	2.34988e+06	3.99013e+06	3.14694e+06
Q92643	Q92643		PIGK		3.99459e+07	3.51484e+07	5.11356e+07	4.97618e+07	3.64843e+07	7.65444e+07	4.06447e+07	5.59932e+07
Q92665	Q92665		MRPS31		2.72617e+07	1.25572e+07	2.13623e+07	8.65788e+06	3.0372e+07	1.45144e+07	2.44692e+07	1.61464e+07
Q92667	Q92667		AKAP1		1.66346e+07	1.0184e+07	1.43788e+07	8.58474e+06	2.07076e+07	9.43442e+06	1.61092e+07	8.65328e+06
Q92673	Q92673		SORL1		7.01736e+06	6.6089e+06	8.07169e+06	9.24463e+06	5.79952e+06	9.77546e+06	1.01105e+07	9.91656e+06
Q92685	Q92685		ALG3		1.69547e+07	1.42038e+07	1.79253e+07	1.7703e+07	1.90044e+07	2.92799e+07	1.73948e+07	3.01598e+07
Q92686	Q92686		NRGN		914593	1.12936e+06	770177	1.14292e+06	1.12074e+06	856914	1.20341e+06	1.0403e+06
Q92688	Q92688		ANP32B		1.17618e+07	2.87822e+07	1.95054e+07	2.3056e+07	1.13003e+07	1.72264e+07	2.17199e+07	2.0697e+07
Q92692	Q92692		NECTIN2		4.93799e+07	3.362e+07	4.29648e+07	3.20162e+07	4.06088e+07	4.56163e+07	3.80635e+07	3.51637e+07
Q92696	Q92696		RABGGTA		7.15545e+06	7.04009e+06	7.25424e+06	6.08241e+06	7.00004e+06	5.75565e+06	7.46718e+06	5.70431e+06
Q92729	Q92729		PTPRU		3.05019e+06	3.01371e+06	3.05814e+06	2.13573e+06	2.69142e+06	2.63834e+06	2.92299e+06	2.99324e+06
Q92733	Q92733		PRCC		448697	895489	580934	610515	700651	397794	914889	380474
Q92734	Q92734		TFG		2.00303e+07	2.49868e+07	2.39005e+07	2.44551e+07	2.21712e+07	2.09103e+07	2.30955e+07	2.38601e+07
Q92737	Q92737		RASL10A				5.80374e+06					
Q92738	Q92738		USP6NL		8.768e+06	7.5511e+06	7.69404e+06	8.06723e+06	8.45539e+06	6.70182e+06	7.87928e+06	7.60656e+06
Q92743	Q92743		HTRA1		2.40501e+06	1.11062e+06	2.06505e+06	1.45001e+06	3.46361e+06	2.25967e+06	1.94735e+06	1.84487e+06
Q92747	Q92747		ARPC1A		1.12817e+07	1.29458e+07	1.09159e+07	1.16393e+07	8.41814e+06	1.35144e+07	1.09713e+07	1.22156e+07
Q92769	Q92769		HDAC2		9.6119e+06	3.35338e+07	2.03166e+07	4.55484e+07	1.7314e+07	1.86335e+07	2.4835e+07	1.48902e+07
Q92777	Q92777		SYN2		987453	903678	1.02975e+06	1.11527e+06	994115	1.2607e+06	1.07777e+06	1.16545e+06
Q92783	Q92783		STAM		7.39988e+06	5.13177e+06	6.10181e+06	5.19749e+06	5.95301e+06	4.89693e+06	4.87396e+06	5.03809e+06
Q92785	Q92785		DPF2		2.34352e+06	4.27747e+06	2.89807e+06	4.41028e+06	3.03455e+06	2.23932e+06	3.47969e+06	2.07909e+06
Q92791	Q92791		P3H4		1.65685e+07	5.4514e+06	1.48256e+07	9.82904e+06	1.58535e+07	1.63088e+07	1.37675e+07	1.31417e+07
Q92793	Q92793		CREBBP		192859	542158	263871	541460	185994	290341	276918	277866
Q92796	Q92796		DLG3		4.10244e+06	2.11613e+06	2.52582e+06	2.05795e+06	3.52124e+06	3.43514e+06	2.37473e+06	2.88111e+06
Q92797	Q92797		SYMPK		5.26718e+06	1.82055e+07	1.16494e+07	2.37252e+07	8.31463e+06	7.33859e+06	1.21267e+07	7.59399e+06
Q92804	Q92804		TAF15		5.97519e+06	6.86061e+06	6.60096e+06	9.49238e+06	7.33254e+06	5.4518e+06	8.12033e+06	7.19638e+06
Q92805	Q92805		GOLGA1		1.74602e+06	1.8625e+06	1.66816e+06	1.60175e+06	2.08788e+06	2.0754e+06	1.65568e+06	2.11687e+06
Q92817	Q92817		EVPL		2.8496e+06	7.08521e+06	2.73355e+06	3.74161e+06	3.35969e+06	3.83015e+06	3.88489e+06	
Q92819	Q92819		HAS2		509147	516126	296583	334567	692052	216319	465235	570702
Q92820	Q92820		GGH		6.9349e+07	4.43054e+07	5.38046e+07	3.51762e+07	8.73645e+07	5.79652e+07	7.51307e+07	6.41507e+07
Q92823	Q92823		NRCAM		7.3048e+06	1.83258e+06	5.25455e+06	2.70493e+06	5.70346e+06	3.60259e+06	4.14865e+06	2.28046e+06
Q92824	Q92824		PCSK5		750124	546064	396655	308503	777593	715534	431642	531324
Q92828	Q92828		CORO2A		1.43983e+06	2.42501e+06	1.6299e+06	2.03848e+06	1.33392e+06	1.09384e+06	1.55451e+06	1.17562e+06
Q92841	Q92841		DDX17		5.99584e+06	1.67755e+07	1.10194e+07	1.83059e+07	1.00514e+07	8.44556e+06	1.28442e+07	8.21963e+06
Q92843	Q92843		BCL2L2		1.63947e+06	2.17011e+06	1.9595e+06	2.07716e+06	1.69142e+06	2.20881e+06	2.00316e+06	2.03818e+06
Q92845	Q92845		KIFAP3		1.78779e+06	2.43566e+06	2.15477e+06	2.65544e+06	1.88999e+06	1.50828e+06	2.2861e+06	1.43094e+06
Q92854	Q92854		SEMA4D		1.85876e+06	811367	1.9201e+06	1.18048e+06	1.65308e+06	1.80671e+06	1.86677e+06	1.19399e+06
Q92859	Q92859		NEO1		1.35321e+07	1.12642e+07	1.19584e+07	9.21518e+06	1.71477e+07	1.74347e+07	1.31099e+07	1.50417e+07
Q92870	Q92870		APBB2		4.4439e+06	2.90609e+06	4.71485e+06	2.99511e+06	4.44845e+06	2.86332e+06	4.11768e+06	2.52582e+06
Q92876	Q92876		KLK6			5.04534e+06				2.92603e+06		
Q92878	Q92878		RAD50		1.89801e+07	5.90349e+07	2.61528e+07	5.19752e+07	3.36006e+07	2.16949e+07	3.86052e+07	2.50922e+07
Q92879	Q92879		CELF1		6.93762e+06	7.93259e+06	1.01618e+07	9.89688e+06	6.87483e+06	4.8814e+06	1.07241e+07	4.60544e+06
Q92882	Q92882		OSTF1		1.51936e+07	1.7935e+07	1.7654e+07	1.80277e+07	1.41067e+07	1.98602e+07	1.97368e+07	2.00846e+07
Q92888	Q92888		ARHGEF1		2.19201e+07	4.18895e+07	3.68728e+07	5.69685e+07	1.95412e+07	2.35109e+07	3.17792e+07	2.16707e+07
Q92889	Q92889		ERCC4		704936	1.33136e+06	1.00313e+06	1.54676e+06	828079	963265	1.10619e+06	871910
Q92890	Q92890		UFD1		1.03356e+07	1.24805e+07	1.30864e+07	1.14231e+07	1.40969e+07	1.11356e+07	1.4509e+07	1.04689e+07
Q92896	Q92896		GLG1		2.69873e+07	2.73178e+07	3.21504e+07	3.7464e+07	3.63693e+07	4.45181e+07	3.37459e+07	4.09509e+07
Q92900	Q92900		UPF1		2.11243e+07	2.23661e+07	2.5578e+07	2.67933e+07	2.03671e+07	1.57136e+07	2.41313e+07	1.55406e+07
Q92905	Q92905		COPS5		4.87366e+06	7.98772e+06	7.02567e+06	7.48887e+06	4.78893e+06	6.31236e+06	7.34834e+06	7.07307e+06
Q92917	Q92917		GPKOW		2.57727e+06	3.14408e+06	3.59266e+06	3.43701e+06	2.76255e+06	3.11417e+06	2.64624e+06	2.87229e+06
Q92922	Q92922		SMARCC1		4.90222e+06	1.58639e+07	8.47814e+06	1.91741e+07	8.70684e+06	7.12117e+06	1.12581e+07	7.42914e+06
Q92925	Q92925		SMARCD2		1.74504e+06	7.79324e+06	2.99803e+06	6.7378e+06	4.29445e+06	3.56737e+06	4.76792e+06	3.59529e+06
Q92928	Q92928		RAB1C		308421	259531	312612	333337	390846	386439	290149	366490
Q92930	Q92930		RAB8B		2.11255e+07	1.64331e+07	2.10916e+07	2.12643e+07	1.29509e+07	2.61227e+07	1.79934e+07	2.40272e+07
Q92934	Q92934		BAD		1.32042e+06	2.92661e+06	2.14373e+06	1.5794e+06	2.22358e+06	3.42865e+06	3.28444e+06	5.05124e+06
Q92945	Q92945		KHSRP		7.11789e+06	2.38185e+07	1.76366e+07	3.28596e+07	1.28748e+07	1.15595e+07	2.55611e+07	1.10523e+07
Q92947	Q92947		GCDH		4.06993e+07	3.1017e+07	3.8987e+07	1.90929e+07	5.68279e+07	2.49284e+07	5.38102e+07	3.95908e+07
Q92959	Q92959		SLCO2A1		3.24418e+06	6.52563e+06	3.52669e+06	1.99393e+06	2.49627e+06	3.80335e+06	2.83893e+06	3.07995e+06
Q92968	Q92968		PEX13		8.55603e+06	5.33971e+06	7.10998e+06	5.95105e+06	6.52457e+06	1.32644e+07	5.27041e+06	8.83788e+06
Q92973	Q92973		TNPO1		2.19339e+07	4.54416e+07	3.03476e+07	4.6288e+07	2.73489e+07	3.8472e+07	3.4315e+07	3.60469e+07
Q92974	Q92974		ARHGEF2		1.089e+07	9.3936e+06	1.57146e+07	1.52271e+07	7.14737e+06	9.96915e+06	8.91121e+06	6.48371e+06
Q92979	Q92979		EMG1		1.79413e+07	3.9688e+07	3.43632e+07	4.61956e+07	2.29813e+07	4.09595e+07	3.89684e+07	3.51159e+07
Q92982	Q92982		NINJ1		3.01218e+06	3.82934e+06	4.15146e+06	4.43126e+06	2.48245e+06	3.26968e+06	3.18594e+06	2.38219e+06
Q92990	Q92990		GLMN		5.82858e+06	7.85885e+06	8.72494e+06	1.14011e+07	4.72196e+06	7.00741e+06	6.32206e+06	5.17912e+06
Q92994	Q92994		BRF1		4.28377e+06	4.10422e+06	3.51403e+06	3.84217e+06	3.42079e+06	4.55778e+06	3.29779e+06	4.74349e+06
Q92995	Q92995		USP13		1.24789e+07	1.8136e+07	2.00896e+07	2.7198e+07	1.21728e+07	1.92159e+07	1.85003e+07	1.81598e+07
Q92997	Q92997		DVL3		1.72997e+06	1.48194e+06	1.4816e+06	1.36692e+06	1.67135e+06	1.43418e+06	1.47774e+06	1.42129e+06
Q93008	Q93008		USP9X		2.66389e+06	4.24725e+06	3.96168e+06	4.56034e+06	2.19432e+06	2.65232e+06	3.46453e+06	2.27555e+06
Q93009	Q93009		USP7		5.10184e+06	1.23331e+07	7.09826e+06	1.06445e+07	5.70158e+06	6.92449e+06	7.42426e+06	7.06811e+06
Q93015	Q93015		NAA80		749359	757152		1.18056e+06			1.23771e+06	767089
Q93034	Q93034		CUL5		5.00641e+06	7.41634e+06	5.787e+06	7.4189e+06	4.90239e+06	5.33911e+06	5.97768e+06	4.26884e+06
Q93050	Q93050		ATP6V0A1		2.73529e+07	2.69285e+07	3.2239e+07	3.34871e+07	2.26423e+07	4.86614e+07	2.68173e+07	3.72137e+07
Q93052	Q93052		LPP		1.60519e+07	1.83045e+07	1.61463e+07	1.40852e+07	2.00414e+07	1.67084e+07	1.92728e+07	2.58756e+07
Q93062	Q93062		RBPMS		3.57871e+06	4.41259e+06	4.1205e+06	4.79915e+06	4.18905e+06	2.40422e+06	5.14907e+06	2.52322e+06
Q93063	Q93063		EXT2		1.43267e+07	1.5942e+07	1.64433e+07	1.68281e+07	1.94256e+07	2.93789e+07	1.85931e+07	2.72718e+07
Q93073	Q93073		SECISBP2L		1.31203e+06	1.50349e+06	1.53818e+06	1.54043e+06	1.09389e+06	1.29821e+06	1.41491e+06	1.21543e+06
Q93074	Q93074		MED12		1.09709e+06	4.04559e+06	1.50208e+06	5.14881e+06	1.39058e+06	2.17608e+06	2.0853e+06	1.86998e+06
Q93084	Q93084		ATP2A3		4.17001e+06	1.94952e+06	3.62475e+06	3.47088e+06	3.09334e+06	3.94626e+06	2.71037e+06	2.67224e+06
Q93096	Q93096		PTP4A1		6.83827e+06	5.20157e+06	7.35823e+06	5.44347e+06	5.18399e+06	8.60745e+06	5.89363e+06	7.53645e+06
Q93100	Q93100		PHKB		1.57713e+06	3.31138e+06	2.60761e+06	4.14981e+06	1.74522e+06	1.91545e+06	2.50164e+06	1.96203e+06
Q969E2	Q969E2		SCAMP4		2.75434e+07	2.74093e+07	3.29769e+07	2.8736e+07	2.4404e+07	3.52927e+07	3.04709e+07	3.74508e+07
Q969F1	Q969F1		GTF3C6		2.58949e+06	2.05633e+06	2.67803e+06	2.34777e+06	3.31903e+06	1.82353e+06	3.43807e+06	1.9746e+06
Q969F9	Q969F9		HPS3		2.05179e+06	2.35969e+06	2.56394e+06	3.08124e+06	1.76187e+06	2.19481e+06	2.2829e+06	1.72938e+06
Q969G3	Q969G3		SMARCE1		1.07489e+06	3.7876e+06	2.13855e+06	3.65205e+06	2.51289e+06	1.54939e+06	3.22895e+06	1.68753e+06
Q969G5	Q969G5		CAVIN3		5.96241e+07	4.94799e+07	5.3947e+07	2.24135e+07	4.90427e+07	1.63339e+07	6.44281e+07	1.37346e+07
Q969G6	Q969G6		RFK		2.69681e+06	1.98867e+06	2.47982e+06	1.63696e+06	3.17676e+06	1.80744e+06	3.03022e+06	2.42927e+06
Q969H8	Q969H8		MYDGF		7.45725e+07	3.0814e+07	6.32681e+07	3.44853e+07	9.65346e+07	5.36257e+07	5.81185e+07	3.88939e+07
Q969J3	Q969J3		BORCS5		7.68856e+06	4.41612e+06	6.68536e+06	4.08291e+06	8.32032e+06	6.91881e+06	7.39396e+06	5.86995e+06
Q969K3	Q969K3		RNF34		1.21104e+06	928079	1.01851e+06	975286	1.19789e+06	1.26141e+06	981647	1.24491e+06
Q969L2	Q969L2		MAL2			3.72953e+06						492568
Q969M1	Q969M1		TOMM40L		1.27211e+07	1.07371e+07	1.11321e+07	1.17368e+07	1.19704e+07	1.42847e+07	1.12482e+07	1.40953e+07
Q969M3	Q969M3		YIPF5		7.05931e+06	9.1102e+06	6.88383e+06	9.76358e+06	1.19275e+07	1.12359e+07	8.44452e+06	1.30626e+07
Q969M7	Q969M7		UBE2F		7.5627e+06	7.48869e+06	7.845e+06	8.04822e+06	6.79971e+06	6.71557e+06	8.2032e+06	6.41361e+06
Q969N2	Q969N2		PIGT		3.42445e+07	2.96815e+07	4.22139e+07	4.09044e+07	2.96932e+07	6.37166e+07	3.51548e+07	5.02675e+07
Q969P0	Q969P0		IGSF8		3.89775e+07	2.74455e+07	4.02616e+07	3.15995e+07	2.95094e+07	3.41556e+07	3.36005e+07	2.30177e+07
Q969P6	Q969P6		TOP1MT		8.40494e+06	9.24645e+06	1.25076e+07	1.05723e+07	9.34771e+06	1.52976e+07	1.21722e+07	1.47334e+07
Q969Q0	Q969Q0		RPL36AL		7.72201e+07	7.63637e+07	1.08351e+08	8.73714e+07	9.98534e+07	7.98276e+07	8.50638e+07	7.8694e+07
Q969Q5	Q969Q5		RAB24		1.2313e+07	1.9898e+07	1.17496e+07	1.01656e+07	2.87519e+07	1.5841e+07	1.8168e+07	2.46808e+07
Q969R8	Q969R8		ITFG2		447604	162884	227504	166106	300096	174834	204232	
Q969S3	Q969S3		ZNF622		2.45008e+06	6.60979e+06	4.01603e+06	5.52674e+06	2.66217e+06	3.92064e+06	4.19658e+06	4.08665e+06
Q969S9	Q969S9		GFM2		4.07191e+07	2.48257e+07	3.61714e+07	1.67462e+07	5.15953e+07	1.59047e+07	4.22712e+07	1.87964e+07
Q969T3	Q969T3		SNX21		1.10549e+06	975447	551248	749765	888678	540358	484089	399682
Q969T7	Q969T7		NT5C3B		2.1011e+06	2.61486e+06	2.80482e+06	3.45967e+06	2.00587e+06	2.70473e+06	2.57131e+06	2.45874e+06
Q969T9	Q969T9		WBP2		8.12579e+06	1.11893e+07	1.05161e+07	1.18285e+07	7.14659e+06	1.28766e+07	8.7899e+06	1.12824e+07
Q969U7	Q969U7		PSMG2		3.18442e+06	4.68802e+06	4.2364e+06	4.74562e+06	3.15401e+06	4.04692e+06	4.39218e+06	4.05349e+06
Q969V3	Q969V3		NCLN		5.59986e+07	4.99244e+07	5.36388e+07	5.92385e+07	5.65388e+07	9.82114e+07	4.95961e+07	7.57026e+07
Q969V5	Q969V5		MUL1		1.39488e+07	1.61334e+07	1.42013e+07	1.34397e+07	2.09706e+07	2.22248e+07	1.51357e+07	2.13657e+07
Q969W9	Q969W9		PMEPA1		4.93063e+06	4.10162e+06	4.58733e+06	4.69992e+06	5.40802e+06	4.34048e+06	4.27263e+06	5.11688e+06
Q969X1	Q969X1		TMBIM1		6.97467e+06	5.65684e+06	8.16059e+06	8.49085e+06	6.79003e+06	1.07195e+07	6.14633e+06	7.27622e+06
Q969X5	Q969X5		ERGIC1		2.4888e+07	3.2668e+07	2.49903e+07	2.86783e+07	3.49647e+07	3.3474e+07	3.16566e+07	4.15606e+07
Q969X6	Q969X6		UTP4		2.07091e+06	3.78586e+06	3.41172e+06	4.52973e+06	2.79341e+06	3.66089e+06	3.66487e+06	2.93936e+06
Q969Y0	Q969Y0		NXPE3		191067	199879	236115	266548	156141	382174	254092	321904
Q969Y2	Q969Y2		GTPBP3		1.66566e+07	7.43845e+06	1.20817e+07	3.82627e+06	1.86182e+07	6.01216e+06	1.33275e+07	6.52674e+06
Q969Z0	Q969Z0		TBRG4		9.2023e+07	5.46922e+07	8.69091e+07	4.18919e+07	1.1167e+08	6.51127e+07	9.94723e+07	6.89179e+07
Q969Z3	Q969Z3		MTARC2		1.31229e+07	8.3113e+06	9.93387e+06	1.04822e+07	1.03539e+07	1.15576e+07	8.84165e+06	9.61924e+06
Q969Z4	Q969Z4		RELT		445138	257991	321182	342243	442105	827819	299389	613835
Q96A19	Q96A19		CCDC102A		160939	171124	115293	127168	207769	213942	146441	217894
Q96A26	Q96A26		FAM162A		1.6809e+08	1.78293e+08	1.45176e+08	1.60225e+08	2.3458e+08	2.6274e+08	2.13118e+08	2.82048e+08
Q96A29	Q96A29		SLC35C1		2.60706e+06	4.10471e+06	4.95283e+06	2.89606e+06	4.25962e+06	4.43328e+06	4.21353e+06	5.53879e+06
Q96A33	Q96A33		CCDC47		3.60162e+07	3.95236e+07	4.09808e+07	4.21335e+07	3.75809e+07	7.05063e+07	4.15155e+07	6.36602e+07
Q96A35	Q96A35		MRPL24		6.84876e+07	5.14266e+07	5.71029e+07	3.5476e+07	9.12632e+07	6.18952e+07	7.44765e+07	7.24086e+07
Q96A46	Q96A46		SLC25A28		5.22081e+06	6.23442e+06	5.08455e+06	5.0965e+06	8.01465e+06	1.15233e+07	5.55409e+06	1.20922e+07
Q96A49	Q96A49		SYAP1		150691	170238	126738	150673	183574	112441	195731	186876
Q96A54	Q96A54		ADIPOR1		506715	764888	709624	471579	542332	999086	869701	1.47873e+06
Q96A57	Q96A57		TMEM230		1.34208e+07	1.7284e+07	1.57692e+07	1.62483e+07	1.80475e+07	2.03291e+07	1.81981e+07	2.4497e+07
Q96A65	Q96A65		EXOC4		1.66873e+07	1.75655e+07	1.643e+07	1.92113e+07	1.52972e+07	1.33984e+07	1.48794e+07	1.37022e+07
Q96A73	Q96A73		KIAA1191		7.43266e+06	1.17095e+07	6.83989e+06	8.28433e+06	8.46573e+06	6.82293e+06	9.94038e+06	9.85044e+06
Q96AA3	Q96AA3		RFT1		4.25092e+07	4.86484e+07	5.49232e+07	5.58331e+07	5.2967e+07	7.19522e+07	5.87352e+07	7.56652e+07
Q96AB3	Q96AB3		ISOC2		4.19406e+07	2.87338e+07	3.68634e+07	1.44058e+07	5.90195e+07	2.10115e+07	5.54267e+07	2.7648e+07
Q96AB6	Q96AB6		NTAN1		1.50104e+06	1.58361e+06	906288	831335	1.16671e+06	969533	1.41701e+06	2.04037e+06
Q96AC1	Q96AC1		FERMT2		3.57358e+07	2.16873e+07	3.13743e+07	3.29155e+07	3.32052e+07	2.67346e+07	2.89719e+07	2.50324e+07
Q96AD5	Q96AD5		PNPLA2		3.27148e+06	4.42639e+06	3.69043e+06	3.99742e+06	3.82134e+06	4.10997e+06	3.55692e+06	3.99323e+06
Q96AE4	Q96AE4		FUBP1		7.4193e+06	2.10278e+07	1.78e+07	2.90103e+07	1.24384e+07	1.14743e+07	2.09864e+07	9.70651e+06
Q96AE7	Q96AE7		TTC17		3.73108e+06	4.44206e+06	3.99039e+06	3.67267e+06	4.48485e+06	7.86297e+06	4.62268e+06	8.45341e+06
Q96AG3	Q96AG3		SLC25A46		7.07419e+06	1.254e+07	6.33785e+06	6.65113e+06	1.11538e+07	9.43161e+06	8.45998e+06	1.33505e+07
Q96AG4	Q96AG4		LRRC59		4.93242e+08	5.18708e+08	5.57809e+08	6.1482e+08	5.33572e+08	8.75373e+08	5.99509e+08	8.24063e+08
Q96AJ9	Q96AJ9		VTI1A		8.22259e+06	8.84208e+06	9.10286e+06	9.09934e+06	6.93502e+06	1.24685e+07	7.34646e+06	9.8893e+06
Q96AK3	Q96AK3		APOBEC3D		4.86652e+06	2.93393e+06	5.39393e+06	4.84515e+06	4.67331e+06	4.02806e+06	5.00834e+06	3.75055e+06
Q96AN5	Q96AN5		TMEM143		2.27809e+06	2.80624e+06	1.73713e+06	1.68781e+06	2.44395e+06	2.06444e+06	2.64048e+06	3.43415e+06
Q96AP0	Q96AP0		ACD		144213	319168	168141	239135	131307	174791	234602	137835
Q96AP7	Q96AP7		ESAM		4.62012e+06	3.27186e+06	4.76963e+06	5.18778e+06	2.97347e+06	4.46633e+06	2.17751e+06	3.01391e+06
Q96AQ6	Q96AQ6		PBXIP1		7.21513e+06	3.36818e+06	6.13868e+06	5.6055e+06	6.46382e+06	7.92566e+06	5.84554e+06	6.62738e+06
Q96AQ8	Q96AQ8		MCUR1		8.11428e+06	8.64747e+06	6.35751e+06	7.31015e+06	9.0117e+06	9.73559e+06	7.32034e+06	1.08522e+07
Q96AT9	Q96AT9		RPE		3.55509e+06	4.22941e+06	3.77951e+06	3.2306e+06	3.60315e+06	3.76155e+06	3.77327e+06	3.7077e+06
Q96AX1	Q96AX1		VPS33A		8.63326e+06	8.43879e+06	7.89245e+06	7.23383e+06	9.13026e+06	9.33713e+06	8.44207e+06	9.2952e+06
Q96AX2	Q96AX2		RAB37		8.52281e+06	5.45701e+06	7.55733e+06	4.83948e+06	6.68401e+06	8.75267e+06	7.26525e+06	7.12722e+06
Q96AX9	Q96AX9		MIB2		1.03944e+06	2.26251e+06	1.08537e+06	1.11979e+06	1.12406e+06	1.19274e+06	1.22834e+06	1.92649e+06
Q96AY3	Q96AY3		FKBP10		1.06355e+08	3.55964e+07	1.02582e+08	6.06081e+07	1.26068e+08	9.38064e+07	8.04565e+07	5.95063e+07
Q96AY4	Q96AY4		TTC28		2.38755e+06	3.39809e+06	3.58852e+06	3.61179e+06	2.76812e+06	2.56201e+06	3.24328e+06	2.44097e+06
Q96AZ6	Q96AZ6		ISG20		1.10661e+06	891133	1.35455e+06	1.90047e+06	1.21845e+06	658964	892291	391358
Q96B02	Q96B02		UBE2W		2.96652e+06	4.28705e+06	3.24813e+06	4.16646e+06	4.88411e+06	4.1018e+06	4.19666e+06	5.51826e+06
Q96B26	Q96B26		EXOSC8		1.34817e+06	3.80081e+06	2.29574e+06	4.0887e+06	1.81754e+06	2.88704e+06	2.81342e+06	3.40761e+06
Q96B36	Q96B36		AKT1S1		1.76233e+06	2.03594e+06	1.65614e+06	1.14724e+06	2.34222e+06	1.5804e+06	2.12596e+06	2.20084e+06
Q96B67	Q96B67		ARRDC3		1.7986e+06	1.28769e+06	1.16136e+06	1.53061e+06	1.42393e+06	1.22134e+06	2.04016e+06	1.96468e+06
Q96B77	Q96B77		TMEM186		6.66823e+06	9.09524e+06	6.86341e+06	6.31678e+06	9.58283e+06	9.62372e+06	8.86484e+06	1.04878e+07
Q96B96	Q96B96		LDAF1		7.02559e+06	1.04276e+07	7.85348e+06	9.03462e+06	9.71506e+06	9.25068e+06	7.94086e+06	9.36976e+06
Q96B97	Q96B97		SH3KBP1		2.20076e+07	3.01748e+07	2.36901e+07	2.20545e+07	2.54551e+07	1.62586e+07	2.54556e+07	2.1737e+07
Q96BD0	Q96BD0		SLCO4A1		4.45479e+07	1.13556e+07	3.53155e+07	2.82321e+07	2.20135e+07	2.85122e+07	1.65509e+07	1.76475e+07
Q96BD5	Q96BD5		PHF21A					1.49096e+06				
Q96BH1	Q96BH1		RNF25		593701	920636	714085	831090	698964	485438	1.02306e+06	950673
Q96BI1	Q96BI1		SLC67A1		2.18679e+07	2.43993e+07	2.24035e+07	2.37546e+07	2.0431e+07	2.06608e+07	2.5712e+07	2.53297e+07
Q96BI3	Q96BI3		APH1A		7.54028e+06	7.44007e+06	7.90754e+06	7.65303e+06	8.56944e+06	1.24203e+07	7.91733e+06	1.10815e+07
Q96BJ3	Q96BJ3		AIDA		5.49102e+06	4.76696e+06	3.89012e+06	4.87197e+06	4.1434e+06	5.06385e+06	3.84869e+06	4.83406e+06
Q96BM9	Q96BM9		ARL8A		1.30843e+07	7.08796e+06	1.21186e+07	9.61026e+06	8.02027e+06	1.08759e+07	8.50982e+06	8.48502e+06
Q96BN8	Q96BN8		OTULIN		5.19273e+06	1.0972e+07	9.3802e+06	1.31394e+07	6.64062e+06	6.80596e+06	8.64671e+06	5.48513e+06
Q96BP2	Q96BP2		CHCHD1		2.30641e+07	1.15763e+07	2.11584e+07	1.33103e+07	3.06091e+07	1.52301e+07	1.94821e+07	1.60463e+07
Q96BP3	Q96BP3		PPWD1		7.71094e+06	1.3703e+07	1.01536e+07	1.2996e+07	8.09761e+06	1.06075e+07	1.11872e+07	1.1127e+07
Q96BQ1	Q96BQ1		FAM3D		776843	631148	810025	657347	770859	1.05829e+06	692906	1.2171e+06
Q96BQ5	Q96BQ5		CCDC127		1.69311e+07	2.13577e+07	1.30741e+07	1.37816e+07	2.24928e+07	1.79134e+07	1.86962e+07	2.48527e+07
Q96BR1	Q96BR1		SGK3						363777	620026		430832
Q96BR5	Q96BR5		COA7		7.77891e+07	4.70688e+07	6.04422e+07	2.47723e+07	8.82641e+07	3.78569e+07	7.38391e+07	3.86242e+07
Q96BW5	Q96BW5		PTER		1.2356e+06	967549	1.58816e+06	1.327e+06	851111	1.32795e+06	1.43308e+06	854511
Q96BW9	Q96BW9		TAMM41		6.40618e+07	6.12561e+07	5.5255e+07	4.26533e+07	7.51547e+07	6.68711e+07	6.24236e+07	7.7054e+07
Q96BX8	Q96BX8		MOB3A		5.99151e+06	4.16899e+06	5.25599e+06	7.11374e+06	4.49961e+06	5.15706e+06	4.16142e+06	4.64557e+06
Q96BY6	Q96BY6		DOCK10		1.28828e+07	1.06003e+07	1.16019e+07	1.43492e+07	1.00902e+07	1.3855e+07	1.05965e+07	1.24847e+07
Q96BY7	Q96BY7		ATG2B		1.68006e+06	2.59585e+06	2.4377e+06	2.93934e+06	1.72791e+06	2.24578e+06	2.81006e+06	2.01792e+06
Q96BY9	Q96BY9		SARAF		1.27068e+06	2.05378e+06	1.52586e+06	1.80354e+06	1.92367e+06	4.63738e+06	2.4986e+06	5.6652e+06
Q96BZ8	Q96BZ8		LENG1				655352					
Q96BZ9	Q96BZ9		TBC1D20		1.77109e+06	1.49493e+06	1.93043e+06	2.00278e+06	2.05039e+06	2.60963e+06	1.86647e+06	2.14168e+06
Q96C01	Q96C01		FAM136A		2.94481e+07	2.39043e+07	2.47785e+07	1.82553e+07	3.4476e+07	3.38792e+07	2.58576e+07	3.97779e+07
Q96C03	Q96C03		MIEF2		1.60007e+06	2.22228e+06	1.74665e+06	1.8098e+06	2.14337e+06	1.6613e+06	1.9391e+06	2.1082e+06
Q96C12	Q96C12		ARMC5		429449	528865	387170	431479	375846	569010	437620	550791
Q96C19	Q96C19		EFHD2		3.4934e+07	2.88361e+07	4.78403e+07	4.75353e+07	2.80085e+07	4.49644e+07	3.72892e+07	3.56191e+07
Q96C23	Q96C23		GALM		2.11887e+06	1.90134e+06	2.09078e+06	1.97568e+06	1.65134e+06	1.96403e+06	2.08347e+06	1.92971e+06
Q96C24	Q96C24		SYTL4		8.37131e+06	6.3084e+06	6.04647e+06	5.28837e+06	1.00418e+07	9.14813e+06	6.24556e+06	7.72788e+06
Q96C36	Q96C36		PYCR2		9.81695e+07	7.72278e+07	9.38057e+07	5.79601e+07	1.19705e+08	8.93969e+07	1.14387e+08	8.79174e+07
Q96C86	Q96C86		DCPS		1.92165e+06	8.92179e+06	5.16229e+06	1.14094e+07	2.25465e+06	4.2639e+06	4.86758e+06	4.32527e+06
Q96C90	Q96C90		PPP1R14B					1.63223e+07				
Q96CB9	Q96CB9		NSUN4		4.49241e+07	2.63264e+07	3.55265e+07	1.90401e+07	5.70609e+07	2.7134e+07	4.24165e+07	3.11935e+07
Q96CC6	Q96CC6		RHBDF1		2.97014e+06	1.71964e+06	2.06849e+06	1.60262e+06	2.16721e+06	1.54706e+06	1.45761e+06	1.0343e+06
Q96CE8	Q96CE8		TM4SF18		1.16292e+07	2.68225e+06	1.20796e+07	1.70327e+07	2.41836e+06	3.47344e+07	5.701e+06	1.25633e+07
Q96CG8	Q96CG8		CTHRC1		8.29636e+07	2.72987e+07	5.33223e+07	4.62279e+07	9.22954e+07	2.98483e+07	5.91178e+07	2.61437e+07
Q96CM3	Q96CM3		RPUSD4		4.73601e+06	4.94119e+06	5.02514e+06	3.50587e+06	7.30299e+06	8.61192e+06	6.58446e+06	9.55133e+06
Q96CM8	Q96CM8		ACSF2		3.85916e+07	2.08194e+07	2.83442e+07	8.08369e+06	5.06535e+07	9.74881e+06	4.26063e+07	1.56595e+07
Q96CN7	Q96CN7		ISOC1		1.52304e+07	2.55856e+07	2.15109e+07	2.90641e+07	1.74821e+07	2.60193e+07	2.46673e+07	2.63885e+07
Q96CN9	Q96CN9		GCC1		3.29493e+06	4.00447e+06	3.43652e+06	4.11678e+06	3.45667e+06	3.17018e+06	3.2558e+06	3.23735e+06
Q96CP6	Q96CP6		GRAMD1A		5.80373e+06	4.29989e+06	6.15162e+06	6.13311e+06	6.99695e+06	9.25265e+06	5.78501e+06	7.31092e+06
Q96CP7	Q96CP7		TLCD1		2.81963e+06	3.145e+06	3.17678e+06	3.66144e+06	3.50567e+06	5.34481e+06	3.54971e+06	5.17168e+06
Q96CQ1	Q96CQ1		SLC25A36		2.57822e+07	3.61631e+07	2.6074e+07	2.92297e+07	2.70452e+07	3.75255e+07	3.07425e+07	3.57378e+07
Q96CS2	Q96CS2		HAUS1		431887	317875	305406	271500	381920	259546	316498	287253
Q96CS3	Q96CS3		FAF2		1.28421e+08	1.9562e+08	1.45161e+08	1.53074e+08	1.82128e+08	2.28011e+08	1.88002e+08	2.40348e+08
Q96CS7	Q96CS7		PLEKHB2		1.26613e+06	651795	1.28442e+06	971428	803902	1.42059e+06	825222	562335
Q96CT7	Q96CT7		CCDC124		7.77911e+06	8.19368e+06	7.16575e+06	7.1547e+06	9.77069e+06	4.93021e+06	9.31892e+06	6.12735e+06
Q96CU9	Q96CU9		FOXRED1		2.68081e+07	2.43272e+07	2.29702e+07	1.62572e+07	3.75653e+07	2.12396e+07	3.12661e+07	2.62675e+07
Q96CV9	Q96CV9		OPTN		2.95291e+07	2.25134e+07	2.48313e+07	1.88951e+07	2.01899e+07	2.97251e+07	2.35787e+07	1.60461e+07
Q96CW1	Q96CW1		AP2M1		6.68576e+07	7.85011e+07	5.43676e+07	6.8295e+07	7.04312e+07	5.58116e+07	5.17411e+07	5.28861e+07
Q96CW5	Q96CW5		TUBGCP3		5.53754e+06	6.59581e+06	6.71558e+06	7.4399e+06	5.86957e+06	5.06555e+06	6.22654e+06	5.62892e+06
Q96CX2	Q96CX2		KCTD12		2.11331e+07	1.16095e+07	1.58353e+07	1.86388e+07	1.87149e+07	1.462e+07	1.52624e+07	1.41251e+07
Q96D15	Q96D15		RCN3		8.57312e+07	3.12486e+07	7.20593e+07	3.98811e+07	1.00519e+08	5.74966e+07	5.83126e+07	3.51253e+07
Q96D31	Q96D31		ORAI1		6.00149e+06	4.81149e+06	6.42828e+06	7.0501e+06	6.23171e+06	7.297e+06	6.79393e+06	6.44618e+06
Q96D46	Q96D46		NMD3		1.19161e+07	1.65363e+07	1.75518e+07	2.23642e+07	1.36389e+07	1.93431e+07	1.66382e+07	1.63054e+07
Q96D53	Q96D53		COQ8B		7.9137e+06	4.34535e+06	5.42391e+06	3.35927e+06	8.65813e+06	3.88951e+06	6.57011e+06	4.8522e+06
Q96D70	Q96D70		R3HDM4		242771	233991	326093	327198	249474	119292	352723	180572
Q96D71	Q96D71		REPS1		5.10639e+06	4.5111e+06	5.13254e+06	5.47223e+06	3.6683e+06	3.99568e+06	4.75714e+06	3.58914e+06
Q96DA0	Q96DA0		ZG16B		39593.4	40132.3	264809	57116.3	314535		121205	8.0503e+06
Q96DA2	Q96DA2		RAB39B		4.07039e+06	7.8027e+06	4.67098e+06	4.40545e+06	4.08663e+06	4.8548e+06	5.66973e+06	6.54946e+06
Q96DA6	Q96DA6		DNAJC19		8.12371e+07	9.48046e+07	9.36497e+07	9.16668e+07	1.04618e+08	1.10865e+08	1.04184e+08	1.14521e+08
Q96DB5	Q96DB5		RMDN1		4.44362e+07	3.48633e+07	3.77841e+07	2.39663e+07	4.79306e+07	3.47745e+07	5.11485e+07	3.94722e+07
Q96DC7	Q96DC7		TMCO6			620199	446314	550278	745832	145858	751656	302755
Q96DC8	Q96DC8		ECHDC3		1.66778e+07	1.34777e+07	1.51448e+07	9.40466e+06	1.63367e+07	1.214e+07	1.91238e+07	1.32516e+07
Q96DC9	Q96DC9		OTUB2		2.09633e+06	2.22285e+06	1.65514e+06	1.7856e+06	3.05793e+06	2.02926e+06	2.28622e+06	2.50648e+06
Q96DD7	Q96DD7		SHISA4		1.68928e+06	1.56335e+06	1.78808e+06	1.50256e+06	1.17408e+06	1.30221e+06	1.70828e+06	1.27475e+06
Q96DE0	Q96DE0		NUDT16		4.55611e+06	4.3931e+06	4.96251e+06	4.18005e+06	6.33055e+06	4.91301e+06	6.20304e+06	6.07906e+06
Q96DG6	Q96DG6		CMBL		9.03564e+06	1.74884e+07	9.71469e+06	1.00495e+07	1.3517e+07	1.11431e+07	1.68398e+07	1.93439e+07
Q96DH6	Q96DH6		MSI2		8.59033e+06	6.28312e+06	9.3224e+06	7.35329e+06	7.74857e+06	4.04616e+06	9.17306e+06	3.85039e+06
Q96DI7	Q96DI7		SNRNP40		2.65841e+06	6.71259e+06	4.8594e+06	6.90759e+06	4.65065e+06	4.3229e+06	5.52451e+06	3.77049e+06
Q96DM3	Q96DM3		RMC1		1.70463e+07	1.50993e+07	1.39643e+07	9.68414e+06	1.99331e+07	1.35903e+07	1.37444e+07	1.46988e+07
Q96DP5	Q96DP5		MTFMT		1.164e+07	9.53186e+06	9.48655e+06	6.0899e+06	1.45355e+07	8.11464e+06	1.14119e+07	9.74257e+06
Q96DR7	Q96DR7		ARHGEF26		829527	611051	1.06744e+06	892128	1.1183e+06	938473	952062	841732
Q96DT6	Q96DT6		ATG4C		589610	843703	843481	918130	527487	449822	824853	411902
Q96DT7	Q96DT7		ZBTB10		304674	646523	518980	990766	350874	493238	546334	448284
Q96DV4	Q96DV4		MRPL38		9.74117e+07	7.3316e+07	8.25034e+07	4.93145e+07	1.24263e+08	7.91447e+07	1.07655e+08	1.02795e+08
Q96DW6	Q96DW6		SLC25A38		2.07915e+06	2.01051e+06	2.04684e+06	1.97026e+06	4.10394e+06	5.27842e+06	2.10447e+06	5.02328e+06
Q96DX4	Q96DX4		RSPRY1		6.11024e+06	5.00363e+06	6.34271e+06	5.36556e+06	5.7128e+06	6.60034e+06	6.15247e+06	5.60622e+06
Q96DZ1	Q96DZ1		ERLEC1		1.92698e+07	1.57612e+07	1.72489e+07	1.76238e+07	1.86565e+07	2.21542e+07	1.62248e+07	1.69506e+07
Q96E11	Q96E11		MRRF		4.99912e+07	5.26088e+07	5.24425e+07	3.4777e+07	6.77342e+07	5.67889e+07	7.11642e+07	7.61935e+07
Q96E17	Q96E17		RAB3C		1.66701e+06			2.96885e+06		2.77608e+06	1.99292e+06	2.61156e+06
Q96E22	Q96E22		NUS1		2.22464e+06	2.60058e+06	2.21846e+06	2.43444e+06	2.05467e+06	4.7293e+06	2.34569e+06	4.02809e+06
Q96E29	Q96E29		MTERF3		1.29726e+07	8.49882e+06	1.42484e+07	6.6646e+06	1.80342e+07	1.65838e+07	1.74417e+07	1.93579e+07
Q96E39	Q96E39		RBMXL1		268736	636017	477174	573705	455573	279115	619060	134700
Q96E52	Q96E52		OMA1		9.97764e+06	1.18126e+07	8.69609e+06	7.23881e+06	1.31038e+07	1.14667e+07	1.05954e+07	1.28185e+07
Q96EB1	Q96EB1		ELP4			1.62928e+06		1.37493e+06		995912		
Q96EB6	Q96EB6		SIRT1		263661	1.42892e+06	933558	1.82572e+06	374135	1.31506e+06	706527	929871
Q96EC8	Q96EC8		YIPF6		7.59115e+06	7.99783e+06	8.82659e+06	9.84084e+06	8.95164e+06	1.06095e+07	8.98157e+06	9.6674e+06
Q96EE3	Q96EE3		SEH1L		1.09406e+07	1.30479e+07	1.19641e+07	1.0933e+07	1.67253e+07	9.97466e+06	1.81577e+07	1.20276e+07
Q96EE4	Q96EE4		CCDC126		5.02245e+06	4.89403e+06	4.83671e+06	6.24332e+06	5.21536e+06	8.37468e+06	4.40344e+06	5.97839e+06
Q96EF6	Q96EF6		FBXO17		1.54029e+06	2.72824e+06	2.43515e+06	2.38601e+06	1.91325e+06	3.31389e+06	3.10596e+06	4.31446e+06
Q96EG1	Q96EG1		ARSG		421182	513362	418334	284452	566746	460616	617913	662433
Q96EH3	Q96EH3		MALSU1		1.1708e+07	9.72445e+06	1.03114e+07	4.54363e+06	1.67471e+07	1.07504e+07	1.47422e+07	1.43434e+07
Q96EI5	Q96EI5		TCEAL4		181919	389156	296396	293224	256397	189915	328204	194521
Q96EK4	Q96EK4		THAP11		1.2863e+06	2.42647e+06	2.12196e+06	2.88008e+06	1.62483e+06	1.63149e+06	1.97093e+06	1.11649e+06
Q96EK5	Q96EK5		KIFBP		3.70836e+06	4.11066e+06	4.6551e+06	5.47387e+06	3.52966e+06	4.09e+06	4.59595e+06	3.76226e+06
Q96EK6	Q96EK6		GNPNAT1		1.14704e+07	1.55384e+07	1.30759e+07	1.57957e+07	1.31723e+07	1.55362e+07	1.51479e+07	1.70409e+07
Q96EK7	Q96EK7		FAM120B		602471	961235	1.00224e+06	1.40411e+06	759974	663390	883805	646747
Q96EK9	Q96EK9		KTI12		3.87241e+06	5.06864e+06	5.46833e+06	6.26604e+06	4.25518e+06	4.43262e+06	5.41215e+06	3.44624e+06
Q96EL2	Q96EL2		MRPS24		4.62059e+07	2.36922e+07	3.88269e+07	1.75749e+07	4.72095e+07	2.89666e+07	3.91018e+07	3.33121e+07
Q96EL3	Q96EL3		MRPL53		5.76335e+07	4.37348e+07	5.37123e+07	3.42671e+07	7.4055e+07	5.66323e+07	6.70446e+07	7.49553e+07
Q96EM0	Q96EM0		L3HYPDH		2.45984e+06	2.9581e+06	3.45917e+06	4.40472e+06	2.05439e+06	3.52388e+06	3.14749e+06	3.09847e+06
Q96EN8	Q96EN8		MOCOS		919396	1.12492e+06	1.24093e+06	978504	596051	882861	895758	740163
Q96EP0	Q96EP0		RNF31		887938	1.82441e+06	1.67264e+06	2.07765e+06	809255	1.1963e+06	1.53513e+06	1.25573e+06
Q96EP5	Q96EP5		DAZAP1		2.92406e+07	4.19769e+07	5.01401e+07	5.77526e+07	3.69731e+07	2.33516e+07	5.21776e+07	2.31318e+07
Q96EQ0	Q96EQ0		SGTB		722280	1.0263e+06	1.10323e+06	1.18758e+06		937559	975209	788295
Q96ER3	Q96ER3		SAAL1		1.76921e+06	4.66733e+06	3.4167e+06	6.55121e+06	2.04547e+06	3.33495e+06	3.39321e+06	3.21715e+06
Q96ER9	Q96ER9		CCDC51		6.43746e+07	9.1015e+07	7.99078e+07	7.85451e+07	9.21906e+07	1.12145e+08	9.63729e+07	1.24112e+08
Q96ES6	Q96ES6		MFSD3		7.67594e+07	9.62601e+07	8.7392e+07	8.57281e+07	1.06637e+08	1.09717e+08	1.07798e+08	1.00983e+08
Q96ES7	Q96ES7		SGF29		781831	1.32616e+06	1.12218e+06	1.64198e+06	795499	956041	1.02248e+06	939887
Q96EU6	Q96EU6		RRP36							351400		
Q96EU7	Q96EU7		C1GALT1C1		5.51459e+06	7.65132e+06	7.95386e+06	8.79896e+06	6.79459e+06	1.52978e+07	7.84914e+06	1.10679e+07
Q96EV2	Q96EV2		RBM33		582351	1.18763e+06	936532	1.23185e+06	937411	704182	983540	895094
Q96EV8	Q96EV8		DTNBP1		1.72375e+06	2.0716e+06	1.68707e+06	1.64917e+06	1.65333e+06	1.49463e+06	1.76765e+06	
Q96EX1	Q96EX1		SMIM12		9.77595e+06	1.05812e+07	9.00984e+06	8.91132e+06	1.1997e+07	1.90601e+07	9.75987e+06	1.79e+07
Q96EX2	Q96EX2		RNFT2		536147	761822	697123	868630	701186	928351	872668	1.22401e+06
Q96EY1	Q96EY1		DNAJA3		1.85936e+08	1.32468e+08	1.82593e+08	1.12405e+08	2.38771e+08	2.09416e+08	2.24574e+08	2.45133e+08
Q96EY4	Q96EY4		TMA16		8.59947e+06	1.53279e+07	1.11393e+07	1.30297e+07	1.09501e+07	1.13775e+07	1.43866e+07	1.11647e+07
Q96EY5	Q96EY5		MVB12A		6.84393e+06	9.98017e+06	8.12261e+06	9.23552e+06	7.18618e+06	7.38957e+06	8.2583e+06	9.52419e+06
Q96EY7	Q96EY7		PTCD3		5.60601e+07	2.65165e+07	4.69311e+07	2.07957e+07	5.8749e+07	3.51396e+07	4.90484e+07	3.87716e+07
Q96EY8	Q96EY8		MMAB		3.64179e+07	1.97532e+07	2.39405e+07	9.38137e+06	3.97874e+07	1.24337e+07	3.19493e+07	1.72567e+07
Q96EZ8	Q96EZ8		MCRS1			753436	382642	796539	513596	544361	473411	372876
Q96F07	Q96F07		CYFIP2		2.82391e+06	2.90072e+06	2.96299e+06	2.54275e+06	2.33813e+06	2.3128e+06	3.36614e+06	2.65976e+06
Q96F25	Q96F25		ALG14		5.51778e+06	6.03899e+06	5.39859e+06	5.68648e+06	4.90502e+06	8.20313e+06	5.54059e+06	7.45443e+06
Q96F44	Q96F44		TRIM11		427865	566589	679186	1.11041e+06	394052	988243	411845	471594
Q96F46	Q96F46		IL17RA		2.46124e+06	2.85943e+06	2.52036e+06	2.25489e+06	3.01671e+06	3.2973e+06	2.72935e+06	3.2609e+06
Q96F63	Q96F63		CCDC97		452843		399761	427491	480370	654241	304997	592894
Q96F85	Q96F85		CNRIP1		5.86792e+06	5.49018e+06	6.74085e+06	7.17891e+06	3.66031e+06	6.61055e+06	5.86028e+06	5.67953e+06
Q96F86	Q96F86		EDC3		6.88484e+06	8.6558e+06	1.09038e+07	1.27081e+07	6.18364e+06	8.38799e+06	8.448e+06	7.04472e+06
Q96FJ0	Q96FJ0		STAMBPL1		2.59897e+06	2.51609e+06	2.04318e+06	2.24575e+06	2.3529e+06	2.10502e+06	2.06165e+06	2.3179e+06
Q96FK6	Q96FK6		WDR89		1.54872e+06	3.05109e+06	2.89755e+06	3.2763e+06	2.26688e+06	1.73666e+06	3.10661e+06	1.67381e+06
Q96FL9	Q96FL9		GALNT14		9.07839e+06	8.5142e+06	1.25485e+07	1.41184e+07	1.20094e+07	1.75509e+07	1.12021e+07	1.18543e+07
Q96FN4	Q96FN4		CPNE2		3.58034e+06	3.60443e+06	4.18025e+06	4.77576e+06	2.73473e+06	4.02568e+06	3.7019e+06	3.43182e+06
Q96FQ6	Q96FQ6		S100A16		5.44456e+07	4.29254e+07	5.15844e+07	8.08616e+07	5.1151e+07	3.77738e+07	5.42834e+07	2.81414e+07
Q96FS4	Q96FS4		SIPA1		4.7755e+06	5.42127e+06	5.1579e+06	4.77208e+06	4.54984e+06	4.6007e+06	5.21921e+06	4.80746e+06
Q96FV3	Q96FV3		TSPAN17		666081	636241	485395	532610	850420	1.19624e+06	764308	975962
Q96FV9	Q96FV9		THOC1		2.92795e+06	6.45514e+06	5.35736e+06	7.93116e+06	6.12136e+06	4.01674e+06	8.9662e+06	3.91315e+06
Q96FW1	Q96FW1		OTUB1		1.39237e+07	3.50823e+07	2.30896e+07	3.73634e+07	1.64404e+07	1.98553e+07	2.49594e+07	1.88721e+07
Q96FX7	Q96FX7		TRMT61A		2.91779e+06	1.00818e+07	5.20321e+06	5.39865e+06	2.91133e+06	4.81495e+06	5.91444e+06	5.35219e+06
Q96FX8	Q96FX8		PERP		1.39789e+07	1.05734e+07	1.58232e+07	1.67512e+07	1.35323e+07	1.56392e+07	1.59047e+07	1.30598e+07
Q96FZ2	Q96FZ2		HMCES		1.28934e+06	2.26493e+06	1.85713e+06	2.82059e+06	1.63392e+06	1.52648e+06	2.22699e+06	1.76756e+06
Q96FZ5	Q96FZ5		CMTM7		1.50182e+07	2.04362e+07	1.73368e+07	2.09417e+07	1.64356e+07	1.73766e+07	2.33539e+07	2.06889e+07
Q96FZ7	Q96FZ7		CHMP6		7.67773e+06	6.62297e+06	7.84457e+06	7.27177e+06	6.90879e+06	9.43422e+06	7.84418e+06	1.07594e+07
Q96G01	Q96G01		BICD1		1.27855e+06	1.21537e+06	1.15161e+06	1.06683e+06	1.5171e+06	1.31369e+06	1.28629e+06	1.63892e+06
Q96G03	Q96G03		PGM2		3.83008e+06	8.83372e+06	5.00815e+06	4.92917e+06	4.13816e+06	4.86263e+06	5.59452e+06	5.3159e+06
Q96G21	Q96G21		IMP4		663549	1.44077e+06	1.23931e+06	1.98164e+06	894506	1.13496e+06	1.15743e+06	930548
Q96G23	Q96G23		CERS2		8.46653e+07	5.45885e+07	8.37947e+07	8.79173e+07	6.9228e+07	1.49658e+08	6.23768e+07	1.13588e+08
Q96G25	Q96G25		MED8		1.30844e+06	2.99851e+06	1.80637e+06	3.11064e+06	1.67506e+06	2.23024e+06	2.13971e+06	1.98539e+06
Q96G46	Q96G46		DUS3L		320103	1.30554e+06	722656	1.17883e+06	386035	719336	945870	806342
Q96G74	Q96G74		OTUD5		581329	1.08804e+06	649156	597532	612257	1.01138e+06	534363	1.1812e+06
Q96G97	Q96G97		BSCL2		3.55405e+06	4.96196e+06	4.95571e+06	4.65987e+06	6.95312e+06	6.4857e+06	5.79016e+06	8.05174e+06
Q96GA3	Q96GA3		LTV1			516568	885748		502359	732414	625545	560711
Q96GA7	Q96GA7		SDSL		512836	950682	837579	772849	586120	695231	818729	774498
Q96GC5	Q96GC5		MRPL48		3.18105e+07	2.59272e+07	2.7589e+07	1.80996e+07	4.59412e+07	2.9673e+07	4.05595e+07	3.72119e+07
Q96GC9	Q96GC9		VMP1		1.91292e+07	2.18525e+07	1.97955e+07	2.22212e+07	2.24936e+07	3.05935e+07	2.23238e+07	3.23645e+07
Q96GD0	Q96GD0		PDXP		2.74729e+06	3.02562e+06	3.11274e+06	3.17118e+06	2.86541e+06	2.47513e+06	3.17747e+06	2.51743e+06
Q96GD4	Q96GD4		AURKB		2.72327e+06	3.33154e+06	2.84894e+06	3.27107e+06	3.29588e+06	4.35116e+06	3.50907e+06	3.95388e+06
Q96GE9	Q96GE9		DMAC1		6.97021e+06	8.03758e+06	6.28773e+06	5.35589e+06	9.25653e+06	1.16159e+07	7.55676e+06	2.09132e+07
Q96GF1	Q96GF1		RNF185		6.50248e+06	5.51285e+06	6.93074e+06	6.52755e+06	7.84129e+06	1.21674e+07	6.94625e+06	1.35517e+07
Q96GG9	Q96GG9		DCUN1D1		4.05977e+06	4.22264e+06	4.23947e+06	3.97039e+06	4.3119e+06	4.10805e+06	4.65252e+06	4.05503e+06
Q96GI7	Q96GI7		FAM89A		7.74279e+06	8.71032e+06	7.61836e+06	7.81397e+06	5.08229e+06	4.8656e+06	6.30326e+06	5.51355e+06
Q96GJ1	Q96GJ1		TRMT2B		1.02035e+07	8.39298e+06	9.8726e+06	5.95072e+06	1.16813e+07	9.21755e+06	1.06355e+07	1.0095e+07
Q96GK7	Q96GK7		FAHD2A		3.39527e+07	1.27421e+07	2.55707e+07	9.69461e+06	3.17554e+07	1.25318e+07	2.64565e+07	1.31817e+07
Q96GM1	Q96GM1		PLPPR2		307258	476375	865183	600837	205606	704768	894668	952422
Q96GM5	Q96GM5		SMARCD1		2.90168e+06	1.02571e+07	5.59421e+06	1.7414e+07	4.02107e+06	5.53534e+06	8.56612e+06	4.68616e+06
Q96GM8	Q96GM8		TOE1		2.38642e+06	6.36168e+06	3.91608e+06	5.31468e+06	2.41666e+06	3.88032e+06	4.2206e+06	4.4444e+06
Q96GP6	Q96GP6		SCARF2		1.29697e+07	5.77026e+06	1.11001e+07	9.04952e+06	1.31327e+07	9.56381e+06	1.08742e+07	9.50813e+06
Q96GQ5	Q96GQ5		RUSF1		2.55023e+07	2.47855e+07	2.8228e+07	2.88924e+07	3.02308e+07	3.37462e+07	2.99802e+07	3.15896e+07
Q96GQ7	Q96GQ7		DDX27		2.44557e+06	5.52694e+06	3.84785e+06	5.67012e+06	2.94569e+06	3.15667e+06	4.62277e+06	3.45684e+06
Q96GS4	Q96GS4		BORCS6		3.73754e+06	2.63268e+06	3.32263e+06	1.87469e+06	3.87084e+06	2.76543e+06	3.76699e+06	3.08106e+06
Q96GW9	Q96GW9		MARS2		1.54724e+07	1.6705e+07	1.39213e+07	8.3909e+06	2.51337e+07	1.62834e+07	2.21231e+07	2.27953e+07
Q96GX5	Q96GX5		MASTL		1.18235e+06	1.44351e+06	1.79839e+06	2.44324e+06	999120	1.92267e+06	1.38261e+06	1.41732e+06
Q96GX9	Q96GX9		APIP		1.64032e+06	3.04651e+06	2.02719e+06	2.51483e+06	1.89698e+06	2.37532e+06	2.42468e+06	2.74387e+06
Q96GY0	Q96GY0		ZC2HC1A		2.29408e+06	2.07825e+06	1.88471e+06	2.00127e+06	2.37125e+06	2.64692e+06	2.28676e+06	1.97899e+06
Q96GZ6	Q96GZ6		SLC41A3		6.41444e+06	6.7927e+06	6.88724e+06	7.42463e+06	6.12962e+06	8.94028e+06	5.16921e+06	7.22974e+06
Q96H20	Q96H20		SNF8		3.38166e+06	4.32595e+06	4.08908e+06	5.21978e+06	3.05597e+06	3.53206e+06	3.85779e+06	3.9576e+06
Q96H55	Q96H55		MYO19		2.68596e+07	3.28164e+07	2.70188e+07	2.65776e+07	2.51055e+07	3.64935e+07	2.61441e+07	3.51777e+07
Q96H72	Q96H72		SLC39A13		5.82561e+06	9.63488e+06	8.28221e+06	1.051e+07	8.2936e+06	1.01403e+07	8.09063e+06	1.07493e+07
Q96H78	Q96H78		SLC25A44		4.74309e+06	4.01352e+06	4.74447e+06	4.13671e+06	4.36742e+06	6.70311e+06	3.55785e+06	5.01258e+06
Q96H79	Q96H79		ZC3HAV1L		7.1259e+06	3.92583e+06	6.26302e+06	8.12224e+06	6.92977e+06	6.76969e+06	5.75381e+06	5.51383e+06
Q96H96	Q96H96		COQ2		1.66262e+06	2.8766e+06	2.04374e+06	1.68961e+06	1.98137e+06	3.05731e+06	3.2711e+06	3.95561e+06
Q96HA4	Q96HA4		C1orf159		2.18361e+06	2.2692e+06	1.90891e+06	1.69564e+06	2.36614e+06	3.26478e+06	2.47535e+06	2.90502e+06
Q96HA8	Q96HA8		NTAQ1		364121	425001	500899	479940	317322	529799	462684	506159
Q96HC4	Q96HC4		PDLIM5		1.30961e+07	1.48798e+07	1.53192e+07	1.71102e+07	1.54978e+07	1.48724e+07	1.50887e+07	1.49205e+07
Q96HD1	Q96HD1		CRELD1		4.60292e+06	3.38318e+06	3.90751e+06	3.70614e+06	4.5242e+06	3.34849e+06	3.43928e+06	3.12607e+06
Q96HE7	Q96HE7		ERO1A		1.74642e+08	5.12697e+07	1.39198e+08	6.80598e+07	1.74601e+08	1.01376e+08	1.03875e+08	6.82874e+07
Q96HE9	Q96HE9		PRR11		6.31712e+06	4.203e+06	9.3436e+06	1.00744e+07	4.62088e+06	1.69597e+07	7.84958e+06	1.46176e+07
Q96HG1	Q96HG1		SMIM10		1.37956e+06	1.79386e+06	1.84265e+06	1.89828e+06	1.17971e+06	2.19929e+06	1.93549e+06	1.97619e+06
Q96HI0	Q96HI0		SENP5		1.02446e+06	3.34453e+06	1.97758e+06	3.0758e+06	1.51212e+06	1.41742e+06	2.04074e+06	1.36419e+06
Q96HJ9	Q96HJ9		FMC1		3.17207e+07	1.75589e+07	2.29929e+07	8.21873e+06	3.55685e+07	1.26326e+07	3.11053e+07	1.55921e+07
Q96HN2	Q96HN2		AHCYL2		7.70156e+06	7.2486e+06	7.4498e+06	5.70318e+06	6.23508e+06	6.48991e+06	6.41355e+06	5.49063e+06
Q96HP0	Q96HP0		DOCK6		2.70095e+06	2.14727e+06	2.84536e+06	2.36146e+06	2.65442e+06	1.77664e+06	2.1438e+06	1.786e+06
Q96HP4	Q96HP4		OXNAD1		1.57356e+07	1.97234e+07	1.74239e+07	9.31653e+06	2.77568e+07	1.51781e+07	2.66843e+07	2.28424e+07
Q96HR3	Q96HR3		MED30		2.2939e+06	5.57985e+06	4.28677e+06	6.55759e+06	2.60413e+06	4.52475e+06	4.95572e+06	3.40685e+06
Q96HR8	Q96HR8		NAF1		283190	126556	147414	379274	355948	274067	307975	274446
Q96HR9	Q96HR9		REEP6		2.10177e+07	1.16647e+07	2.09661e+07	1.96473e+07	2.37474e+07	2.32635e+07	1.95469e+07	1.81929e+07
Q96HS1	Q96HS1		PGAM5		1.14861e+08	1.16585e+08	1.12878e+08	1.05406e+08	1.2615e+08	1.82524e+08	1.22874e+08	1.96501e+08
Q96HV5	Q96HV5		TMEM41A		1.2324e+07	1.00495e+07	1.33021e+07	1.31233e+07	1.29595e+07	1.93337e+07	1.09104e+07	1.5648e+07
Q96HW7	Q96HW7		INTS4		632493	2.83682e+06	1.26099e+06	3.2756e+06	1.17958e+06	1.39054e+06	1.80827e+06	1.14472e+06
Q96HY6	Q96HY6		DDRGK1		2.82288e+07	2.56918e+07	2.8827e+07	2.87965e+07	2.64778e+07	3.08342e+07	2.84077e+07	3.11609e+07
Q96HY7	Q96HY7		DHTKD1		3.09302e+07	1.78906e+07	2.23386e+07	1.19969e+07	3.3019e+07	2.12814e+07	2.24954e+07	2.05299e+07
Q96I15	Q96I15		SCLY		8.50654e+06	2.14268e+07	1.14682e+07	1.35793e+07	1.12058e+07	1.58961e+07	1.50124e+07	2.23466e+07
Q96I23	Q96I23		PYURF		7.3663e+06	4.51473e+06	5.12412e+06	3.11947e+06	8.95202e+06	4.82978e+06	7.56032e+06	4.83893e+06
Q96I24	Q96I24		FUBP3		9.25176e+06	9.13576e+06	1.06814e+07	8.27891e+06	1.00358e+07	4.57609e+06	1.19678e+07	5.27077e+06
Q96I25	Q96I25		RBM17		1.08194e+06	2.16174e+06	1.62359e+06	2.84074e+06	1.49227e+06	1.16418e+06	1.70972e+06	1.03898e+06
Q96I34	Q96I34		PPP1R16A		7.48351e+06	5.26688e+06	5.70289e+06	4.14961e+06	9.6283e+06	4.45595e+06	6.91974e+06	6.00176e+06
Q96I36	Q96I36		COX14		3.42502e+06	3.37635e+06	3.25857e+06	4.50853e+06	6.3987e+06	3.97443e+06	3.93325e+06	5.31085e+06
Q96I51	Q96I51		RCC1L		2.57895e+07	1.86669e+07	1.94981e+07	1.00272e+07	3.6513e+07	2.38191e+07	2.69808e+07	3.02026e+07
Q96I59	Q96I59		NARS2		4.60984e+07	2.45701e+07	3.77333e+07	1.47255e+07	6.38152e+07	2.21408e+07	4.64987e+07	2.33477e+07
Q96I99	Q96I99		SUCLG2		1.36536e+08	6.22333e+07	1.13545e+08	2.72515e+07	1.66336e+08	4.43903e+07	1.53559e+08	6.58033e+07
Q96IF1	Q96IF1		AJUBA		186444	220359	171456	213871	177160	158441	168669	171280
Q96IG2	Q96IG2		FBXL20		8.19453e+06	1.05511e+07	7.11513e+06	6.56806e+06	1.06835e+07	6.33655e+06	9.45309e+06	9.31745e+06
Q96II8	Q96II8		LRCH3		5.84945e+06	5.10626e+06	5.05713e+06	4.71201e+06	4.01263e+06	4.39389e+06	4.5716e+06	5.5091e+06
Q96IJ6	Q96IJ6		GMPPA		4.37361e+06	5.74555e+06	4.54958e+06	5.34073e+06	3.88534e+06	4.68814e+06	5.14283e+06	4.32597e+06
Q96IK0	Q96IK0		TMEM101		7.57984e+06	8.07798e+06	8.13871e+06	8.35025e+06	8.42176e+06	1.14013e+07	7.9801e+06	1.06532e+07
Q96IK1	Q96IK1		BOD1		2.65453e+06	1.82811e+06	2.40132e+06	1.67703e+06	3.60636e+06	1.43605e+06	2.98733e+06	2.05347e+06
Q96IL0	Q96IL0		COA8		7.61163e+06	1.12871e+07	7.71995e+06	7.61695e+06	1.10665e+07	1.33838e+07	1.19743e+07	1.67971e+07
Q96IR7	Q96IR7		HPDL		9.754e+07	5.42078e+07	9.20517e+07	3.37814e+07	1.23052e+08	5.42304e+07	1.08659e+08	5.88726e+07
Q96IU4	Q96IU4		ABHD14B		1.14912e+07	3.02015e+07	1.9565e+07	3.15698e+07	1.42327e+07	2.19996e+07	2.51965e+07	2.32422e+07
Q96IV0	Q96IV0		NGLY1		2.71772e+06	4.031e+06	3.70213e+06	3.65727e+06	3.00958e+06	2.24428e+06	3.44745e+06	2.11464e+06
Q96IW7	Q96IW7		SEC22A		1.19753e+07	9.28405e+06	1.29592e+07	1.32297e+07	1.10261e+07	1.79988e+07	1.12345e+07	1.35384e+07
Q96IX5	Q96IX5		ATP5MK		1.67536e+08	1.54661e+08	1.53091e+08	1.44084e+08	1.04219e+08	2.7564e+08	1.46015e+08	3.02427e+08
Q96IZ0	Q96IZ0		PAWR		4.10713e+06	4.20118e+06	3.72914e+06	1.75113e+06	5.95944e+06	2.48244e+06	4.45876e+06	3.34497e+06
Q96J01	Q96J01		THOC3		6.04515e+06	1.10718e+07	1.06574e+07	1.41955e+07	1.02897e+07	1.13962e+07	1.48865e+07	1.17082e+07
Q96J02	Q96J02		ITCH		7.02339e+06	5.71259e+06	7.89359e+06	7.58088e+06	4.8758e+06	9.83582e+06	5.98031e+06	7.73868e+06
Q96J42	Q96J42		TXNDC15		9.09496e+06	1.12902e+07	1.06499e+07	1.17279e+07	1.14552e+07	2.45443e+07	1.30464e+07	2.98648e+07
Q96J84	Q96J84		KIRREL1		2.80062e+07	2.23807e+07	2.41647e+07	1.95995e+07	2.41511e+07	3.18756e+07	2.28935e+07	2.82461e+07
Q96J92	Q96J92		WNK4		167834	359828	325271	330779	144796	222855	390099	322149
Q96JA1	Q96JA1		LRIG1		8.46612e+06	5.36968e+06	6.16378e+06	4.80364e+06	6.29532e+06	6.73005e+06	5.21381e+06	5.43279e+06
Q96JA3	Q96JA3		PLEKHA8		9.31359e+06	9.82991e+06	1.10084e+07	1.29393e+07	7.13977e+06	1.16456e+07	9.37298e+06	9.10852e+06
Q96JB2	Q96JB2		COG3		4.84772e+06	4.84683e+06	5.48387e+06	6.91484e+06	4.64743e+06	3.75963e+06	4.41757e+06	2.713e+06
Q96JB5	Q96JB5		CDK5RAP3		2.4758e+07	2.19287e+07	2.48719e+07	2.35171e+07	2.38797e+07	2.37996e+07	2.30988e+07	2.36688e+07
Q96JC1	Q96JC1		VPS39		1.04995e+07	8.04379e+06	8.0513e+06	6.98217e+06	1.25094e+07	6.6715e+06	8.63533e+06	7.98848e+06
Q96JG6	Q96JG6		VPS50		3.65757e+06	7.42585e+06	5.24175e+06	6.62591e+06	4.59835e+06	4.38557e+06	4.81232e+06	4.1665e+06
Q96JH7	Q96JH7		VCPIP1		3.83434e+06	5.3952e+06	5.67519e+06	7.40821e+06	4.58409e+06	3.96379e+06	5.64668e+06	4.37418e+06
Q96JH8	Q96JH8		RADIL		632066	395366	695619	487358	900545	554390	702751	923588
Q96JI7	Q96JI7		SPG11		1.76938e+06	2.0874e+06	1.90337e+06	1.89165e+06	2.17921e+06	1.96311e+06	2.15004e+06	2.20777e+06
Q96JJ3	Q96JJ3		ELMO2		2.34013e+07	3.14313e+07	2.49466e+07	3.17509e+07	2.28865e+07	2.61459e+07	2.30982e+07	2.31373e+07
Q96JJ7	Q96JJ7		TMX3		3.00205e+07	4.01711e+07	3.56495e+07	3.93702e+07	3.74022e+07	4.31075e+07	3.39711e+07	3.92522e+07
Q96JM3	Q96JM3		CHAMP1		1.36292e+06	2.28798e+06	2.34856e+06	3.7409e+06	2.3118e+06	1.2322e+06	3.65467e+06	894690
Q96JN8	Q96JN8		NEURL4		2.3259e+06	3.24018e+06	3.09669e+06	3.42894e+06	2.52457e+06	2.99193e+06	2.94167e+06	2.78444e+06
Q96JP5	Q96JP5		ZFP91		403229	827114	546549	681130	606318	316445	762121	456681
Q96JQ0	Q96JQ0		DCHS1		636830	703489	652798	643098	658612	1.36002e+06	856622	974266
Q96JQ2	Q96JQ2		CLMN		1.12552e+07	4.85808e+06	1.04662e+07	8.11265e+06	8.63498e+06	3.28184e+06	8.46779e+06	3.60799e+06
Q96JX3	Q96JX3		SERAC1		1.80347e+06	2.11454e+06	1.98916e+06	1.85851e+06	1.96455e+06	2.17533e+06	2.00478e+06	1.85247e+06
Q96K12	Q96K12		FAR2		3.37457e+06	5.33305e+06	4.85182e+06	5.04476e+06	2.82424e+06	9.24524e+06	4.12926e+06	9.6631e+06
Q96K17	Q96K17		BTF3L4		4.96492e+06	5.45461e+06	4.4297e+06	3.93588e+06	4.22209e+06	2.9509e+06	5.35736e+06	2.58962e+06
Q96K19	Q96K19		RNF170		3.9646e+06	6.20177e+06	3.73156e+06	4.14102e+06	6.42715e+06	5.0264e+06	5.44056e+06	7.28037e+06
Q96K21	Q96K21		ZFYVE19		2.34964e+06	1.27611e+06	1.84741e+06	1.50894e+06	1.22794e+06	1.18635e+06	1.50356e+06	1.1632e+06
Q96K37	Q96K37		SLC35E1		4.68489e+06	4.0849e+06	4.53398e+06	4.90947e+06	6.23906e+06	7.67728e+06	4.39615e+06	5.9063e+06
Q96K49	Q96K49		TMEM87B		3.57018e+06	4.21682e+06	3.36248e+06	3.45662e+06	3.37267e+06	4.69275e+06	2.63958e+06	3.52138e+06
Q96K58	Q96K58		ZNF668			43383	31881.2	43007.1	18454.4	34992.3	33570.7	28344.4
Q96K76	Q96K76		USP47		3.41701e+06	5.30785e+06	4.7588e+06	6.16975e+06	3.81685e+06	4.16793e+06	4.54341e+06	3.9352e+06
Q96KA5	Q96KA5		CLPTM1L		2.97485e+07	4.67652e+07	3.89218e+07	4.48142e+07	4.11204e+07	6.06478e+07	4.46276e+07	6.14541e+07
Q96KB5	Q96KB5		PBK		7.08688e+06	1.17888e+07	1.32881e+07	1.94184e+07	8.01479e+06	1.76288e+07	1.41472e+07	1.54988e+07
Q96KC2	Q96KC2		ARL5B		3.43376e+06	3.44409e+06	4.08629e+06	4.95352e+06	4.05886e+06	4.73145e+06	3.63929e+06	2.89806e+06
Q96KC8	Q96KC8		DNAJC1		8.54898e+06	8.39787e+06	9.4424e+06	9.9222e+06	1.08587e+07	9.23904e+06	9.27989e+06	9.7683e+06
Q96KF7	Q96KF7		SMIM8		5.14709e+06	4.48654e+06	4.55283e+06	5.23686e+06	8.95346e+06	8.83011e+06	6.02266e+06	8.3924e+06
Q96KG9	Q96KG9		SCYL1		1.02758e+07	1.46114e+07	1.33666e+07	1.6616e+07	1.09016e+07	1.59148e+07	1.31831e+07	1.58869e+07
Q96KN1	Q96KN1		LRATD2		2.34581e+06	3.40815e+06	3.10719e+06	4.09784e+06	2.81864e+06	3.45968e+06	3.28122e+06	3.35845e+06
Q96KP1	Q96KP1		EXOC2		1.33659e+07	1.38849e+07	1.25157e+07	1.50544e+07	1.24917e+07	1.15872e+07	1.17381e+07	1.24957e+07
Q96KP4	Q96KP4		CNDP2		1.41083e+07	1.90748e+07	1.57994e+07	1.54551e+07	1.3106e+07	1.35449e+07	1.85387e+07	1.58163e+07
Q96KQ4	Q96KQ4		PPP1R13B		2.50531e+06	1.83117e+06	2.12588e+06	1.52955e+06	2.57828e+06	1.63536e+06	2.57359e+06	1.89024e+06
Q96KR1	Q96KR1		ZFR		3.32969e+06	6.82684e+06	5.27663e+06	9.28316e+06	4.60997e+06	3.25504e+06	6.7561e+06	3.548e+06
Q96KR6	Q96KR6		FAM210B		1.85118e+07	2.32915e+07	1.55398e+07	1.28923e+07	2.40339e+07	2.24233e+07	1.86597e+07	2.61643e+07
Q96L46	Q96L46		CAPNS2			4.99414e+06	1.82187e+06	1.74189e+06	2.79282e+06	2.67218e+06	808907	
Q96L58	Q96L58		B3GALT6		1.39814e+07	1.75586e+07	1.30041e+07	1.78582e+07	2.05655e+07	2.94872e+07	1.652e+07	2.37391e+07
Q96L91	Q96L91		EP400		285089	1.0691e+06	607614	1.34415e+06	561253	476751	826967	408817
Q96L92	Q96L92		SNX27		2.22883e+07	1.42516e+07	1.96973e+07	1.74831e+07	1.94246e+07	1.7601e+07	1.69659e+07	1.55681e+07
Q96L93	Q96L93		KIF16B		758568	629234	937920	983387	977731	769367	877441	727920
Q96LB3	Q96LB3		IFT74		286394	396373	348950	341481	298618	246786	432101	223072
Q96LD4	Q96LD4		TRIM47		3.93079e+06	4.22275e+06	4.13323e+06	4.19991e+06	3.62987e+06	3.64005e+06	3.53582e+06	3.13989e+06
Q96LI5	Q96LI5		CNOT6L		4.80561e+06	3.74194e+06	4.93115e+06	4.65741e+06	4.00706e+06	3.82356e+06	5.38054e+06	3.87734e+06
Q96LL9	Q96LL9		DNAJC30		6.02085e+06	1.16734e+07	6.93095e+06	6.41481e+06	9.15074e+06	1.47862e+07	9.8961e+06	1.85045e+07
Q96LR5	Q96LR5		UBE2E2		1.32292e+07	3.50485e+07	3.04581e+07	5.04298e+07	1.80996e+07	3.02131e+07	2.93577e+07	2.86486e+07
Q96LT4	Q96LT4		SAMD8		9.94588e+06	9.09378e+06	1.05134e+07	1.03374e+07	1.3827e+07	9.54694e+06	1.04789e+07	1.04559e+07
Q96LT7	Q96LT7		C9orf72		2.05574e+06	1.97136e+06	1.92931e+06	1.93281e+06	2.1586e+06	1.83308e+06	2.1323e+06	1.8158e+06
Q96LW1	Q96LW1		ZNF354B		1.5225e+06	1.72203e+06	2.15011e+06	2.03121e+06	1.4268e+06	2.04814e+06	1.25238e+06	2.19917e+06
Q96LW7	Q96LW7		CARD19		7.74232e+06	7.66522e+06	6.02372e+06	6.00502e+06	1.03406e+07	7.71241e+06	8.36876e+06	9.70031e+06
Q96LZ7	Q96LZ7		RMDN2		1.0145e+07	1.26118e+07	8.92521e+06	9.16437e+06	1.48225e+07	1.1954e+07	1.10622e+07	1.3451e+07
Q96M27	Q96M27		PRRC1		1.07098e+07	1.62967e+07	1.19727e+07	1.76158e+07	1.14564e+07	1.29455e+07	1.20984e+07	1.24411e+07
Q96MC6	Q96MC6		MFSD14A		1.82075e+06	2.13658e+06	1.69237e+06	1.74182e+06	1.97968e+06	2.46697e+06	1.99133e+06	3.14975e+06
Q96ME1	Q96ME1		FBXL18		3.97501e+06	6.24491e+06	5.07488e+06	8.39714e+06	3.99334e+06	6.44049e+06	4.79478e+06	5.5088e+06
Q96ME7	Q96ME7		ZNF512		737140	1.8449e+06	1.32735e+06	2.20834e+06	1.09566e+06	1.46634e+06	2.04545e+06	1.23527e+06
Q96MG7	Q96MG7		NSMCE3		476217	1.23776e+06	917632	1.93486e+06	674347	883828	1.07782e+06	701471
Q96MH6	Q96MH6		TMEM68		1.38126e+07	1.42687e+07	1.52842e+07	1.30732e+07	1.57641e+07	1.37194e+07	1.50789e+07	1.31906e+07
Q96MP8	Q96MP8		KCTD7		58284.7	178025	96775.3	93933.1	46261.6	133163	129343	191623
Q96MT1	Q96MT1		RNF145		3.20119e+06	4.09654e+06	3.9656e+06	4.86889e+06	3.99296e+06	1.10035e+07	4.67962e+06	1.02977e+07
Q96MT8	Q96MT8		CEP63		2.17098e+07	1.52944e+07	1.90654e+07	1.67492e+07	2.40205e+07	2.52633e+07	1.6549e+07	2.18211e+07
Q96MU7	Q96MU7		YTHDC1		370554	357996	397085	453245	379792	255606	449528	178079
Q96MV1	Q96MV1		TLCD4		5.45737e+06	3.41202e+06	6.63847e+06	5.0547e+06	3.24206e+06	7.75164e+06	4.00061e+06	4.65035e+06
Q96MW1	Q96MW1		CCDC43		2.34342e+06	3.07044e+06	2.50111e+06	2.39007e+06	2.82864e+06	2.03812e+06	2.84596e+06	2.7275e+06
Q96MW5	Q96MW5		COG8		4.34685e+06	3.91418e+06	4.73596e+06	4.36126e+06	4.07354e+06	3.47305e+06	3.3955e+06	2.20195e+06
Q96MW7	Q96MW7		TIGD1		551050	787662	594414	785935	689815	744081	679008	419318
Q96MX0	Q96MX0		CMTM3		1.79664e+07	1.22904e+07	1.77129e+07	1.98747e+07	1.18201e+07	2.50958e+07	1.19371e+07	1.53889e+07
Q96MX6	Q96MX6		DNAAF10		3.14245e+06	4.2022e+06	3.58049e+06	4.13404e+06	3.35254e+06	2.92445e+06	3.70442e+06	3.2916e+06
Q96MY1	Q96MY1		NOL4L		298524	412765	344142	573250	474304	274767	431094	154289
Q96N11	Q96N11		INTS15		1.5796e+06	7.81816e+06	2.40492e+06	5.60141e+06	2.49803e+06	2.82011e+06	2.73019e+06	2.57336e+06
Q96N21	Q96N21		TEPSIN			1.23609e+06		576701	969219	762590	1.03394e+06	781652
Q96N66	Q96N66		MBOAT7		4.75198e+07	3.83211e+07	4.57011e+07	4.93046e+07	4.92149e+07	5.50129e+07	3.97907e+07	4.69013e+07
Q96N67	Q96N67		DOCK7		1.79438e+07	1.98519e+07	2.0221e+07	2.04798e+07	1.56561e+07	1.45617e+07	1.61878e+07	1.50448e+07
Q96N96	Q96N96		SPATA13		315019	862910	510959	502202	439298	296151	368655	374160
Q96NB2	Q96NB2		SFXN2		2.12936e+07	2.49832e+07	2.63437e+07	2.65653e+07	1.92809e+07	3.54846e+07	2.72704e+07	3.46116e+07
Q96NB3	Q96NB3		ZNF830		1.18105e+06	1.05582e+06	1.31563e+06	906824	2.6945e+06	1.1039e+06	1.40271e+06	1.36148e+06
Q96ND0	Q96ND0		FAM210A		2.87386e+07	3.72456e+07	2.3099e+07	2.26217e+07	3.70346e+07	3.01247e+07	3.13595e+07	3.10716e+07
Q96NE9	Q96NE9		FRMD6		1.2874e+07	1.65733e+07	9.84015e+06	8.55372e+06	1.95077e+07	9.87226e+06	1.67559e+07	1.30027e+07
Q96NL6	Q96NL6		SCLT1		1.67284e+06	1.40578e+06	1.52475e+06	1.13052e+06	1.29667e+06	981035	1.5705e+06	1.19606e+06
Q96NM4	Q96NM4		TOX2		740990	1.93864e+06	948345	2.02867e+06	1.22177e+06	1.31808e+06	1.60537e+06	1.39441e+06
Q96NR8	Q96NR8		RDH12			1.57818e+06						
Q96NT0	Q96NT0		VMA22		7.09144e+06	6.66843e+06	8.72956e+06	9.32756e+06	7.58487e+06	1.68497e+07	7.55486e+06	1.11924e+07
Q96NT1	Q96NT1		NAP1L5		3.13614e+06	2.39568e+06	3.64933e+06	3.42341e+06	5.12641e+06	4.08415e+06	3.65938e+06	2.7659e+06
Q96NT3	Q96NT3		GUCD1		1.44671e+06	1.76434e+06	1.24557e+06	905182	1.26967e+06	1.30573e+06	1.62142e+06	1.449e+06
Q96NT5	Q96NT5		SLC46A1		1.66128e+06	823835	1.58136e+06	1.42404e+06	1.13886e+06	2.48017e+06	1.20188e+06	1.74965e+06
Q96NW4	Q96NW4		ANKRD27		4.16882e+06	4.37367e+06	4.55335e+06	4.34271e+06	4.72746e+06	4.61262e+06	4.55117e+06	4.83884e+06
Q96NW7	Q96NW7		LRRC7		1.90291e+06	2.71836e+06	2.65635e+06	2.67666e+06	2.59341e+06	2.66588e+06	3.03587e+06	2.80519e+06
Q96NY7	Q96NY7		CLIC6		2.37935e+07	8.23112e+06	1.62734e+07	1.10794e+07	1.34481e+07	1.34205e+07	1.2604e+07	9.88547e+06
Q96NY9	Q96NY9		MUS81		3.89741e+06			5.76869e+06				4.76295e+06
Q96P11	Q96P11		NSUN5		3.3606e+06	6.30942e+06	6.0225e+06	7.09907e+06	4.17978e+06	5.54393e+06	5.64235e+06	5.04635e+06
Q96P16	Q96P16		RPRD1A		1.54247e+06	3.9706e+06	3.18378e+06	3.85644e+06	2.61034e+06	2.09107e+06	3.24345e+06	2.17798e+06
Q96P47	Q96P47		AGAP3		3.74796e+06	4.76247e+06	4.78918e+06	5.43918e+06	4.52724e+06	2.84746e+06	5.27068e+06	2.84752e+06
Q96P48	Q96P48		ARAP1		7.99074e+06	1.0482e+07	1.09971e+07	1.34931e+07	7.92946e+06	9.73322e+06	1.04431e+07	8.98878e+06
Q96P63	Q96P63		SERPINB12		2.15275e+06	4.11747e+06	2.30492e+06	3.14169e+06	1.94106e+06	1.62336e+06	2.95453e+06	2.16253e+06
Q96P70	Q96P70		IPO9		1.10785e+07	2.11336e+07	2.24731e+07	3.37788e+07	1.08637e+07	1.81081e+07	1.81298e+07	1.51225e+07
Q96PC3	Q96PC3		AP1S3		266574	150925	259455	174924		266609	167336	212982
Q96PC5	Q96PC5		MIA2		1.63174e+07	1.60663e+07	1.75136e+07	1.67794e+07	1.92749e+07	2.1885e+07	1.66085e+07	2.02158e+07
Q96PD2	Q96PD2		DCBLD2		4.72574e+07	2.36679e+07	2.65797e+07	2.781e+07	4.04367e+07	2.8883e+07	2.634e+07	2.61832e+07
Q96PE1	Q96PE1		ADGRA2		226927	139372	176698	156340	121170	279874	210181	402701
Q96PE2	Q96PE2		ARHGEF17		4.41317e+06	2.71978e+06	2.94907e+06	3.07783e+06	3.16983e+06	2.71595e+06	5.47698e+06	3.43701e+06
Q96PE3	Q96PE3		INPP4A		5.12528e+06	5.35935e+06	5.2532e+06	5.31797e+06	4.43916e+06	4.13968e+06	4.93461e+06	4.8563e+06
Q96PE7	Q96PE7		MCEE		7.8532e+06	4.9974e+06	4.94724e+06	3.58333e+06	8.55466e+06	3.46868e+06	6.38408e+06	4.56186e+06
Q96PK6	Q96PK6		RBM14		3.74715e+06	1.34352e+07	7.48889e+06	1.52645e+07	5.88192e+06	6.18459e+06	1.04382e+07	7.3345e+06
Q96PQ0	Q96PQ0		SORCS2		1.19377e+06	1.68046e+06	1.49303e+06	1.09063e+06	827122	876271	1.32607e+06	1.36604e+06
Q96PQ7	Q96PQ7		KLHL5			1.86789e+06		2.0955e+06			2.20493e+06	1.95446e+06
Q96PU4	Q96PU4		UHRF2		3.32284e+06	6.11828e+06	4.38755e+06	5.70951e+06	5.7796e+06	3.90114e+06	6.14166e+06	3.58137e+06
Q96PU5	Q96PU5		NEDD4L		1.11268e+07	1.22747e+07	1.35778e+07	1.32493e+07	9.41924e+06	1.55447e+07	1.18159e+07	1.37588e+07
Q96PU8	Q96PU8		QKI		3.99105e+06	7.55534e+06	7.17284e+06	9.99439e+06	3.68432e+06	4.76043e+06	5.99913e+06	4.1294e+06
Q96PV6	Q96PV6		LENG8		873527	1.84725e+06	2.06292e+06	2.49515e+06	1.10351e+06	1.1297e+06	1.84209e+06	948882
Q96PX9	Q96PX9		PLEKHG4B		7.01761e+06	1.38144e+07	5.95193e+06	8.22986e+06	9.38392e+06	6.36012e+06	7.86505e+06	9.30831e+06
Q96PY5	Q96PY5		FMNL2		3.94183e+07	3.51772e+07	3.84551e+07	3.36583e+07	2.69922e+07	2.69206e+07	3.30276e+07	2.40326e+07
Q96PZ0	Q96PZ0		PUS7		1.3297e+06	2.94361e+06	2.4845e+06	2.66701e+06	1.66531e+06	2.5595e+06	2.20959e+06	2.39331e+06
Q96PZ2	Q96PZ2		FAM111A		101273	182240	130526	167093	116011	256484	144908	173363
Q96Q05	Q96Q05		TRAPPC9		1.51289e+06	1.91328e+06	1.3465e+06	1.46292e+06	1.52894e+06	1.15051e+06	1.47634e+06	1.3752e+06
Q96Q11	Q96Q11		TRNT1		2.6102e+07	1.57215e+07	1.91964e+07	8.80283e+06	3.59974e+07	1.17422e+07	2.46635e+07	1.48333e+07
Q96Q15	Q96Q15		SMG1		3.46101e+06	6.54898e+06	4.96066e+06	6.09762e+06	3.65475e+06	3.56246e+06	4.65063e+06	3.59904e+06
Q96Q42	Q96Q42		ALS2		2.61335e+06	2.10467e+06	2.51942e+06	2.13353e+06	2.33553e+06	2.46604e+06	2.97913e+06	2.18201e+06
Q96Q45	Q96Q45		TMEM237		1.43e+07	1.25916e+07	1.6591e+07	1.50221e+07	1.50808e+07	1.99065e+07	1.64656e+07	2.16089e+07
Q96QA5	Q96QA5		GSDMA		1.80087e+06	5.57338e+06	2.76538e+06	2.22641e+06	2.76187e+06	3.22165e+06	2.26213e+06	2.49261e+06
Q96QC0	Q96QC0		PPP1R10		1.47095e+06	4.0204e+06	2.2051e+06	4.02243e+06	2.44382e+06	1.51206e+06	3.83488e+06	1.5897e+06
Q96QD8	Q96QD8		SLC38A2		3.06039e+07	4.35005e+07	3.55996e+07	3.0207e+07	2.76716e+07	4.30658e+07	3.84252e+07	6.72879e+07
Q96QE2	Q96QE2		SLC2A13		2.56201e+06	2.02381e+06	1.95381e+06	1.99564e+06	2.25568e+06	2.10434e+06	2.23512e+06	2.20933e+06
Q96QE5	Q96QE5		TEFM		7.46892e+06	7.5727e+06	6.51066e+06	4.48576e+06	9.78308e+06	6.49762e+06	9.08698e+06	9.37034e+06
Q96QG7	Q96QG7		MTMR9		1.1854e+06	1.06047e+06	1.27422e+06	1.22083e+06	1.38501e+06	928963	1.11572e+06	1.10992e+06
Q96QK1	Q96QK1		VPS35		2.23798e+07	1.59147e+07	1.90523e+07	1.55165e+07	2.0229e+07	1.62616e+07	1.66846e+07	1.6752e+07
Q96QR8	Q96QR8		PURB		7.20784e+06	5.16971e+06	6.8264e+06	5.78086e+06	6.08915e+06	3.70632e+06	5.76116e+06	3.14249e+06
Q96QT4	Q96QT4		TRPM7		1.6195e+06	3.24329e+06	1.89765e+06	1.93673e+06	2.24493e+06	2.43932e+06	2.14348e+06	2.71046e+06
Q96QU8	Q96QU8		XPO6		8.78558e+06	1.93541e+07	1.48151e+07	2.38872e+07	8.70674e+06	1.47524e+07	1.43238e+07	1.265e+07
Q96QV1	Q96QV1		HHIP			252954	49581.2		229930	85065.4	249688	540512
Q96QZ7	Q96QZ7		MAGI1		6.90736e+06	5.01249e+06	5.8488e+06	5.00814e+06	7.01442e+06	5.52408e+06	6.49869e+06	6.92955e+06
Q96R06	Q96R06		SPAG5		942993	1.10053e+06	1.36973e+06	2.06806e+06	1.01267e+06	1.35765e+06	1.15238e+06	912452
Q96RD7	Q96RD7		PANX1		1.17079e+07	8.91878e+06	1.12988e+07	1.14562e+07	1.20674e+07	1.57916e+07	9.63399e+06	1.31299e+07
Q96RE7	Q96RE7		NACC1		5.47985e+06	1.04326e+07	7.49304e+06	1.20554e+07	8.53388e+06	9.00567e+06	1.01439e+07	8.18605e+06
Q96RF0	Q96RF0		SNX18		4.37071e+06	6.8596e+06	5.09304e+06	6.40684e+06	4.66724e+06	5.06177e+06	6.03731e+06	6.58987e+06
Q96RL7	Q96RL7		VPS13A		9.90406e+06	1.1852e+07	1.05763e+07	1.21808e+07	1.10717e+07	1.24706e+07	1.14882e+07	1.34214e+07
Q96RN5	Q96RN5		MED15		408701	1.44537e+06	761009	1.71678e+06	649461	1.14083e+06	806497	1.08954e+06
Q96RP9	Q96RP9		GFM1		8.36132e+07	4.72805e+07	8.52103e+07	4.02823e+07	1.06068e+08	6.27442e+07	9.65356e+07	6.31846e+07
Q96RQ1	Q96RQ1		ERGIC2		1.68259e+07	1.92012e+07	1.69038e+07	1.8337e+07	2.13424e+07	2.35299e+07	1.75609e+07	1.91082e+07
Q96RQ3	Q96RQ3		MCCC1		3.86253e+07	3.1658e+07	3.32335e+07	2.02871e+07	4.53881e+07	1.83686e+07	4.53429e+07	2.71342e+07
Q96RQ9	Q96RQ9		IL4I1		2.34261e+06	993538	1.76687e+06	1.32201e+06	2.95323e+06	1.54827e+06	1.4808e+06	951794
Q96RR1	Q96RR1		TWNK		4.36628e+06	4.79383e+06	4.56593e+06	3.38411e+06	5.80883e+06	6.99083e+06	4.73626e+06	7.12625e+06
Q96RS6	Q96RS6		NUDCD1		1.2532e+07	2.36881e+07	1.70802e+07	2.21564e+07	1.56152e+07	1.61011e+07	2.04108e+07	1.57894e+07
Q96RT1	Q96RT1		ERBIN		1.56801e+07	1.26399e+07	1.50069e+07	1.01522e+07	1.7404e+07	1.3664e+07	1.71923e+07	1.44809e+07
Q96RT7	Q96RT7		TUBGCP6		477035	838615	721633	649014	618346	527743	752858	789724
Q96RT8	Q96RT8		TUBGCP5		287290	319760	341555	431258	253811	350552	265858	293015
Q96RU2	Q96RU2		USP28		609306	1.53736e+06	1.17477e+06	2.05417e+06	793462	1.22898e+06	993480	974581
Q96RV3	Q96RV3		PCNX1		4.02355e+06	3.04545e+06	3.68104e+06	2.7443e+06	3.69654e+06	4.19412e+06	3.84057e+06	3.78372e+06
Q96RY7	Q96RY7		IFT140		383174	487486	321822	340475	370342		432027	349455
Q96S15	Q96S15		WDR24		1.29573e+06	1.36307e+06	1.46537e+06				1.86875e+06	1.1498e+06
Q96S19	Q96S19		METTL26		2.52883e+06	4.65783e+06	3.42483e+06	4.56932e+06	2.85377e+06	3.60659e+06	3.74071e+06	5.22794e+06
Q96S44	Q96S44		TP53RK		1.25628e+06	1.72386e+06	1.60781e+06	1.5291e+06	1.38698e+06	1.34986e+06	1.40234e+06	1.39184e+06
Q96S52	Q96S52		PIGS		1.85719e+07	1.54581e+07	2.08181e+07	2.22102e+07	1.7555e+07	2.81326e+07	2.0327e+07	2.42083e+07
Q96S55	Q96S55		WRNIP1		3.98673e+06	1.84406e+07	1.37306e+07	2.3908e+07	4.56834e+06	8.97195e+06	8.28135e+06	6.87939e+06
Q96S59	Q96S59		RANBP9		1.35825e+06	2.49027e+06	2.19012e+06	3.11926e+06	1.57968e+06	1.97529e+06	1.60242e+06	1.70513e+06
Q96S66	Q96S66		CLCC1		1.24028e+07	1.54378e+07	1.69145e+07	1.82106e+07	1.74421e+07	2.50098e+07	1.63162e+07	2.19385e+07
Q96S79	Q96S79		RASL10B			6.69481e+06	6.36953e+06		4.82284e+06	6.29299e+06	6.48743e+06	
Q96S82	Q96S82		UBL7		1.84137e+06	1.37043e+06	1.9028e+06	2.39813e+06	1.90954e+06	2.27389e+06	1.51889e+06	1.64156e+06
Q96S94	Q96S94		CCNL2		415445	504600	582565	687423	646187	467873	771239	476846
Q96S97	Q96S97		MYADM		1.79094e+08	1.50984e+08	1.52941e+08	2.00673e+08	1.43965e+08	2.07407e+08	1.28908e+08	1.86074e+08
Q96S99	Q96S99		PLEKHF1		1.30121e+06	847566	1.23177e+06	1.02589e+06	793534	1.95516e+06	1.14393e+06	1.46137e+06
Q96SB3	Q96SB3		PPP1R9B		5.34678e+06	5.40039e+06	5.54417e+06	4.2042e+06	4.581e+06	4.15731e+06	5.48608e+06	4.33004e+06
Q96SB4	Q96SB4		SRPK1		9.2552e+06	8.17181e+06	1.02367e+07	1.03474e+07	1.00641e+07	7.85412e+06	8.97183e+06	7.3643e+06
Q96SB8	Q96SB8		SMC6		1.00828e+06	2.83969e+06	2.04136e+06	3.98196e+06	1.46233e+06	2.20492e+06	2.23957e+06	1.63583e+06
Q96SF7	Q96SF7		TBX15		3.46861e+06	3.96924e+06	3.18622e+06	3.94339e+06	3.39509e+06	2.6924e+06	4.04483e+06	3.33328e+06
Q96SI9	Q96SI9		STRBP		1.07656e+06	2.16367e+06	1.4414e+06	2.45591e+06	1.32878e+06	1.2909e+06	1.93591e+06	1.19915e+06
Q96SJ8	Q96SJ8		TSPAN18		3.5632e+06	1.32969e+06	3.29357e+06	2.41262e+06	2.79662e+06	8.15299e+06	3.05716e+06	5.88603e+06
Q96SK2	Q96SK2		TMEM209		3.46708e+06	7.20757e+06	4.3788e+06	5.46586e+06	6.14626e+06	4.7381e+06	7.47629e+06	7.44863e+06
Q96SL1	Q96SL1		SLC49A4		6.52303e+06	4.96941e+06	6.37153e+06	4.84943e+06	6.53652e+06	1.1082e+07	6.396e+06	9.35621e+06
Q96SL4	Q96SL4		GPX7		3.98178e+07	2.11449e+07	3.26164e+07	3.25212e+07	5.36261e+07	3.47377e+07	2.89826e+07	2.60079e+07
Q96SN7	Q96SN7		ORAI2		1.76796e+06	2.08202e+06			2.13771e+06	2.14217e+06	2.10645e+06	1.99519e+06
Q96SN8	Q96SN8		CDK5RAP2		2.6997e+06	2.59203e+06	2.5476e+06	2.2806e+06	3.3183e+06	1.84116e+06	2.5773e+06	1.95336e+06
Q96SQ9	Q96SQ9		CYP2S1		5.94542e+06	3.82774e+06	7.54177e+06	7.10398e+06	4.21829e+06	9.83551e+06	5.21375e+06	5.63004e+06
Q96ST2	Q96ST2		IWS1		2.21388e+06	4.4905e+06	3.42746e+06	4.85447e+06	2.59483e+06	2.97844e+06	3.43523e+06	2.82789e+06
Q96ST3	Q96ST3		SIN3A		1.30736e+06	4.15406e+06	2.52571e+06	5.29804e+06	2.56992e+06	1.69523e+06	3.59773e+06	1.62867e+06
Q96SU4	Q96SU4		OSBPL9		8.82281e+06	1.15385e+07	1.02738e+07	1.32411e+07	7.77787e+06	1.2482e+07	1.03016e+07	1.20896e+07
Q96SY0	Q96SY0		INTS14		1.84959e+06	5.075e+06	2.92479e+06	5.6767e+06	2.17844e+06	2.7696e+06	3.32871e+06	2.28597e+06
Q96SZ5	Q96SZ5		ADO		8.24784e+06	7.21874e+06	7.72589e+06	6.32201e+06	8.47169e+06	7.40747e+06	7.66357e+06	7.68213e+06
Q96SZ6	Q96SZ6		CDK5RAP1		1.60035e+07	1.04149e+07	1.52283e+07	6.88825e+06	2.10061e+07	1.65296e+07	1.80723e+07	1.93604e+07
Q96T23	Q96T23		RSF1		134365	582703	524284	895494	301974	342336	512970	327023
Q96T37	Q96T37		RBM15		1.19729e+07	2.38487e+07	1.98105e+07	2.94998e+07	1.42844e+07	1.68202e+07	2.18777e+07	1.48006e+07
Q96T51	Q96T51		RUFY1		6.94531e+06	9.22535e+06	6.85586e+06	7.11043e+06	7.23565e+06	5.14713e+06	8.1357e+06	6.37972e+06
Q96T52	Q96T52		IMMP2L		6.41488e+06	8.89655e+06	6.96895e+06	6.00534e+06	9.11106e+06	1.051e+07	7.76732e+06	1.07294e+07
Q96T58	Q96T58		SPEN		563690	910005	709909	1.04091e+06	705660	705576	888211	697016
Q96T60	Q96T60		PNKP		2.43422e+06	9.30008e+06	3.58161e+06	7.97691e+06	3.71064e+06	3.07323e+06	5.46309e+06	4.56882e+06
Q96T76	Q96T76		MMS19		7.96441e+07	1.29359e+08	1.47486e+08	2.11561e+08	7.21744e+07	1.1028e+08	1.1482e+08	9.28114e+07
Q96T83	Q96T83		SLC9A7		2.2821e+06	2.25098e+06	2.32797e+06	3.18967e+06	1.56629e+06	2.04291e+06	2.06131e+06	1.94595e+06
Q96T88	Q96T88		UHRF1		1.02509e+06	2.16062e+06	2.02186e+06	3.36582e+06	2.08508e+06	2.74347e+06	2.23706e+06	2.24532e+06
Q96TA1	Q96TA1		NIBAN2		2.4664e+07	3.38392e+07	2.51505e+07	3.32195e+07	2.47748e+07	2.08141e+07	2.5178e+07	2.3702e+07
Q96TA2	Q96TA2		YME1L1		8.58518e+07	7.32205e+07	7.91482e+07	8.30183e+07	9.6848e+07	1.69056e+08	8.8226e+07	1.52576e+08
Q96TC7	Q96TC7		RMDN3		6.87995e+07	3.91385e+07	6.46476e+07	5.7293e+07	5.01917e+07	6.31878e+07	4.6452e+07	4.4163e+07
Q99075	Q99075		HBEGF		556862	244514	501350	441697	985664	608323	366415	542866
Q99081	Q99081		TCF12		407797	793760	492828	823803	556429	538939	710372	506059
Q99417	Q99417		MYCBP		2.92359e+06	3.72767e+06	3.21451e+06	3.1194e+06	3.66936e+06	2.15778e+06	3.56581e+06	2.70392e+06
Q99418	Q99418		CYTH2		1.69641e+07	1.58165e+07	1.41121e+07	1.24167e+07	1.61154e+07	1.50098e+07	1.44314e+07	1.52926e+07
Q99426	Q99426		TBCB		7.79417e+06	7.29261e+06	7.01631e+06	5.02215e+06	6.3034e+06	5.45661e+06	8.3057e+06	6.37349e+06
Q99436	Q99436		PSMB7		1.25095e+07	2.12081e+07	1.78425e+07	1.70751e+07	1.1407e+07	1.29847e+07	1.7566e+07	1.14918e+07
Q99439	Q99439		CNN2		2.34496e+07	2.05596e+07	2.71856e+07	2.13758e+07	2.97506e+07	2.25572e+07	2.46523e+07	2.22964e+07
Q99442	Q99442		SEC62		5.01448e+07	5.14946e+07	5.76979e+07	5.69855e+07	5.63042e+07	7.87216e+07	5.26112e+07	6.54399e+07
Q99447	Q99447		PCYT2		3.36187e+06	4.92878e+06	4.32614e+06	4.26407e+06	2.98368e+06	3.61453e+06	4.58386e+06	4.25127e+06
Q99459	Q99459		CDC5L		1.60693e+07	3.80442e+07	2.7145e+07	3.85977e+07	2.64975e+07	1.86308e+07	3.877e+07	1.95551e+07
Q99460	Q99460		PSMD1		8.71145e+06	1.73738e+07	1.37715e+07	1.8049e+07	9.42535e+06	1.13542e+07	1.34553e+07	1.07568e+07
Q99470	Q99470		SDF2		4.84389e+07	3.43303e+07	4.17282e+07	3.53155e+07	4.5206e+07	5.83959e+07	3.82297e+07	4.27843e+07
Q99471	Q99471		PFDN5		4.79442e+06	8.13084e+06	6.18609e+06	7.34917e+06	4.68161e+06	5.77605e+06	7.99177e+06	5.70169e+06
Q99487	Q99487		PAFAH2		2.263e+06	2.42634e+06	2.42223e+06	1.92996e+06	2.52924e+06	2.95711e+06	2.43242e+06	2.86748e+06
Q99496	Q99496		RNF2		6.47802e+06	8.65769e+06	7.45855e+06	1.06111e+07	7.86272e+06	8.0831e+06	9.03378e+06	6.35862e+06
Q99497	Q99497		PARK7		8.96555e+07	6.99939e+07	8.02847e+07	4.49051e+07	9.31246e+07	5.45612e+07	1.04868e+08	7.35671e+07
Q99501	Q99501		GAS2L1		760108				660326		861263	
Q99504	Q99504		EYA3		933913	4.99892e+06	2.45667e+06	4.56866e+06	1.39217e+06	2.2799e+06	2.47493e+06	2.08098e+06
Q99519	Q99519		NEU1		1.46729e+07	5.45605e+06	1.33746e+07	3.78911e+06	1.21204e+07	8.43373e+06	1.43894e+07	8.23647e+06
Q99523	Q99523		SORT1		4.78671e+06	4.09486e+06	4.50151e+06	4.75399e+06	3.80724e+06	6.28965e+06	4.28216e+06	6.06888e+06
Q99536	Q99536		VAT1		1.5357e+08	1.62884e+08	1.81927e+08	2.34581e+08	1.16555e+08	1.63645e+08	1.6319e+08	1.30337e+08
Q99538	Q99538		LGMN		4.86579e+07	2.14821e+07	4.92419e+07	2.50053e+07	3.8042e+07	4.26316e+07	4.81288e+07	3.55506e+07
Q99541	Q99541		PLIN2		1.41031e+07	2.36894e+07	1.64689e+07	1.71048e+07	1.05868e+07	9.5753e+06	1.55253e+07	1.10271e+07
Q99543	Q99543		DNAJC2		6.47934e+06	9.51815e+06	8.61861e+06	9.32676e+06	7.00002e+06	6.1649e+06	9.24021e+06	6.0228e+06
Q99547	Q99547		MPHOSPH6		1.77541e+06	3.7918e+06	4.04349e+06	4.0074e+06	1.52407e+06	2.39888e+06	4.45764e+06	1.716e+06
Q99551	Q99551		MTERF1		3.70747e+06	5.70252e+06	4.0345e+06	3.01849e+06	5.50225e+06	5.0705e+06	5.83888e+06	7.44472e+06
Q99567	Q99567		NUP88		5.0409e+06	8.0639e+06	6.0273e+06	5.85434e+06	1.04925e+07	4.4867e+06	1.08443e+07	6.21895e+06
Q99569	Q99569		PKP4		2.05608e+07	1.59301e+07	1.77405e+07	1.22062e+07	2.03393e+07	1.52814e+07	1.90395e+07	1.79599e+07
Q99570	Q99570		PIK3R4		7.56289e+06	8.98512e+06	9.03791e+06	1.07377e+07	8.40285e+06	9.20805e+06	8.4869e+06	8.08137e+06
Q99571	Q99571		P2RX4		1.57517e+06	869084	1.50884e+06	1.05372e+06	1.75054e+06	1.30479e+06	1.49146e+06	1.33731e+06
Q99574	Q99574		SERPINI1		1.45408e+06	869320	1.30089e+06	956522	1.49898e+06	1.43681e+06	1.88767e+06	1.43946e+06
Q99575	Q99575		POP1		5.33539e+06	7.83146e+06	5.34375e+06	6.07025e+06	5.77242e+06	4.93044e+06	6.39989e+06	5.16463e+06
Q99584	Q99584		S100A13		6.82949e+07	4.27677e+07	6.23499e+07	6.31838e+07	6.31115e+07	4.24723e+07	5.84476e+07	3.88336e+07
Q99595	Q99595		TIMM17A		3.71636e+07	2.94025e+07	2.84531e+07	2.75718e+07	4.53628e+07	1.28437e+08	3.13827e+07	1.0767e+08
Q99598	Q99598		TSNAX		6.32902e+06	5.80569e+06	7.04048e+06	4.37617e+06	6.02587e+06	4.84572e+06	6.59308e+06	3.98122e+06
Q99613	Q99613		EIF3C		1.75388e+07	3.2766e+07	2.72679e+07	3.8755e+07	1.85337e+07	2.07468e+07	2.43278e+07	1.8715e+07
Q99614	Q99614		TTC1		5.81764e+06	8.22924e+06	7.0942e+06	7.03889e+06	6.54043e+06	6.69299e+06	8.99011e+06	8.49563e+06
Q99615	Q99615		DNAJC7		5.9937e+06	1.05095e+07	9.89329e+06	1.00866e+07	6.248e+06	9.54686e+06	1.02165e+07	1.08182e+07
Q99618	Q99618		CDCA3		2.57974e+06	1.00033e+06	1.49004e+06	862634	3.17827e+06	1.93527e+06	2.09823e+06	1.61356e+06
Q99622	Q99622		C12orf57		915612	735586	801641	662331	760133	688842	794828	1.27102e+06
Q99623	Q99623		PHB2		7.38192e+08	1.01067e+09	8.76567e+08	8.60038e+08	7.58551e+08	1.27072e+09	9.98464e+08	1.36086e+09
Q99627	Q99627		COPS8		5.15722e+06	7.56134e+06	6.78581e+06	7.858e+06	4.64888e+06	6.03158e+06	6.86881e+06	5.73731e+06
Q99633	Q99633		PRPF18		1.10313e+06	2.20185e+06	1.74596e+06	2.78826e+06	1.27128e+06	1.60624e+06	1.46998e+06	1.3216e+06
Q99640	Q99640		PKMYT1		2.7806e+06	2.98399e+06	4.7012e+06	4.78016e+06	4.11895e+06	1.33431e+07	3.89477e+06	1.1224e+07
Q99643	Q99643		SDHC		6.49606e+07	6.21593e+07	5.70026e+07	5.37078e+07	6.82028e+07	8.027e+07	6.23437e+07	8.55043e+07
Q99650	Q99650		OSMR		5.64375e+06	5.95638e+06	5.19321e+06	3.60372e+06	5.08825e+06	5.89924e+06	5.53164e+06	5.14959e+06
Q99653	Q99653		CHP1		3.72406e+07	3.28255e+07	3.61468e+07	4.09874e+07	3.6213e+07	6.16402e+07	3.834e+07	6.22174e+07
Q99661	Q99661		KIF2C		7.68575e+06	8.94698e+06	1.06668e+07	1.3372e+07	9.85157e+06	1.0582e+07	1.09079e+07	8.11376e+06
Q99666	Q99666		RGPD5		2.55792e+06	2.69834e+06	2.63962e+06	2.19642e+06	3.23939e+06	1.92765e+06	3.6229e+06	2.32468e+06
Q99674	Q99674		CGREF1		1.07913e+06	1.34659e+06	1.37795e+06	1.00399e+06	1.53357e+06	1.07934e+06	1.36973e+06	1.15004e+06
Q99675	Q99675		CGRRF1		1.42574e+06	1.29733e+06	1.55637e+06	1.66749e+06	1.34997e+06	3.3826e+06	1.2952e+06	2.55984e+06
Q99685	Q99685		MGLL		1.99735e+07	2.27384e+07	1.40288e+07	1.69196e+07	1.37498e+07	1.23209e+07	1.17428e+07	9.4069e+06
Q99700	Q99700		ATXN2		6.19721e+06	5.43582e+06	6.47029e+06	4.56279e+06	7.17003e+06	2.80855e+06	7.7285e+06	3.56937e+06
Q99704	Q99704		DOK1		3.08533e+06	3.10715e+06	2.76374e+06	2.66084e+06	2.84422e+06	3.38222e+06	3.02407e+06	2.9105e+06
Q99707	Q99707		MTR		2.26708e+06	2.24555e+06	2.39855e+06	2.90175e+06	2.45823e+06	3.08879e+06	2.67953e+06	2.99096e+06
Q99714	Q99714		HSD17B10		2.24018e+08	9.60976e+07	1.7221e+08	6.16016e+07	2.00379e+08	1.04479e+08	1.60529e+08	1.13474e+08
Q99715	Q99715		COL12A1		1.57406e+07	8.06681e+06	1.29243e+07	1.11494e+07	1.59283e+07	1.61378e+07	9.5478e+06	1.14787e+07
Q99717	Q99717		SMAD5		4.25222e+06	5.89496e+06	4.32757e+06	4.80109e+06	4.71358e+06	3.67131e+06	5.20379e+06	4.19009e+06
Q99719	Q99719		SEPTIN5		4.12896e+06	2.70812e+06	2.60276e+06	2.13382e+06	3.3916e+06	2.03248e+06	2.40658e+06	1.63984e+06
Q99720	Q99720		SIGMAR1		4.12919e+07	4.73654e+07	4.52831e+07	5.17385e+07	4.84582e+07	6.9896e+07	4.84713e+07	7.30107e+07
Q99729	Q99729		HNRNPAB		1.22115e+07	2.89278e+07	2.36345e+07	3.04661e+07	2.1802e+07	1.1324e+07	3.462e+07	1.28037e+07
Q99733	Q99733		NAP1L4		1.87783e+07	2.09081e+07	2.04961e+07	2.0588e+07	1.89964e+07	1.96931e+07	2.27821e+07	2.36961e+07
Q99735	Q99735		MGST2		6.06892e+07	6.69673e+07	7.1272e+07	7.88557e+07	6.58941e+07	9.20777e+07	6.04715e+07	8.08582e+07
Q99747	Q99747		NAPG		1.66937e+07	2.00269e+07	1.60091e+07	1.60488e+07	1.86232e+07	2.36798e+07	1.9564e+07	2.59475e+07
Q99750	Q99750		MDFI		676542		567173		413069	814288	384736	
Q99755	Q99755		PIP5K1A		1.58618e+07	1.54669e+07	1.06074e+07	1.81314e+07	1.95086e+07	2.71194e+07	9.32738e+06	1.73873e+07
Q99757	Q99757		TXN2		3.62156e+07	1.89338e+07	3.41189e+07	1.05633e+07	4.80875e+07	1.72154e+07	4.35437e+07	1.85539e+07
Q99758	Q99758		ABCA3		8.83708e+06	5.21426e+06	7.89634e+06	5.84421e+06	7.65122e+06	5.19384e+06	6.93315e+06	5.29459e+06
Q99759	Q99759		MAP3K3		1.32305e+06	1.68585e+06	1.514e+06	2.00651e+06	1.27521e+06	1.28132e+06	1.37545e+06	958802
Q99766	Q99766		DMAC2L		1.32961e+07	1.08852e+07	9.68205e+06	7.70881e+06	1.97929e+07	9.84779e+06	1.31101e+07	1.40553e+07
Q99767	Q99767		APBA2		2.20475e+06	2.80435e+06	3.01405e+06	3.61176e+06	2.52329e+06	2.57563e+06	2.59517e+06	2.19648e+06
Q99797	Q99797		MIPEP		1.20549e+07	7.101e+06	1.14239e+07	5.02573e+06	1.37153e+07	5.57726e+06	1.44014e+07	7.22815e+06
Q99798	Q99798		ACO2		1.06444e+08	8.25734e+07	8.15592e+07	4.07674e+07	1.28965e+08	6.02787e+07	1.1744e+08	8.9776e+07
Q99805	Q99805		TM9SF2		3.83478e+07	4.9183e+07	5.02089e+07	5.63957e+07	5.18568e+07	8.42678e+07	4.94792e+07	7.45738e+07
Q99807	Q99807		COQ7		1.26708e+07	1.04465e+07	9.26196e+06	6.48839e+06	1.73169e+07	8.10953e+06	1.28299e+07	1.0944e+07
Q99808	Q99808		SLC29A1		3.01721e+07	1.82347e+07	3.30694e+07	2.90842e+07	3.1376e+07	6.41931e+07	2.73103e+07	5.27271e+07
Q99816	Q99816		TSG101		1.32817e+07	2.51018e+07	1.90614e+07	2.33641e+07	1.5598e+07	1.78427e+07	1.92685e+07	2.18522e+07
Q99829	Q99829		CPNE1		1.97498e+07	2.18374e+07	3.17197e+07	2.1089e+07	1.80788e+07	2.63617e+07	2.83954e+07	2.56167e+07
Q99832	Q99832		CCT7		2.36957e+07	3.82811e+07	3.72819e+07	4.57406e+07	2.39184e+07	3.86029e+07	3.51056e+07	3.52454e+07
Q99835	Q99835		SMO		1.55427e+06	1.09119e+06	1.34455e+06	1.16911e+06	1.07153e+06	2.09189e+06	1.35192e+06	1.43762e+06
Q99836	Q99836		MYD88		1.81117e+07	3.38407e+07	3.07375e+07	4.34266e+07	2.3952e+07	3.05409e+07	2.70287e+07	2.48838e+07
Q99848	Q99848		EBNA1BP2		982535	5.13232e+06	2.70349e+06	5.43772e+06	2.10166e+06	2.5561e+06	3.24027e+06	2.27516e+06
Q99856	Q99856		ARID3A		971263	609668	732329	1.08627e+06	820612	864085	661974	
Q99871	Q99871		HAUS7		3.14755e+06	3.9814e+06	3.28575e+06	3.29262e+06	4.27382e+06	3.00306e+06	3.86648e+06	3.30708e+06
Q99873	Q99873		PRMT1		1.19765e+07	2.01388e+07	1.37557e+07	1.40151e+07	1.1844e+07	1.23081e+07	1.56683e+07	1.6163e+07
Q99941	Q99941		ATF6B		1.78575e+06	2.57142e+06	2.15128e+06	2.0432e+06	1.52435e+06	4.16525e+06	2.67946e+06	4.91041e+06
Q99942	Q99942		RNF5		4.40001e+06	3.79362e+06	5.13114e+06	4.62507e+06	3.98536e+06	6.14539e+06	4.96542e+06	5.74796e+06
Q99943	Q99943		AGPAT1		2.61171e+07	2.10359e+07	2.01531e+07	2.21755e+07	2.25672e+07	2.94669e+07	1.69699e+07	3.1859e+07
Q99956	Q99956		DUSP9		4.21031e+06	4.54353e+06	5.50104e+06	8.961e+06	4.02136e+06	5.76052e+06	4.93526e+06	4.69034e+06
Q99959	Q99959		PKP2		9.35448e+06	4.35562e+06	1.00212e+07	6.48051e+06	7.13213e+06	7.5026e+06	9.67401e+06	5.93874e+06
Q99961	Q99961		SH3GL1		8.7918e+06	9.92726e+06	1.00846e+07	8.4498e+06	1.06476e+07	8.4566e+06	1.15259e+07	9.97201e+06
Q99973	Q99973		TEP1		1.53703e+06	1.28221e+06	1.34624e+06	1.4818e+06	1.26007e+06	1.15451e+06	1.42411e+06	1.28226e+06
Q99986	Q99986		VRK1		1.92496e+07	2.73472e+07	2.87761e+07	3.77287e+07	2.26996e+07	2.57758e+07	2.79361e+07	2.66083e+07
Q99996	Q99996		AKAP9		2.42143e+07	2.61884e+07	2.5508e+07	2.59939e+07	2.28108e+07	1.31054e+07	2.11435e+07	1.06229e+07
Q9BPU6	Q9BPU6		DPYSL5		3.9364e+07	3.10009e+07	4.13248e+07	3.45009e+07	3.83164e+07	3.94816e+07	3.76675e+07	3.9591e+07
Q9BPU9	Q9BPU9		B9D2		4.15336e+06	4.61534e+06	2.9805e+06	2.22204e+06	4.79689e+06	3.47924e+06	3.43771e+06	4.68752e+06
Q9BPW8	Q9BPW8		NIPSNAP1		2.27169e+08	1.75422e+08	1.82628e+08	1.34715e+08	2.39079e+08	1.9909e+08	2.16846e+08	2.34317e+08
Q9BPX3	Q9BPX3		NCAPG		7.05405e+06	1.07453e+07	9.56976e+06	1.45603e+07	6.82712e+06	9.9661e+06	8.5552e+06	9.13704e+06
Q9BPX5	Q9BPX5		ARPC5L		2.92774e+07	2.92321e+07	2.8045e+07	3.18217e+07	2.28192e+07	3.47805e+07	2.72485e+07	2.64559e+07
Q9BPX6	Q9BPX6		MICU1		1.66284e+07	1.70065e+07	1.59082e+07	1.63298e+07	2.11715e+07	2.39192e+07	1.94144e+07	2.44325e+07
Q9BPX7	Q9BPX7		C7orf25		328282	453952	441069	416284	407466	409734	437009	358366
Q9BPY3	Q9BPY3		FAM118B		1.05521e+06	2.22457e+06	1.9193e+06	2.83699e+06	1.33624e+06	1.82697e+06	1.84567e+06	1.92303e+06
Q9BPZ3	Q9BPZ3		PAIP2		1.40601e+06	1.50948e+06	1.37619e+06	986388	1.33677e+06	1.64583e+06	2.0199e+06	2.80338e+06
Q9BPZ7	Q9BPZ7		MAPKAP1		7.51915e+06	5.65681e+06	6.42946e+06	6.00793e+06	6.99434e+06	6.31417e+06	5.92057e+06	6.81148e+06
Q9BQ04	Q9BQ04		RBM4B		197842	430697	218022	415124	191059	303342	377063	268014
Q9BQ24	Q9BQ24		ZFYVE21		5.98875e+06	3.74819e+06	5.32426e+06	4.47298e+06	5.14432e+06	4.94344e+06	5.00461e+06	4.38725e+06
Q9BQ39	Q9BQ39		DDX50		3.17196e+06	6.32234e+06	6.11847e+06	1.15827e+07	5.3439e+06	4.84529e+06	7.26573e+06	4.80679e+06
Q9BQ48	Q9BQ48		MRPL34		4.68111e+07	3.59444e+07	3.84282e+07	1.86811e+07	5.41035e+07	4.08374e+07	5.07332e+07	4.33949e+07
Q9BQ49	Q9BQ49		SMIM7		890361	905404	1.11622e+06	1.16307e+06	1.28549e+06	1.66988e+06	1.15052e+06	1.56731e+06
Q9BQ50	Q9BQ50		TREX2		2.21923e+06	2.67777e+06		2.11161e+06	2.9852e+06		2.48763e+06	3.11055e+06
Q9BQ52	Q9BQ52		ELAC2		1.54315e+07	1.47453e+07	1.23397e+07	8.12299e+06	2.67524e+07	1.84771e+07	1.95359e+07	2.69528e+07
Q9BQ67	Q9BQ67		GRWD1		1.05852e+07	1.46999e+07	1.44398e+07	1.65089e+07	1.45907e+07	1.40612e+07	1.56874e+07	1.56181e+07
Q9BQ69	Q9BQ69		MACROD1		5.1133e+07	4.75673e+07	3.49956e+07	2.24723e+07	7.90757e+07	2.89507e+07	4.78991e+07	4.19976e+07
Q9BQ70	Q9BQ70		TCF25		8.12648e+06	1.09243e+07	8.84858e+06	8.7607e+06	9.04796e+06	1.17537e+07	1.00622e+07	1.42728e+07
Q9BQ75	Q9BQ75		CMSS1		3.06564e+06	8.97416e+06	6.20124e+06	9.68433e+06	3.7824e+06	5.67089e+06	6.28972e+06	6.12238e+06
Q9BQ95	Q9BQ95		ECSIT		3.32557e+07	4.02395e+07	3.21769e+07	3.09337e+07	4.68093e+07	5.4043e+07	4.10598e+07	6.52544e+07
Q9BQA1	Q9BQA1		WDR77		9.13256e+06	1.03259e+07	1.17082e+07	9.33657e+06	9.35107e+06	9.64722e+06	1.38757e+07	1.01767e+07
Q9BQA9	Q9BQA9		CYBC1		1.3346e+07	1.28061e+07	1.15061e+07	9.76924e+06	1.73369e+07	1.4748e+07	1.1543e+07	1.52076e+07
Q9BQB6	Q9BQB6		VKORC1		4.08947e+07	3.52697e+07	4.06216e+07	4.45364e+07	4.33902e+07	5.14689e+07	3.96928e+07	5.25024e+07
Q9BQC3	Q9BQC3		DPH2		4.24885e+06	5.09613e+06	5.50755e+06	6.89752e+06	3.79287e+06	4.68199e+06	5.53315e+06	4.91257e+06
Q9BQC6	Q9BQC6		MRPL57		1.28876e+07	1.06036e+07	1.2339e+07	7.60462e+06	1.59438e+07	1.31052e+07	1.50869e+07	1.44879e+07
Q9BQD3	Q9BQD3		KXD1		1.69582e+06	901684	1.57169e+06	854855	1.64747e+06	2.02852e+06	1.77009e+06	1.5221e+06
Q9BQD7	Q9BQD7		ANTKMT		1.6105e+06	1.17154e+06	1.33846e+06	1.20322e+06	1.55317e+06	5.2197e+06	1.03866e+06	5.19929e+06
Q9BQE3	Q9BQE3		TUBA1C		1.10066e+09	1.9527e+09	1.44722e+09	2.87157e+09	9.83739e+08	1.5683e+09	1.42099e+09	1.38105e+09
Q9BQE4	Q9BQE4		SELENOS		3.71552e+06	3.36174e+06	4.32973e+06	3.97822e+06	3.56131e+06	7.93432e+06	3.27712e+06	4.7124e+06
Q9BQE5	Q9BQE5		APOL2		1.09656e+06	1.50501e+06	1.25458e+06	1.09997e+06	1.78891e+06	1.51168e+06	2.03683e+06	1.70102e+06
Q9BQG0	Q9BQG0		MYBBP1A		2.66646e+06	1.46272e+07	6.9961e+06	1.45554e+07	5.10501e+06	5.73955e+06	8.17031e+06	5.80135e+06
Q9BQG2	Q9BQG2		NUDT12			739775	936709	551625		839770	1.06477e+06	946857
Q9BQI3	Q9BQI3		EIF2AK1		8.49763e+06	6.3356e+06	7.97946e+06	6.19972e+06	6.61779e+06	1.73549e+07	6.53887e+06	
Q9BQL6	Q9BQL6		FERMT1		5.93748e+06	1.00972e+07	6.18764e+06	7.16132e+06	7.00448e+06	6.38953e+06	6.22006e+06	7.87718e+06
Q9BQP7	Q9BQP7		MGME1		2.14589e+07	1.80851e+07	1.56257e+07	1.01657e+07	2.98886e+07	1.47478e+07	2.24565e+07	1.74515e+07
Q9BQQ3	Q9BQQ3		GORASP1			2.33594e+06	3.75599e+06	2.42523e+06				
Q9BQS8	Q9BQS8		FYCO1		3.56982e+06	4.63347e+06	4.57183e+06	4.74007e+06	3.47173e+06	3.30379e+06	4.62772e+06	3.14059e+06
Q9BQT8	Q9BQT8		SLC25A21		1.02962e+07	1.09976e+07	7.62828e+06	9.30049e+06	1.16995e+07	1.32906e+07	9.1307e+06	1.53242e+07
Q9BQT9	Q9BQT9		CLSTN3		1.73218e+06	1.15731e+06	872955	1.00228e+06	877064	1.35215e+06	1.24402e+06	
Q9BR39	Q9BR39		JPH2		195717	861379	742993	933253		1.08658e+06	888854	1.56159e+06
Q9BR61	Q9BR61		ACBD6		448742	669226	883140	836247	431670	924792	722621	652184
Q9BR76	Q9BR76		CORO1B		1.30344e+07	1.22543e+07	1.3803e+07	1.40308e+07	1.18975e+07	1.21379e+07	1.379e+07	1.30262e+07
Q9BR77	Q9BR77		CCDC77		348540	278330	284303	280179	460447	374102	362760	264744
Q9BR84	Q9BR84		ZNF559		1.74827e+06	1.10105e+06	1.52964e+06	1.00017e+06	1.81646e+06	1.13492e+06		1.16184e+06
Q9BRA2	Q9BRA2		TXNDC17		2.31074e+07	2.58396e+07	2.12392e+07	1.45888e+07	2.49482e+07	1.84936e+07	2.96727e+07	2.57578e+07
Q9BRB3	Q9BRB3		PIGQ		3.05321e+06	2.61883e+06	1.99132e+06	2.31885e+06	3.49925e+06	3.68717e+06	1.81277e+06	3.88679e+06
Q9BRD0	Q9BRD0		BUD13		1.7369e+06	1.33243e+06	1.37762e+06	1.76454e+06	2.05822e+06	1.42906e+06	1.75341e+06	
Q9BRF8	Q9BRF8		CPPED1		670588	1.3879e+06	950350	771393	1.18204e+06	1.00808e+06	1.49505e+06	1.40276e+06
Q9BRG1	Q9BRG1		VPS25		4.44816e+06	5.25076e+06	5.43576e+06	6.10275e+06	3.86502e+06	4.47641e+06	5.19769e+06	4.4744e+06
Q9BRJ2	Q9BRJ2		MRPL45		5.9335e+07	4.9691e+07	5.35632e+07	3.22825e+07	8.10083e+07	5.57551e+07	7.35998e+07	7.2014e+07
Q9BRJ6	Q9BRJ6		CHLSN		2.02341e+06	7.41564e+06	5.10561e+06	8.54268e+06	3.16443e+06	5.02991e+06	4.62808e+06	3.74039e+06
Q9BRJ7	Q9BRJ7		NUDT16L1		2.58317e+06	2.45272e+06	2.17143e+06	2.5114e+06	3.56491e+06	2.19379e+06	3.3467e+06	3.02033e+06
Q9BRK4	Q9BRK4		LZTS2		1.95818e+06	1.40098e+06	1.4779e+06	1.15177e+06	1.46398e+06	1.71387e+06	1.6016e+06	1.71848e+06
Q9BRK5	Q9BRK5		SDF4		3.75506e+07	1.91112e+07	3.0247e+07	2.2264e+07	5.26926e+07	3.54623e+07	3.28316e+07	2.54007e+07
Q9BRN9	Q9BRN9		TM2D3		3.47142e+06	5.98709e+06	4.30646e+06	5.61469e+06	5.38425e+06	8.47633e+06	5.77386e+06	1.02688e+07
Q9BRP1	Q9BRP1		PDCD2L		1.26709e+06	2.00883e+06	2.35718e+06	2.66144e+06	1.5888e+06	2.24774e+06	2.27965e+06	2.05287e+06
Q9BRP4	Q9BRP4		PAAF1		1.52524e+06	2.62389e+06	1.94158e+06	1.86056e+06	1.97004e+06	1.68321e+06	2.88896e+06	2.22827e+06
Q9BRP8	Q9BRP8		PYM1		1.70078e+06	1.96886e+06	1.83181e+06	1.87733e+06	1.84593e+06	1.16708e+06	2.2008e+06	1.18853e+06
Q9BRQ0	Q9BRQ0		PYGO2		776231	691646	855703	762739	505825	1.28623e+06	495342	1.02408e+06
Q9BRQ6	Q9BRQ6		CHCHD6		1.44341e+07	1.26448e+07	1.46808e+07	1.36765e+07	1.27026e+07	1.43338e+07	1.25398e+07	1.14286e+07
Q9BRQ8	Q9BRQ8		AIFM2		1.36844e+07	1.05729e+07	1.11463e+07	1.29739e+07	9.88586e+06	1.79963e+07	1.069e+07	1.54575e+07
Q9BRR3	Q9BRR3		PGAP4		3.45342e+06	4.23512e+06	4.32864e+06	4.27406e+06	5.3285e+06	7.28327e+06	4.5582e+06	6.10396e+06
Q9BRR6	Q9BRR6		ADPGK		1.87565e+07	1.3984e+07	1.8621e+07	1.83844e+07	1.82204e+07	2.8348e+07	1.52267e+07	2.02093e+07
Q9BRS2	Q9BRS2		RIOK1		3.18293e+06	5.1967e+06	5.84413e+06	7.31617e+06	3.2961e+06	4.45977e+06	4.5085e+06	4.10209e+06
Q9BRS8	Q9BRS8		LARP6		2.04756e+06	1.80991e+06	2.73274e+06	2.40315e+06	1.50884e+06	1.05158e+06	1.91565e+06	1.5483e+06
Q9BRT2	Q9BRT2		UQCC2		2.25186e+07	2.43672e+07	2.43764e+07	2.04372e+07	2.76299e+07	2.55695e+07	2.80966e+07	2.82039e+07
Q9BRT3	Q9BRT3		MIEN1		8.84304e+06	1.03823e+07	7.37473e+06	5.61296e+06	1.24089e+07	4.9549e+06	1.10415e+07	6.88821e+06
Q9BRT6	Q9BRT6		LLPH		2.63958e+06	4.72619e+06	4.63718e+06	4.96808e+06	3.77841e+06	3.12103e+06	3.60236e+06	2.8761e+06
Q9BRU9	Q9BRU9		UTP23		191544	470468	354931	449655	269241	426241	389876	440606
Q9BRV8	Q9BRV8		SIKE1		5.28395e+06	5.89254e+06	5.31343e+06	5.04926e+06	5.37875e+06	5.83862e+06	6.32087e+06	5.09015e+06
Q9BRX2	Q9BRX2		PELO		3.4598e+06	3.79221e+06	4.31384e+06	4.39194e+06	3.30546e+06	3.45157e+06	3.94327e+06	3.08254e+06
Q9BRX5	Q9BRX5		GINS3		1.16979e+06	1.75029e+06	1.07679e+06	1.36676e+06	1.14455e+06	1.3697e+06	1.55063e+06	1.85526e+06
Q9BRX8	Q9BRX8		PRXL2A		2.66674e+07	2.23976e+07	3.04139e+07	3.34163e+07	1.95579e+07	4.24153e+07	2.40749e+07	2.75831e+07
Q9BRY0	Q9BRY0		SLC39A3		4.3615e+06	5.34558e+06	4.61886e+06	4.63512e+06	4.54428e+06	6.03583e+06	5.57201e+06	7.3897e+06
Q9BRZ2	Q9BRZ2		TRIM56		3.79288e+06	3.74539e+06	3.77574e+06	3.51303e+06	3.40034e+06	2.37099e+06	3.29222e+06	2.09757e+06
Q9BS26	Q9BS26		ERP44		4.37819e+07	2.95054e+07	3.98635e+07	2.3851e+07	6.11154e+07	3.9906e+07	4.21433e+07	3.15765e+07
Q9BSA9	Q9BSA9		TMEM175		3.89745e+06	2.63092e+06	3.29782e+06	2.37096e+06	5.48966e+06	3.67265e+06	3.82612e+06	3.89186e+06
Q9BSB4	Q9BSB4		ATG101		1.57247e+06	1.95045e+06	1.60241e+06	1.5723e+06	1.80846e+06	1.82839e+06	1.83615e+06	1.88846e+06
Q9BSC4	Q9BSC4		NOL10		668948				781576			
Q9BSD7	Q9BSD7		NTPCR		6.59048e+06	7.78333e+06	6.55897e+06	5.61887e+06	8.87292e+06	5.64918e+06	8.88088e+06	7.96468e+06
Q9BSE4	Q9BSE4		HERPUD2		1.21196e+07	1.16084e+07	1.21548e+07	1.47682e+07	1.0281e+07	1.8276e+07	1.2868e+07	1.52179e+07
Q9BSF4	Q9BSF4		TIMM29		2.27768e+07	2.59652e+07	2.49736e+07	2.41456e+07	2.55425e+07	3.60039e+07	2.56617e+07	4.11882e+07
Q9BSH4	Q9BSH4		TACO1		5.0303e+07	3.6475e+07	4.47006e+07	2.34776e+07	5.74587e+07	4.24902e+07	5.65471e+07	5.07162e+07
Q9BSH5	Q9BSH5		HDHD3		8.24224e+06	4.00843e+06	7.21202e+06	3.48994e+06	7.52356e+06	4.03425e+06	6.31021e+06	3.51077e+06
Q9BSJ2	Q9BSJ2		TUBGCP2		6.4741e+06	7.88668e+06	7.31513e+06	9.50856e+06	6.92607e+06	6.10834e+06	7.39606e+06	6.16037e+06
Q9BSJ5	Q9BSJ5		MTNAP1		8.47695e+06	5.86008e+06	6.98423e+06	5.45235e+06	9.74457e+06	5.12124e+06	9.34897e+06	6.02977e+06
Q9BSJ8	Q9BSJ8		ESYT1		3.88335e+07	2.93811e+07	3.39905e+07	3.56257e+07	3.36141e+07	4.81517e+07	3.16796e+07	4.46426e+07
Q9BSK2	Q9BSK2		SLC25A33		5.50245e+06	7.34284e+06	5.15501e+06	5.57801e+06	1.05511e+07	1.18784e+07	7.16665e+06	1.2218e+07
Q9BSL1	Q9BSL1		UBAC1		330334	472682	433920	426837	332096	350715	383901	510209
Q9BSQ5	Q9BSQ5		CCM2		7.98517e+06	6.57592e+06	6.17289e+06	5.89198e+06	7.07894e+06	7.90828e+06	5.879e+06	7.35844e+06
Q9BSR8	Q9BSR8		YIPF4		8.64672e+06	1.02043e+07	1.2511e+07	1.33382e+07	1.14434e+07	1.47185e+07	9.9735e+06	1.21908e+07
Q9BST9	Q9BST9		RTKN		254816	326267	193202	245883	195053	265301	252681	263040
Q9BSU1	Q9BSU1		PHAF1		116333	220770	145833	171597	147845	113544	137736	148073
Q9BSV6	Q9BSV6		TSEN34		748790	1.45203e+06	1.26467e+06	1.40075e+06	1.18833e+06	1.51922e+06	1.40715e+06	1.42784e+06
Q9BSW2	Q9BSW2		CRACR2A		6.44495e+06	6.45774e+06	7.14322e+06	7.02987e+06	6.46591e+06	8.6644e+06	7.12016e+06	9.35401e+06
Q9BSY4	Q9BSY4		CHCHD5		4.06096e+06	1.0955e+06	3.01173e+06	1.00198e+06	3.47715e+06	1.86265e+06	3.21304e+06	1.31797e+06
Q9BSY9	Q9BSY9		DESI2		2.00828e+06	2.40633e+06	2.9184e+06	2.48016e+06	2.62764e+06	3.27724e+06	2.76491e+06	3.00052e+06
Q9BT09	Q9BT09		CNPY3		2.56666e+07	1.3284e+07	2.27598e+07	1.50853e+07	3.15254e+07	1.83303e+07	2.01162e+07	1.48975e+07
Q9BT17	Q9BT17		MTG1		2.56287e+07	2.71429e+07	2.08967e+07	1.48826e+07	3.80675e+07	2.8894e+07	3.10468e+07	3.83631e+07
Q9BT22	Q9BT22		ALG1		2.16405e+07	3.51846e+07	2.82365e+07	3.40542e+07	2.97074e+07	4.80189e+07	3.40197e+07	4.96525e+07
Q9BT23	Q9BT23		LIMD2		1.41237e+06	637137	904362	1.01557e+06	1.18522e+06	1.08565e+06	884169	943848
Q9BT25	Q9BT25		HAUS8		2.42839e+06	2.59834e+06	2.58579e+06	2.29831e+06	3.08731e+06	1.81064e+06	2.91155e+06	2.15203e+06
Q9BT30	Q9BT30		ALKBH7		3.32971e+07	2.13789e+07	2.66181e+07	1.48898e+07	3.8964e+07	2.3672e+07	3.56689e+07	3.80281e+07
Q9BT40	Q9BT40		INPP5K		8.63887e+06	8.75475e+06	9.67888e+06	8.42948e+06	8.31263e+06	1.18919e+07	8.91686e+06	1.11973e+07
Q9BT67	Q9BT67		NDFIP1		4.30118e+06	3.51545e+06	3.89381e+06	4.61057e+06	6.93287e+06	5.68937e+06	5.54637e+06	6.1172e+06
Q9BT73	Q9BT73		PSMG3		1.72753e+07	1.90131e+07	1.97556e+07	2.26611e+07	1.57189e+07	1.99962e+07	2.21584e+07	2.00558e+07
Q9BT78	Q9BT78		COPS4		2.26074e+07	3.91539e+07	3.53481e+07	3.80091e+07	2.0524e+07	2.75833e+07	3.4886e+07	3.02807e+07
Q9BT88	Q9BT88		SYT11		1.23454e+06	1.06743e+06	1.13874e+06	1.13925e+06	1.11003e+06	1.38946e+06	1.45919e+06	1.59692e+06
Q9BTA9	Q9BTA9		WAC		532327	1.18696e+06	624596	897132	722273	773528	655371	553424
Q9BTC0	Q9BTC0		DIDO1		2.3807e+06	4.95578e+06	3.11024e+06	6.27046e+06	3.44581e+06	3.16716e+06	3.71457e+06	2.89966e+06
Q9BTC8	Q9BTC8		MTA3		1.52877e+07	3.52696e+07	2.18806e+07	4.20801e+07	1.93962e+07	2.01568e+07	2.53134e+07	1.57391e+07
Q9BTD8	Q9BTD8		RBM42		1.65857e+06	3.44746e+06	3.11537e+06	3.49305e+06	1.877e+06	2.114e+06	2.4337e+06	1.94184e+06
Q9BTE1	Q9BTE1		DCTN5		1.86981e+06	1.81907e+06	1.71665e+06	1.33865e+06	1.80673e+06	1.34719e+06	1.71967e+06	1.32232e+06
Q9BTE3	Q9BTE3		MCMBP		2.93657e+06	6.8428e+06	7.7233e+06	1.14911e+07	3.73667e+06	8.86414e+06	5.86465e+06	6.941e+06
Q9BTE6	Q9BTE6		AARSD1		6.19892e+06	7.64241e+06	8.32621e+06	7.78308e+06	6.20856e+06	6.4212e+06	1.09544e+07	8.32121e+06
Q9BTE7	Q9BTE7		DCUN1D5		2.2314e+06	5.13792e+06	3.61921e+06	4.328e+06	3.1e+06	3.13728e+06	4.38037e+06	3.61152e+06
Q9BTM9	Q9BTM9		URM1		1.45206e+06	2.85718e+06	2.05298e+06	3.35313e+06	1.86849e+06	3.28343e+06	2.28547e+06	4.98139e+06
Q9BTN0	Q9BTN0		LRFN3		1.42672e+06	1.32982e+06	1.21256e+06	843809	1.38987e+06	2.26772e+06	1.50813e+06	2.42718e+06
Q9BTT0	Q9BTT0		ANP32E		6.90097e+06	1.53946e+07	1.07423e+07	1.30396e+07	8.26121e+06	9.67952e+06	1.28634e+07	1.24655e+07
Q9BTT6	Q9BTT6		LRRC1		1.72983e+07	1.11871e+07	1.68927e+07	1.16175e+07	1.75713e+07	1.37155e+07	1.67532e+07	1.2947e+07
Q9BTU6	Q9BTU6		PI4K2A		1.69996e+07	1.35171e+07	1.84684e+07	1.72889e+07	1.43656e+07	2.29867e+07	1.66754e+07	1.71931e+07
Q9BTV4	Q9BTV4		TMEM43		4.73248e+07	5.83975e+07	4.77622e+07	5.4055e+07	6.04259e+07	7.73761e+07	5.15558e+07	7.55407e+07
Q9BTV5	Q9BTV5		FSD1		5.20227e+06	7.77827e+06	5.14807e+06	6.43672e+06	6.96562e+06	3.91424e+06	7.48008e+06	5.05093e+06
Q9BTV7	Q9BTV7		CABLES2		1.92923e+06	769610	1.70431e+06	1.16048e+06	1.22068e+06	692694	1.25167e+06	824636
Q9BTW9	Q9BTW9		TBCD		8.31421e+06	1.06787e+07	1.07555e+07	1.19001e+07	8.37606e+06	8.6947e+06	1.08267e+07	9.22813e+06
Q9BTX1	Q9BTX1		NDC1		6.71773e+06	1.30991e+07	1.1066e+07	1.29451e+07	1.08398e+07	1.851e+07	1.26998e+07	1.76728e+07
Q9BTX3	Q9BTX3		TMEM208		1.61928e+06	1.58525e+06	1.34262e+06	1.63118e+06	2.2907e+06	1.84115e+06	1.58726e+06	2.21705e+06
Q9BTX7	Q9BTX7		TTPAL		1.67487e+06	2.89117e+06	2.67667e+06	3.28796e+06	2.47329e+06	2.52161e+06	2.64915e+06	2.67036e+06
Q9BTY2	Q9BTY2		FUCA2		2.81628e+06	1.67656e+06	2.69959e+06	1.48813e+06	2.75646e+06	3.45679e+06	3.06029e+06	2.78571e+06
Q9BTY7	Q9BTY7		HGH1		1.54552e+06	1.78243e+06	1.77358e+06	2.12944e+06	1.85501e+06	2.01056e+06	1.98016e+06	2.1571e+06
Q9BTZ2	Q9BTZ2		DHRS4		1.8597e+07	9.46257e+06	1.596e+07	7.97596e+06	1.69866e+07	1.42651e+07	1.65983e+07	1.30546e+07
Q9BU23	Q9BU23		LMF2		9.14861e+06	8.93273e+06	6.6016e+06	7.17562e+06	1.21381e+07	1.08601e+07	7.50462e+06	1.37014e+07
Q9BU61	Q9BU61		NDUFAF3		5.5347e+07	4.65731e+07	4.94398e+07	4.07825e+07	5.91982e+07	7.00351e+07	5.20602e+07	6.87725e+07
Q9BU79	Q9BU79		TMEM243		1.19673e+07	1.00443e+07		9.11381e+06	8.32336e+06	1.27297e+07	1.21529e+07	1.28298e+07
Q9BU89	Q9BU89		DOHH		1.93068e+06	2.10139e+06	1.7904e+06	1.78262e+06	1.93871e+06	2.00881e+06	2.07671e+06	2.22028e+06
Q9BUB4	Q9BUB4		ADAT1		3.94477e+06	2.19566e+06	2.98162e+06	2.40234e+06	2.40601e+06	3.55121e+06	2.76921e+06	2.22584e+06
Q9BUB7	Q9BUB7		TMEM70		5.29058e+07	5.75343e+07	5.34527e+07	5.2583e+07	7.06113e+07	8.65952e+07	6.72838e+07	8.8876e+07
Q9BUE0	Q9BUE0		MED18		5.22331e+07	7.90213e+07	6.96475e+07	9.92639e+07	5.74953e+07	7.28822e+07	7.1431e+07	6.90285e+07
Q9BUE6	Q9BUE6		ISCA1		5.05565e+06	2.81693e+06	4.47894e+06	1.38843e+06	8.99776e+06	2.65e+06	6.12166e+06	3.41762e+06
Q9BUF5	Q9BUF5		TUBB6		4.71789e+08	9.57929e+08	7.65093e+08	1.64852e+09	4.1465e+08	9.02452e+08	6.88223e+08	6.47027e+08
Q9BUH6	Q9BUH6		PAXX		4.94965e+06	8.79095e+06	6.8722e+06	7.21091e+06	5.99662e+06	4.72908e+06	7.70087e+06	6.01155e+06
Q9BUI4	Q9BUI4		POLR3C		5.64081e+06	1.24842e+07	1.0689e+07	1.80321e+07	8.99896e+06	1.62062e+07	1.18926e+07	1.54946e+07
Q9BUJ0	Q9BUJ0		ABHD14A		1.23448e+06					4.40495e+06		
Q9BUJ2	Q9BUJ2		HNRNPUL1		4.95536e+06	1.19969e+07	7.74654e+06	8.12291e+06	6.20378e+06	6.76184e+06	8.19127e+06	8.28105e+06
Q9BUK0	Q9BUK0		CHCHD7		8.42192e+06	3.82715e+06	6.37793e+06	4.18228e+06	8.69497e+06	1.05853e+07	6.20565e+06	1.0109e+07
Q9BUK6	Q9BUK6		MSTO1		1.81337e+06	2.53015e+06	2.71788e+06	2.82313e+06	1.67037e+06	3.17893e+06	2.10839e+06	2.48985e+06
Q9BUL8	Q9BUL8		PDCD10		2.6572e+07	3.36426e+07	3.1808e+07	4.18376e+07	2.69567e+07	2.851e+07	2.83518e+07	2.55755e+07
Q9BUL9	Q9BUL9		RPP25		719742	869646	952940	1.29816e+06	953346	818012	740536	429594
Q9BUM1	Q9BUM1		G6PC3		3.22647e+07	3.20595e+07	2.88637e+07	2.61821e+07	3.00423e+07	3.58374e+07	4.05671e+07	4.31549e+07
Q9BUN8	Q9BUN8		DERL1		8.79872e+07	9.40963e+07	1.03406e+08	1.21493e+08	8.69698e+07	1.55675e+08	9.98805e+07	1.24856e+08
Q9BUP0	Q9BUP0		EFHD1		3.06817e+06	2.09323e+06	2.80972e+06	2.21302e+06	3.18716e+06	2.35786e+06	3.70958e+06	3.03618e+06
Q9BUP3	Q9BUP3		HTATIP2		1.85786e+07	1.4756e+07	2.03399e+07	1.96459e+07	2.00126e+07	2.32851e+07	1.89146e+07	1.80433e+07
Q9BUQ8	Q9BUQ8		DDX23		8.57972e+06	1.60943e+07	1.02682e+07	1.42535e+07	1.14556e+07	8.52488e+06	1.01734e+07	8.42713e+06
Q9BUR4	Q9BUR4		WRAP53		1.19351e+06	969493	762245	711516	1.63919e+06	1.58744e+06	1.16788e+06	1.68467e+06
Q9BUR5	Q9BUR5		APOO		5.16137e+07	5.10772e+07	4.83999e+07	4.77114e+07	5.15742e+07	6.71325e+07	5.31147e+07	6.74078e+07
Q9BUT1	Q9BUT1		BDH2		1.99054e+06	4.01277e+06	2.31213e+06	2.44905e+06	4.82941e+06	2.14891e+06	4.41552e+06	2.8068e+06
Q9BUV8	Q9BUV8		RAB5IF		3.91704e+06	4.892e+06	4.97336e+06	4.93262e+06	2.15383e+06	7.0006e+06	3.6467e+06	5.52969e+06
Q9BUZ4	Q9BUZ4		TRAF4		782856	233277	503481	529700	766147	813758	558705	625985
Q9BV10	Q9BV10		ALG12		1.78921e+07	2.26129e+07	1.7373e+07	1.92754e+07	2.4269e+07	2.37805e+07	1.792e+07	2.50051e+07
Q9BV20	Q9BV20		MRI1		4.05152e+07	8.26966e+07	7.50334e+07	1.31369e+08	3.91237e+07	8.52659e+07	6.0888e+07	6.57145e+07
Q9BV23	Q9BV23		ABHD6		2.56928e+06	2.46099e+06	2.50363e+06	2.53147e+06	2.59336e+06	2.89652e+06	2.2039e+06	2.38115e+06
Q9BV35	Q9BV35		SLC25A23		5.91435e+06	5.64896e+06	5.63489e+06	4.74573e+06	6.09875e+06	6.30384e+06	6.51901e+06	6.12659e+06
Q9BV36	Q9BV36		MLPH		2.80472e+06	4.25439e+06	3.62601e+06	2.71062e+06	4.85765e+06	3.31604e+06	5.41176e+06	5.59369e+06
Q9BV38	Q9BV38		WDR18		1.82069e+06	3.55981e+06	2.77739e+06	3.97838e+06	2.64358e+06	2.5146e+06	2.92191e+06	2.64872e+06
Q9BV44	Q9BV44		THUMPD3		2.35427e+06	3.00778e+06	3.3161e+06	4.49563e+06	2.33676e+06	3.39563e+06	3.10224e+06	3.06497e+06
Q9BV57	Q9BV57		ADI1		1.49498e+06	1.06736e+06	1.60258e+06	1.33592e+06	1.09312e+06	1.81849e+06	1.69265e+06	1.66923e+06
Q9BV68	Q9BV68		RNF126		4.05317e+06	2.80663e+06	3.98731e+06	4.86561e+06	2.93958e+06	3.95977e+06	3.37403e+06	3.58883e+06
Q9BV73	Q9BV73		CEP250		7.08229e+06	5.76003e+06	6.39914e+06	5.71506e+06	7.65533e+06	4.25647e+06	6.41626e+06	4.4036e+06
Q9BV79	Q9BV79		MECR		3.04395e+07	2.63801e+07	2.29429e+07	1.04465e+07	3.99255e+07	1.5119e+07	3.36132e+07	2.49368e+07
Q9BV81	Q9BV81		EMC6		3.9284e+07	4.06018e+07	4.32069e+07	4.89723e+07	4.39049e+07	7.45797e+07	4.17672e+07	6.74919e+07
Q9BV86	Q9BV86		NTMT1		4.53101e+06	1.08965e+07	8.42079e+06	1.27372e+07	6.81244e+06	8.63248e+06	9.97127e+06	8.1381e+06
Q9BV94	Q9BV94		EDEM2		1.26317e+06	1.55557e+06	1.51847e+06	1.43386e+06	1.91468e+06	1.87758e+06	1.64753e+06	1.61536e+06
Q9BVA0	Q9BVA0		KATNB1		9.11107e+06	1.26991e+07	1.20538e+07	1.54081e+07	1.01213e+07	1.14194e+07	1.09582e+07	1.05944e+07
Q9BVA1	Q9BVA1		TUBB2B		4.51436e+07	5.58601e+07	4.63303e+07	7.50702e+07	2.95377e+07	4.60622e+07	3.93405e+07	3.48763e+07
Q9BVA6	Q9BVA6		FICD		1.06336e+06	1.12618e+06	1.00282e+06	957997	1.04923e+06	1.01731e+06	1.11459e+06	1.03179e+06
Q9BVC3	Q9BVC3		DSCC1		891739	1.45847e+06	1.17904e+06	1.82426e+06	1.05816e+06	1.52368e+06	1.05048e+06	1.2837e+06
Q9BVC4	Q9BVC4		MLST8		4.01609e+06	3.22769e+06	2.98995e+06	2.76665e+06	3.7717e+06	3.1797e+06	3.39004e+06	3.55216e+06
Q9BVC6	Q9BVC6		TMEM109		2.028e+08	2.43499e+08	2.71173e+08	3.00574e+08	2.92507e+08	4.27207e+08	2.80326e+08	3.88193e+08
Q9BVG4	Q9BVG4		PBDC1		2.14401e+06	2.77132e+06	2.41414e+06	2.64974e+06	1.8046e+06	2.45224e+06	2.15669e+06	2.4323e+06
Q9BVG9	Q9BVG9		PTDSS2		9.87399e+06	1.16132e+07	8.24791e+06	8.65568e+06	1.66959e+07	1.32545e+07	1.05442e+07	1.76246e+07
Q9BVI4	Q9BVI4		NOC4L		3.17506e+06	6.26868e+06	5.20698e+06	6.57307e+06	4.73256e+06	4.82462e+06	5.12841e+06	4.42758e+06
Q9BVJ6	Q9BVJ6		UTP14A		562223	1.49066e+06	1.1545e+06	1.47027e+06	842704	855053	1.20582e+06	882435
Q9BVK2	Q9BVK2		ALG8		1.28099e+07	2.08717e+07	1.61323e+07	1.97276e+07	2.20207e+07	2.29661e+07	1.97843e+07	3.01243e+07
Q9BVK6	Q9BVK6		TMED9		1.90213e+08	2.03763e+08	2.04667e+08	2.28648e+08	2.65227e+08	3.27878e+08	2.4449e+08	3.02295e+08
Q9BVK8	Q9BVK8		TMEM147		1.42986e+07	1.55541e+07	1.34719e+07	1.74563e+07	1.77008e+07	1.94384e+07	1.48981e+07	2.29345e+07
Q9BVL2	Q9BVL2		NUP58		5.35663e+06	9.59895e+06	7.56502e+06	9.78093e+06	1.00225e+07	6.35459e+06	1.08897e+07	8.54917e+06
Q9BVL4	Q9BVL4		SELENOO		1.54846e+06	1.51057e+06	1.58943e+06	1.18123e+06	1.95972e+06	1.06996e+06	2.03633e+06	1.544e+06
Q9BVP2	Q9BVP2		GNL3		3.96326e+06	8.7361e+06	5.99416e+06	9.05614e+06	5.34724e+06	5.71859e+06	6.69607e+06	5.33844e+06
Q9BVQ7	Q9BVQ7		AFG2B		2.5566e+06	5.13422e+06	4.45459e+06	5.07655e+06	3.32854e+06	3.49176e+06	4.22498e+06	3.55601e+06
Q9BVS4	Q9BVS4		RIOK2		1.11433e+06	1.41727e+06	1.6577e+06	1.72372e+06	1.33706e+06	1.34467e+06	1.42318e+06	1.28756e+06
Q9BVS5	Q9BVS5		TRMT61B		1.23348e+07	7.11739e+06	9.46278e+06	4.38822e+06	1.55865e+07	6.67727e+06	1.12059e+07	7.96176e+06
Q9BVT8	Q9BVT8		TMUB1		9.16101e+06	8.01723e+06	9.99715e+06	1.05966e+07	9.39232e+06	1.50975e+07	1.0529e+07	1.40545e+07
Q9BVV7	Q9BVV7		TIMM21		3.17713e+07	5.80631e+07	3.19215e+07	3.50073e+07	4.35443e+07	5.18584e+07	4.67228e+07	7.22916e+07
Q9BVX2	Q9BVX2		TMEM106C		2.27482e+06	1.72863e+06	3.47024e+06	3.15963e+06	1.74127e+06	6.07057e+06	2.76351e+06	3.67686e+06
Q9BW04	Q9BW04		SARG			1.40802e+06						
Q9BW19	Q9BW19		KIFC1		2.15971e+06	6.12066e+06	4.39506e+06	9.86778e+06	3.08789e+06	6.9246e+06	4.66279e+06	5.60158e+06
Q9BW27	Q9BW27		NUP85		5.92452e+06	7.71536e+06	6.49255e+06	5.96426e+06	1.04177e+07	5.12691e+06	1.10159e+07	7.62472e+06
Q9BW60	Q9BW60		ELOVL1		1.52444e+07	1.65925e+07	1.91739e+07	2.44858e+07	1.58106e+07	3.61052e+07	1.73524e+07	3.36313e+07
Q9BW61	Q9BW61		DDA1		2.38006e+06	2.79136e+06	2.94698e+06	2.8872e+06	2.34316e+06	4.18104e+06	2.7339e+06	3.98623e+06
Q9BW62	Q9BW62		KATNAL1		1.2792e+06	1.50192e+06	1.42336e+06	1.10703e+06			2.19777e+06	
Q9BW72	Q9BW72		HIGD2A		1.60057e+07	1.81174e+07	1.55618e+07	1.72859e+07	1.27854e+07	3.28294e+07	1.84304e+07	3.82268e+07
Q9BW83	Q9BW83		IFT27		1.71841e+06	1.71471e+06	1.68919e+06	1.40104e+06	1.59889e+06	1.13155e+06	1.97272e+06	1.71601e+06
Q9BW85	Q9BW85		YJU2		643357	2.45186e+06	1.73462e+06	2.99905e+06	1.01735e+06	1.77552e+06	1.80196e+06	1.678e+06
Q9BW91	Q9BW91		NUDT9		1.0119e+07	6.22228e+06	9.60839e+06	3.24218e+06	1.18357e+07	5.17719e+06	1.12493e+07	6.60503e+06
Q9BW92	Q9BW92		TARS2		6.73604e+07	3.49559e+07	5.40488e+07	2.86799e+07	8.8147e+07	4.16103e+07	6.60851e+07	5.05956e+07
Q9BWD1	Q9BWD1		ACAT2		1.99072e+07	2.44516e+07	2.33613e+07	3.99051e+07	1.12779e+07	2.30995e+07	2.14234e+07	1.90208e+07
Q9BWD3	Q9BWD3		RTL8A		1.04228e+06	1.25401e+06	1.94724e+06	1.84471e+06	1.60665e+06	1.86807e+06	1.74402e+06	1.96398e+06
Q9BWE0	Q9BWE0		REPIN1			73581.7	52910.7	78079.6	36909.1	57541.6	59929.3	33395.1
Q9BWF3	Q9BWF3		RBM4		6.41197e+06	1.06308e+07	8.09553e+06	1.5863e+07	9.80454e+06	8.03793e+06	1.00827e+07	7.94399e+06
Q9BWH2	Q9BWH2		FUNDC2		1.8141e+07	2.4537e+07	1.85716e+07	1.8569e+07	4.39977e+07	3.65782e+07	2.36201e+07	4.27209e+07
Q9BWH6	Q9BWH6		RPAP1		6.15745e+06	1.16868e+07	1.21455e+07	1.68303e+07	5.2491e+06	1.05963e+07	1.01473e+07	8.79412e+06
Q9BWJ5	Q9BWJ5		SF3B5		1.57468e+06	3.29016e+06	2.52034e+06	3.82126e+06	1.94027e+06	2.28844e+06	2.99177e+06	2.54575e+06
Q9BWL3	Q9BWL3		C1orf43		6.63855e+06	7.38761e+06	6.43374e+06	7.48466e+06	8.70464e+06	1.47916e+07	7.78251e+06	1.38146e+07
Q9BWM7	Q9BWM7		SFXN3		1.05918e+08	9.32143e+07	9.60784e+07	9.94546e+07	1.0579e+08	1.23046e+08	7.99505e+07	1.06282e+08
Q9BWQ6	Q9BWQ6		YIPF2		1.29457e+06	729980	1.1819e+06	1.30076e+06	1.50252e+06	1.03264e+06	1.23921e+06	1.03019e+06
Q9BWS9	Q9BWS9		CHID1		1.97093e+07	2.95843e+07	1.96176e+07	1.89483e+07	3.20471e+07	2.86322e+07	2.68138e+07	3.26382e+07
Q9BWU0	Q9BWU0		SLC4A1AP		920627	1.33353e+06	1.36053e+06	1.66882e+06	863726	1.80907e+06	1.14377e+06	1.38322e+06
Q9BX40	Q9BX40		LSM14B		9.73637e+06	7.98293e+06	1.11911e+07	9.23197e+06	1.00373e+07	7.73865e+06	1.05604e+07	7.67341e+06
Q9BX51	Q9BX51		GGTLC1		4.31805e+06	6.53317e+06			4.56399e+06		6.02415e+06	4.00724e+06
Q9BX59	Q9BX59		TAPBPL		1.96408e+06	2.3121e+06	1.32962e+06	1.60308e+06	3.14126e+06	2.71018e+06	1.78496e+06	2.71053e+06
Q9BX66	Q9BX66		SORBS1		7.04155e+06	6.11014e+06	5.51845e+06	5.27592e+06	4.82054e+06	4.71208e+06	3.95366e+06	4.43209e+06
Q9BX67	Q9BX67		JAM3		3.91951e+07	3.05881e+07	4.63181e+07	4.27516e+07	3.9916e+07	5.77827e+07	4.18114e+07	5.08557e+07
Q9BX68	Q9BX68		HINT2		5.69723e+07	3.22499e+07	4.40422e+07	1.05936e+07	8.1888e+07	1.60265e+07	7.20451e+07	2.91611e+07
Q9BX70	Q9BX70		BTBD2		589398	1.0088e+06	1.20093e+06	1.15774e+06	597568	1.26449e+06	829475	1.27517e+06
Q9BX73	Q9BX73		TM2D2		2.70623e+06	3.68959e+06	2.24863e+06	2.48054e+06	2.20552e+06	5.56608e+06	3.51298e+06	8.18876e+06
Q9BX79	Q9BX79		STRA6		7.21579e+06	3.15544e+06	4.74959e+06	2.89666e+06	5.49979e+06	4.84404e+06	2.3284e+06	2.80513e+06
Q9BX95	Q9BX95		SGPP1		1.4497e+07	1.18536e+07	1.79342e+07	1.60563e+07	1.26351e+07	2.25865e+07	1.40189e+07	1.84775e+07
Q9BXB1	Q9BXB1		LGR4		4.16861e+06	5.83217e+06		4.28114e+06		4.57082e+06	5.06807e+06	5.65923e+06
Q9BXB4	Q9BXB4		OSBPL11		1.35752e+07	1.89623e+07	1.91517e+07	2.91374e+07	1.25024e+07	2.29564e+07	1.58907e+07	1.8897e+07
Q9BXB5	Q9BXB5		OSBPL10		2.59336e+06	3.49621e+06	3.42631e+06	4.96948e+06	2.40234e+06	2.9447e+06	3.10372e+06	2.79142e+06
Q9BXF6	Q9BXF6		RAB11FIP5		2.45733e+07	1.12922e+07	2.60552e+07	1.70936e+07	1.77484e+07	1.6405e+07	1.87853e+07	1.0159e+07
Q9BXI6	Q9BXI6		TBC1D10A		5.96522e+07	2.8815e+07	3.73537e+07	3.26872e+07	6.22299e+07	3.4833e+07	3.51163e+07	2.9076e+07
Q9BXI9	Q9BXI9		C1QTNF6		1.18961e+06	622287	698494	842779	792919	1.20358e+06		
Q9BXJ8	Q9BXJ8		TMEM120A		1.62668e+06	1.68379e+06	1.48297e+06	1.36158e+06	1.37902e+06	1.71096e+06	1.47933e+06	1.48987e+06
Q9BXJ9	Q9BXJ9		NAA15		6.8897e+06	1.09728e+07	9.06535e+06	1.00072e+07	6.98378e+06	6.83382e+06	1.03843e+07	7.14516e+06
Q9BXK5	Q9BXK5		BCL2L13		7.79977e+07	7.8303e+07	7.14791e+07	6.94755e+07	1.18768e+08	7.96498e+07	8.60902e+07	9.47326e+07
Q9BXP2	Q9BXP2		SLC12A9		5.47743e+06	7.3622e+06	5.48956e+06	4.92141e+06	5.4701e+06	7.13913e+06	6.2838e+06	7.66831e+06
Q9BXP5	Q9BXP5		SRRT		2.68737e+06	5.09636e+06	3.54569e+06	5.01024e+06	3.21274e+06	3.36984e+06	3.41987e+06	3.99741e+06
Q9BXR0	Q9BXR0		QTRT1		1.05159e+07	6.69088e+06	7.46344e+06	4.06951e+06	1.51697e+07	5.05863e+06	9.46648e+06	7.91702e+06
Q9BXS4	Q9BXS4		TMEM59		1.02419e+07	9.14846e+06	1.07025e+07	9.2543e+06	8.74914e+06	1.68765e+07	1.06212e+07	1.37275e+07
Q9BXS5	Q9BXS5		AP1M1		2.93629e+07	2.92883e+07	3.18699e+07	3.52879e+07	2.55005e+07	2.82857e+07	2.83116e+07	2.53386e+07
Q9BXS6	Q9BXS6		NUSAP1		511513	528284	639132	541024	752557	421577	673941	461435
Q9BXS9	Q9BXS9		SLC26A6		1.35805e+07	9.42971e+06	1.11148e+07	1.00459e+07	1.1863e+07	1.17774e+07	9.71466e+06	1.10817e+07
Q9BXW6	Q9BXW6		OSBPL1A		8.31983e+06	9.06602e+06	7.77938e+06	6.91837e+06	9.7913e+06	8.29432e+06	1.12705e+07	1.2397e+07
Q9BXW7	Q9BXW7		HDHD5		4.05695e+07	3.90356e+07	3.72881e+07	2.48641e+07	5.89006e+07	2.88059e+07	5.85074e+07	4.39269e+07
Q9BXW9	Q9BXW9		FANCD2		792394	2.30776e+06	1.54074e+06	2.77099e+06	983518	1.56445e+06	1.5262e+06	1.34007e+06
Q9BXX0	Q9BXX0		EMILIN2		7.23865e+06	3.72348e+06	6.26477e+06	4.63476e+06	1.10628e+07	8.29278e+06	5.88508e+06	7.29729e+06
Q9BXY0	Q9BXY0		MAK16		1.99011e+06	4.63698e+06	2.40447e+06	3.56044e+06	3.31943e+06	2.59438e+06	3.72803e+06	3.31779e+06
Q9BY12	Q9BY12		SCAPER				483839					
Q9BY31	Q9BY31		ZNF717			81895.6	41757.7	123962			40756.5	34292.3
Q9BY32	Q9BY32		ITPA		1.21562e+07	1.71235e+07	1.50525e+07	1.70835e+07	1.71187e+07	1.1999e+07	1.60627e+07	1.38721e+07
Q9BY41	Q9BY41		HDAC8		2.20334e+06	2.27386e+06	2.29224e+06	1.69668e+06	2.99224e+06	2.32955e+06	2.73781e+06	1.93905e+06
Q9BY42	Q9BY42		RTF2		5.00778e+07	6.0087e+07	4.92892e+07	5.7772e+07	5.49222e+07	5.41319e+07	6.95072e+07	6.11452e+07
Q9BY43	Q9BY43		CHMP4A		4.1178e+06	6.01287e+06	4.28346e+06	4.63548e+06	4.62896e+06	4.97648e+06	4.81489e+06	5.77444e+06
Q9BY44	Q9BY44		EIF2A		2.60935e+07	3.29722e+07	3.5214e+07	4.22137e+07	2.08263e+07	3.07899e+07	3.16505e+07	2.80542e+07
Q9BY49	Q9BY49		PECR		695463	660623	578777	528900	527746	1.168e+06	741613	
Q9BY50	Q9BY50		SEC11C		1.23273e+07	1.13006e+07	1.53879e+07	1.50579e+07	1.38279e+07	2.40641e+07	1.47285e+07	1.96095e+07
Q9BY67	Q9BY67		CADM1		4.62552e+07	2.90079e+07	3.92847e+07	2.56987e+07	5.00864e+07	3.61155e+07	4.42173e+07	3.45134e+07
Q9BY76	Q9BY76		ANGPTL4		3.29648e+06	2.02271e+06	2.27031e+06	2.55559e+06	2.00302e+06	2.31835e+06	2.16927e+06	1.62255e+06
Q9BY77	Q9BY77		POLDIP3		1.41781e+06	3.40034e+06	1.78033e+06	1.64221e+06	2.10955e+06	761438	3.58679e+06	1.55367e+06
Q9BY78	Q9BY78		RNF26		3.13784e+06	2.9506e+06	3.82092e+06	3.88602e+06	3.31463e+06	6.66978e+06	4.13444e+06	5.18954e+06
Q9BY89	Q9BY89		KIAA1671		4.02646e+06	3.30212e+06	3.54577e+06	2.99733e+06	3.22382e+06	2.7577e+06	3.68906e+06	3.03259e+06
Q9BYB4	Q9BYB4		GNB1L		5.20467e+06	7.44651e+06	6.99678e+06	6.96786e+06	5.4425e+06	6.96953e+06	6.84126e+06	7.14577e+06
Q9BYC5	Q9BYC5		FUT8		5.51838e+07	6.37574e+07	5.79611e+07	6.41551e+07	8.87701e+07	6.82675e+07	7.16787e+07	5.96348e+07
Q9BYC8	Q9BYC8		MRPL32		1.52972e+07	1.15224e+07	1.29412e+07	8.13014e+06	1.97048e+07	1.3812e+07	1.80213e+07	1.80998e+07
Q9BYC9	Q9BYC9		MRPL20		3.64623e+07	2.99065e+07	3.30758e+07	2.17898e+07	4.6483e+07	3.41075e+07	4.10504e+07	4.056e+07
Q9BYD1	Q9BYD1		MRPL13		5.62887e+07	4.35243e+07	4.7929e+07	2.91165e+07	7.41476e+07	5.28172e+07	6.37023e+07	6.10456e+07
Q9BYD2	Q9BYD2		MRPL9		1.04128e+08	7.49409e+07	9.08987e+07	5.28063e+07	1.34907e+08	9.55673e+07	1.1936e+08	1.30383e+08
Q9BYD3	Q9BYD3		MRPL4		4.16558e+07	3.04959e+07	3.43193e+07	2.06243e+07	5.26952e+07	3.7075e+07	4.49804e+07	4.5084e+07
Q9BYD6	Q9BYD6		MRPL1		3.77838e+07	3.10155e+07	3.55574e+07	2.11773e+07	4.82753e+07	3.46235e+07	4.92217e+07	4.82061e+07
Q9BYG3	Q9BYG3		NIFK		3.09774e+06	5.61872e+06	5.13767e+06	6.54933e+06	3.50619e+06	4.09905e+06	4.82355e+06	3.02346e+06
Q9BYG4	Q9BYG4		PARD6G		2.08399e+06	1.05616e+06	1.38257e+06	852691	2.03534e+06	813547	2.04494e+06	1.24603e+06
Q9BYG5	Q9BYG5		PARD6B		9.45345e+06	3.79187e+06	7.86861e+06	4.53095e+06	7.72313e+06	6.66441e+06	5.43919e+06	3.74317e+06
Q9BYI3	Q9BYI3		HYCC1		7.00262e+06	5.50535e+06	5.767e+06	5.14678e+06	5.56553e+06	4.83687e+06	5.22899e+06	4.0367e+06
Q9BYJ9	Q9BYJ9		YTHDF1		2.96291e+06	2.37001e+06	2.57036e+06	2.39311e+06	2.53021e+06	1.47402e+06	2.81633e+06	2.07158e+06
Q9BYK8	Q9BYK8		HELZ2		8.28335e+06	5.77752e+06	6.80766e+06	5.705e+06	8.3036e+06	3.4681e+06	5.19383e+06	3.23593e+06
Q9BYN0	Q9BYN0		SRXN1		2.33722e+06	2.44786e+06	2.66353e+06	2.69597e+06	2.26133e+06	2.73151e+06	2.43605e+06	2.61522e+06
Q9BYN8	Q9BYN8		MRPS26		7.30729e+07	4.0312e+07	5.73152e+07	2.49166e+07	9.3143e+07	4.22791e+07	7.12072e+07	5.52237e+07
Q9BYT1	Q9BYT1		SLC17A9		593882	461398	885218	780720	682551	916920	642200	596409
Q9BYT3	Q9BYT3		STK33		204257	312038	319864	413861	260575	268588	442903	284590
Q9BYT8	Q9BYT8		NLN		4.48156e+07	2.73548e+07	4.16428e+07	1.40218e+07	6.07697e+07	2.16175e+07	6.01354e+07	2.76852e+07
Q9BYV8	Q9BYV8		CEP41		1.30663e+07	1.16078e+07	1.28734e+07	1.07399e+07	1.3968e+07	1.06785e+07	1.45334e+07	1.04742e+07
Q9BYX2	Q9BYX2		TBC1D2		550267	533405	761103	642450				
Q9BZ29	Q9BZ29		DOCK9		3.40669e+07	3.21131e+07	3.56615e+07	3.29812e+07	3.39533e+07	3.38371e+07	3.20374e+07	2.76689e+07
Q9BZ67	Q9BZ67		FRMD8		8.81116e+06	3.30024e+06	5.0031e+06	4.29606e+06	7.87368e+06	4.31837e+06	3.97697e+06	4.33573e+06
Q9BZ76	Q9BZ76		CNTNAP3		9.82549e+06	1.60491e+07	8.911e+06	9.0481e+06	1.47267e+07	1.50712e+07	1.53768e+07	2.67932e+07
Q9BZA7	Q9BZA7		PCDH11X		8.97749e+06	6.56321e+06	9.07146e+06	6.68137e+06	1.76842e+07	5.37463e+06	1.05774e+07	6.30219e+06
Q9BZC7	Q9BZC7		ABCA2		2.84205e+06	2.08431e+06	2.69889e+06	2.26802e+06	2.65898e+06	2.15114e+06	2.47536e+06	2.44231e+06
Q9BZD2	Q9BZD2		SLC29A3		833081	283434	603643	407688	691735	899304	413516	668102
Q9BZD4	Q9BZD4		NUF2		3.65921e+06	4.28351e+06	4.8209e+06	6.35583e+06	3.54537e+06	6.19758e+06	4.00314e+06	4.85353e+06
Q9BZE1	Q9BZE1		MRPL37		1.15577e+08	8.81516e+07	9.53784e+07	5.7335e+07	1.55482e+08	1.06602e+08	1.32687e+08	1.25796e+08
Q9BZE4	Q9BZE4		GTPBP4		3.03551e+06	7.24859e+06	6.27029e+06	9.72001e+06	4.50282e+06	7.23473e+06	6.08464e+06	4.99563e+06
Q9BZE9	Q9BZE9		ASPSCR1		5.10412e+06	1.01306e+07	6.10842e+06	7.1231e+06	4.60679e+06	6.34004e+06	7.99716e+06	8.59561e+06
Q9BZF1	Q9BZF1		OSBPL8		8.23838e+07	8.47781e+07	8.33205e+07	7.59955e+07	9.52838e+07	8.22908e+07	9.04574e+07	9.47992e+07
Q9BZF3	Q9BZF3		OSBPL6		4.46844e+06	6.50895e+06	5.21791e+06	5.80752e+06	5.16775e+06	4.00067e+06	5.6977e+06	6.22223e+06
Q9BZF9	Q9BZF9		UACA		3.60581e+07	4.76145e+07	4.50778e+07	3.67066e+07	3.51418e+07	4.53438e+07	5.06815e+07	5.32197e+07
Q9BZG1	Q9BZG1		RAB34		2.74898e+07	2.64866e+07	2.96813e+07	2.89208e+07	2.3509e+07	4.62245e+07	2.85674e+07	4.65046e+07
Q9BZG8	Q9BZG8		DPH1		1.01238e+07	1.46544e+07	1.44744e+07	1.79138e+07	9.93448e+06	1.44459e+07	1.35333e+07	1.39805e+07
Q9BZH6	Q9BZH6		WDR11		1.11353e+07	1.37598e+07	1.33115e+07	1.41729e+07	1.2234e+07	1.12872e+07	1.31407e+07	1.1724e+07
Q9BZI7	Q9BZI7		UPF3B		7.67388e+06	9.95858e+06	9.9386e+06	1.07253e+07	8.74514e+06	7.64515e+06	1.02754e+07	7.50239e+06
Q9BZJ0	Q9BZJ0		CRNKL1		1.02412e+07	8.30773e+06	1.00376e+07	9.2896e+06	8.33933e+06	8.23024e+06	9.14457e+06	9.0787e+06
Q9BZJ4	Q9BZJ4		SLC25A39		1.29447e+06	956978	1.06711e+06	1.10816e+06	1.62637e+06	3.47759e+06	1.17155e+06	2.57913e+06
Q9BZK7	Q9BZK7		TBL1XR1		4.21671e+06	5.44066e+06	4.84397e+06	4.97831e+06	4.46058e+06	4.74948e+06	5.11357e+06	4.53856e+06
Q9BZL1	Q9BZL1		UBL5		4.86338e+06	3.82378e+06	5.5245e+06	6.01381e+06	4.35032e+06	6.36716e+06	4.42239e+06	5.19232e+06
Q9BZL4	Q9BZL4		PPP1R12C		1.8058e+06	957868	1.09669e+06	617926	1.67934e+06	736781	1.17942e+06	984879
Q9BZL6	Q9BZL6		PRKD2		5.5603e+06	7.11767e+06	8.2811e+06	1.0009e+07	4.82947e+06	5.58741e+06	7.72368e+06	4.98811e+06
Q9BZM1	Q9BZM1		PLA2G12A		1.50348e+06	1.80841e+06	1.36393e+06	1.50088e+06	1.67939e+06	1.57634e+06	1.62614e+06	1.69949e+06
Q9BZM4	Q9BZM4		ULBP3		6.51405e+06	4.70918e+06	7.04967e+06	5.86082e+06	4.76878e+06	8.94648e+06	5.66516e+06	5.80589e+06
Q9BZM5	Q9BZM5		ULBP2		9.93684e+06	5.31861e+06	7.96509e+06	6.95361e+06	6.77862e+06	1.04393e+07	6.31324e+06	6.18206e+06
Q9BZM6	Q9BZM6		ULBP1		5.48113e+06	5.46098e+06	8.26633e+06	5.75647e+06	3.97441e+06	5.25101e+06	5.92935e+06	3.0127e+06
Q9BZQ6	Q9BZQ6		EDEM3		8.38571e+07	3.88271e+07	7.10104e+07	5.09551e+07	8.98514e+07	6.9627e+07	6.95223e+07	5.1803e+07
Q9BZQ8	Q9BZQ8		NIBAN1		1.24525e+07	1.38511e+07	2.11742e+07	2.24943e+07	8.7131e+06	1.74954e+07	1.44302e+07	1.13133e+07
Q9BZV1	Q9BZV1		UBXN6		8.58754e+06	1.02318e+07	7.72762e+06	8.01501e+06	8.96914e+06	8.0281e+06	8.78284e+06	7.89624e+06
Q9BZW5	Q9BZW5		TM6SF1		765271	459441	780773	528864	420987	560034	325278	358458
Q9BZX2	Q9BZX2		UCK2		3.68239e+06	5.48637e+06	5.52534e+06	6.36225e+06	4.89285e+06	7.94851e+06	4.82009e+06	6.98647e+06
Q9BZZ5	Q9BZZ5		API5		9.31005e+06	2.36457e+07	1.84424e+07	2.79111e+07	1.33997e+07	1.28536e+07	1.98889e+07	1.11382e+07
Q9C002	Q9C002		NMES1		3.49392e+07	2.17994e+07	8.45733e+06	3.00816e+06	9.49352e+07	8.18603e+06	6.79105e+06	3.21063e+06
Q9C004	Q9C004		SPRY4		1.74363e+07	1.16851e+07	1.65518e+07	1.98095e+07	1.41743e+07	1.29856e+07	2.04047e+07	1.5622e+07
Q9C026	Q9C026		TRIM9		337716	306828	290413	357374	350800	187569	272698	210865
Q9C035	Q9C035		TRIM5		1.7587e+07	8.65113e+06	9.9643e+06	9.38012e+06	9.09011e+06	9.81581e+06	8.29447e+06	7.74824e+06
Q9C037	Q9C037		TRIM4		9.44252e+06	9.67631e+06	1.24991e+07	1.14639e+07	1.21101e+07	1.57245e+07	1.1859e+07	1.51762e+07
Q9C075	Q9C075		KRT23		1.30158e+06	9.22238e+06	1.3865e+06	1.46169e+06	1.2904e+06	1.74387e+06	1.17499e+06	1.27368e+06
Q9C0B1	Q9C0B1		FTO		1.07875e+07	3.07651e+07	2.32138e+07	4.52585e+07	1.28388e+07	2.45226e+07	2.11743e+07	2.07674e+07
Q9C0B5	Q9C0B5		ZDHHC5		6.9233e+06	5.92881e+06	6.50864e+06	5.07877e+06	7.73106e+06	6.25026e+06	7.56497e+06	7.15866e+06
Q9C0B7	Q9C0B7		TANGO6		787917	1.41096e+06	1.40495e+06	1.91996e+06	888366	1.14593e+06	1.10665e+06	1.03212e+06
Q9C0C2	Q9C0C2		TNKS1BP1		8.95797e+06	8.85796e+06	8.77372e+06	6.821e+06	8.56206e+06	5.38315e+06	8.96771e+06	4.58524e+06
Q9C0C4	Q9C0C4		SEMA4C		2.77489e+07	1.66779e+07	2.68272e+07	2.39725e+07	1.82626e+07	3.42751e+07	2.10761e+07	2.19068e+07
Q9C0C9	Q9C0C9		UBE2O		1.82929e+07	2.28552e+07	2.33884e+07	2.92212e+07	1.85076e+07	1.94218e+07	2.24563e+07	1.75506e+07
Q9C0D3	Q9C0D3		ZYG11B		678740	695810	687918	630835	759016	929855	808695	819196
Q9C0D5	Q9C0D5		TANC1		2.56411e+07	2.48566e+07	2.58399e+07	2.65592e+07	2.35507e+07	2.07251e+07	2.70212e+07	1.75562e+07
Q9C0D7	Q9C0D7		ZC3H12C		192701	417785	269644	528393	169273	206884	276150	261382
Q9C0D9	Q9C0D9		SELENOI		8.55488e+07	6.2051e+07	8.36955e+07	5.07242e+07	4.1277e+07	1.19298e+08	5.40442e+07	7.90831e+07
Q9C0E2	Q9C0E2		XPO4		1.49858e+07	2.46503e+07	2.74518e+07	4.25242e+07	1.64623e+07	2.11919e+07	2.50051e+07	2.03604e+07
Q9C0E8	Q9C0E8		LNPK		9.0128e+06	8.10696e+06	8.74524e+06	8.67508e+06	1.12884e+07	1.09007e+07	1.03414e+07	1.35732e+07
Q9C0F1	Q9C0F1		CEP44		3.36506e+06	4.30184e+06	4.40605e+06	4.64685e+06	3.57225e+06	3.09322e+06	4.77737e+06	3.86137e+06
Q9C0H2	Q9C0H2		TTYH3		1.11105e+07	2.68714e+06	6.71895e+06	5.7235e+06	5.81658e+06	1.75088e+07	5.46728e+06	9.48693e+06
Q9C0H5	Q9C0H5		ARHGAP39		1.40798e+06	990018	872022	754403	1.79084e+06	1.16753e+06	1.0039e+06	1.28687e+06
Q9C0H6	Q9C0H6		KLHL4		3.58458e+06	3.17803e+06	2.38615e+06	2.83766e+06	4.09275e+06	3.11456e+06	2.77261e+06	2.97857e+06
Q9C0H9	Q9C0H9		SRCIN1		6.30294e+06	4.41502e+06	6.93259e+06	4.51173e+06	4.76289e+06	3.55222e+06	5.40604e+06	3.03436e+06
Q9C0I1	Q9C0I1		MTMR12		2.74894e+06	3.40079e+06	3.3511e+06	3.84842e+06	2.84129e+06	2.88292e+06	3.47472e+06	3.20576e+06
Q9C0J8	Q9C0J8		WDR33		5.75657e+06	1.34511e+07	7.09985e+06	1.52112e+07	5.48852e+06	7.80752e+06	6.32154e+06	6.88198e+06
Q9C0K1	Q9C0K1		SLC39A8		3.83929e+06	4.56185e+06	3.14286e+06	2.37522e+06	4.60971e+06	6.08281e+06	4.32326e+06	6.75056e+06
Q9C0K7	Q9C0K7		STRADB		2.0965e+07	1.12202e+07	1.47616e+07	5.65576e+06	2.75409e+07	8.34975e+06	1.71883e+07	8.18692e+06
Q9GZL7	Q9GZL7		WDR12		2.54236e+06	3.57079e+06	3.02497e+06	3.70413e+06	2.62759e+06	2.68065e+06	3.07838e+06	2.44931e+06
Q9GZM5	Q9GZM5		YIPF3		1.33781e+07	1.75921e+07	1.6722e+07	1.94983e+07	1.75617e+07	2.3819e+07	1.72086e+07	2.48244e+07
Q9GZM7	Q9GZM7		TINAGL1		1.35657e+07	2.60548e+06	7.26646e+06	7.83573e+06	7.42951e+06	7.33465e+06	4.31887e+06	4.1508e+06
Q9GZM8	Q9GZM8		NDEL1		1.11912e+06	1.04299e+06	859702	802068	1.19735e+06	664498	1.01255e+06	709583
Q9GZN8	Q9GZN8		ADISSP		7.47244e+06	9.86183e+06	1.00423e+07	9.64887e+06	8.39592e+06	7.23953e+06	1.19928e+07	8.62779e+06
Q9GZP4	Q9GZP4		PITHD1		8.50022e+06	1.80218e+07	8.87709e+06	9.23434e+06	1.13212e+07	1.09593e+07	1.30781e+07	1.46863e+07
Q9GZP9	Q9GZP9		DERL2		1.52927e+07	2.58124e+07	1.87266e+07	2.41595e+07	1.7282e+07	3.92425e+07	2.25308e+07	3.89582e+07
Q9GZQ3	Q9GZQ3		COMMD5		1.04184e+06	1.4405e+06	1.04918e+06	1.27094e+06	1.04285e+06	1.16616e+06	1.17377e+06	1.37975e+06
Q9GZR2	Q9GZR2		REXO4			1.02987e+06	600323	737591	578312	504411	895389	
Q9GZR7	Q9GZR7		DDX24		2.80211e+06	8.15858e+06	5.34064e+06	1.02316e+07	4.60325e+06	5.31843e+06	6.50163e+06	4.80044e+06
Q9GZS1	Q9GZS1		POLR1E		444993	1.78876e+06	1.18902e+06	2.10197e+06	545665	868014	1.1029e+06	881766
Q9GZS3	Q9GZS3		SKIC8		6.21987e+06	7.72481e+06	6.06164e+06	6.37095e+06	5.89349e+06	4.35366e+06	6.6985e+06	4.76161e+06
Q9GZT3	Q9GZT3		SLIRP		2.01496e+08	1.03651e+08	1.92874e+08	8.16342e+07	2.30282e+08	1.66081e+08	2.15149e+08	1.94988e+08
Q9GZT4	Q9GZT4		SRR		513813	682926	581574	510946			631537	
Q9GZT6	Q9GZT6		CCDC90B		1.05331e+07	1.31108e+07	9.1572e+06	1.06675e+07	1.44301e+07	1.12655e+07	1.14808e+07	1.47049e+07
Q9GZT8	Q9GZT8		NIF3L1		1.01206e+07	9.18929e+06	8.44662e+06	4.57372e+06	1.62424e+07	5.6336e+06	1.29423e+07	7.62875e+06
Q9GZT9	Q9GZT9		EGLN1		2.87197e+06	3.01666e+06	2.61537e+06	2.9507e+06	2.3445e+06	2.69239e+06	2.63799e+06	2.87636e+06
Q9GZU1	Q9GZU1		MCOLN1		426247	677707	333003	466913	681471	916045	544545	1.40338e+06
Q9GZU3	Q9GZU3		TMEM39B		1.19945e+06	1.39426e+06	1.17386e+06	1.30555e+06	1.13287e+06	2.481e+06	1.31441e+06	2.62151e+06
Q9GZU7	Q9GZU7		CTDSP1		6.70046e+06	4.82261e+06	6.06544e+06	5.33787e+06	6.95017e+06	8.27803e+06	5.73615e+06	8.76804e+06
Q9GZU8	Q9GZU8		PSME3IP1		530097	1.32846e+06	494957	637953	446203	810561	831857	1.15178e+06
Q9GZV5	Q9GZV5		WWTR1		1.85424e+06	1.93042e+06	2.11621e+06	1.75503e+06	1.44204e+06	1.8465e+06	2.11188e+06	1.77826e+06
Q9GZX3	Q9GZX3		CHST6		3.58185e+06	1.93616e+06	3.4099e+06	2.43444e+06	3.64125e+06	5.41898e+06	2.75651e+06	2.94304e+06
Q9GZX9	Q9GZX9		TWSG1		7.83183e+06	3.0351e+06	6.27722e+06	3.60286e+06	9.81703e+06	9.50924e+06	6.86402e+06	9.14384e+06
Q9GZY4	Q9GZY4		COA1		3.06845e+07	4.15446e+07	2.97701e+07	2.90387e+07	3.75059e+07	4.38056e+07	3.71115e+07	4.4553e+07
Q9GZY6	Q9GZY6		LAT2		9.13955e+06	4.17865e+06	9.45652e+06	8.36025e+06	3.99097e+06	5.99972e+06	4.94745e+06	3.20986e+06
Q9GZY8	Q9GZY8		MFF		1.23954e+07	2.05599e+07	1.49998e+07	1.80613e+07	1.81989e+07	1.81584e+07	1.83371e+07	2.18877e+07
Q9GZZ1	Q9GZZ1		NAA50		1.0081e+07	1.50956e+07	1.26985e+07	1.29597e+07	1.14417e+07	1.29227e+07	1.46823e+07	1.49448e+07
Q9GZZ9	Q9GZZ9		UBA5		1.83353e+07	2.83547e+07	3.44516e+07	4.44223e+07	1.89811e+07	2.81015e+07	2.73199e+07	2.07913e+07
Q9H000	Q9H000		MKRN2		2.76666e+06	2.08332e+06	2.70392e+06	2.31344e+06	3.00232e+06	2.50475e+06	3.03105e+06	3.01746e+06
Q9H008	Q9H008		LHPP		1.77624e+06			2.06057e+06			2.05484e+06	2.53449e+06
Q9H013	Q9H013		ADAM19		4.01613e+06	2.55567e+06	3.34646e+06	3.95365e+06	5.83529e+06	4.89122e+06	5.3945e+06	5.58879e+06
Q9H019	Q9H019		MTFR1L		9.67008e+06	2.4897e+07	1.15558e+07	1.22437e+07	2.19684e+07	1.30993e+07	2.19702e+07	2.27711e+07
Q9H061	Q9H061		TMEM126A		3.74676e+07	5.14802e+07	3.97155e+07	4.09786e+07	4.48833e+07	5.83792e+07	5.14621e+07	6.8182e+07
Q9H063	Q9H063		MAF1		2.37478e+06	3.32244e+06	1.95941e+06	2.5142e+06	1.69982e+06	2.37488e+06	2.44741e+06	2.67073e+06
Q9H074	Q9H074		PAIP1		6.48718e+06	9.88639e+06	9.60682e+06	1.10629e+07	6.89352e+06	7.37968e+06	9.53469e+06	7.59568e+06
Q9H078	Q9H078		CLPB		3.12102e+07	3.69131e+07	3.00134e+07	2.96779e+07	3.7683e+07	4.74463e+07	3.4354e+07	5.18183e+07
Q9H079	Q9H079		KATNBL1		570982	919868	1.10387e+06	1.40725e+06	422596	730763	690275	436323
Q9H081	Q9H081		MIS12			5.68729e+06	5.12837e+06	5.7648e+06	5.22194e+06		4.43574e+06	6.30426e+06
Q9H082	Q9H082		RAB33B		6.9865e+06	6.61749e+06	7.87686e+06	6.94251e+06	8.51693e+06	9.70473e+06	8.55706e+06	1.02537e+07
Q9H089	Q9H089		LSG1		2.42385e+07	1.99651e+07	2.54695e+07	2.00141e+07	3.29217e+07	2.61708e+07	2.76689e+07	2.75196e+07
Q9H098	Q9H098		FAM107B		1.17647e+06	846379	1.15921e+06	1.00687e+06	888668	526183	979286	526815
Q9H0A0	Q9H0A0		NAT10		2.40446e+06	6.72999e+06	5.23681e+06	8.02671e+06	3.7481e+06	4.3301e+06	6.43769e+06	4.26573e+06
Q9H0A8	Q9H0A8		COMMD4		5.27531e+06	9.02158e+06	7.96177e+06	1.00153e+07	8.07833e+06	1.06889e+07	8.45027e+06	1.10183e+07
Q9H0B6	Q9H0B6		KLC2		4.76944e+06	4.89744e+06	4.92482e+06	5.37138e+06	4.52412e+06	4.45255e+06	4.48412e+06	4.33902e+06
Q9H0C8	Q9H0C8		ILKAP		6.82984e+06	1.17859e+07	8.25139e+06	1.0939e+07	7.07815e+06	9.25526e+06	9.63201e+06	1.0484e+07
Q9H0D6	Q9H0D6		XRN2		1.38836e+07	3.53885e+07	2.50256e+07	3.47051e+07	1.8517e+07	2.0044e+07	2.90601e+07	2.16057e+07
Q9H0E2	Q9H0E2		TOLLIP		2.35449e+07	2.64881e+07	2.09248e+07	1.82119e+07	2.22118e+07	1.69799e+07	2.06219e+07	1.75085e+07
Q9H0E3	Q9H0E3		SAP130		762506	1.02526e+06	1.68122e+06	1.50378e+06		1.81341e+06	1.13359e+06	2.42876e+06
Q9H0F7	Q9H0F7		ARL6		7.41321e+06	5.58429e+06	6.05619e+06	6.5537e+06	7.48224e+06	7.70578e+06	6.16378e+06	7.14596e+06
Q9H0H0	Q9H0H0		INTS2		2.61811e+06	1.14888e+07	5.31391e+06	1.3885e+07	5.2642e+06	5.10359e+06	7.30877e+06	3.71508e+06
Q9H0H5	Q9H0H5		RACGAP1		1.87441e+07	1.98118e+07	2.32406e+07	2.68043e+07	1.54697e+07	4.30283e+07	3.23812e+07	4.49163e+07
Q9H0J9	Q9H0J9		PARP12		2.8451e+06	1.67553e+06	2.18468e+06	1.79837e+06	2.67613e+06	1.99527e+06	2.00011e+06	2.10123e+06
Q9H0L4	Q9H0L4		CSTF2T		1.33386e+06	2.52989e+06	1.63537e+06	2.56635e+06	1.40802e+06	3.13148e+06	1.5706e+06	3.45083e+06
Q9H0N5	Q9H0N5		PCBD2		1.0687e+07	8.55496e+06	9.73878e+06	6.70446e+06	1.0631e+07	1.01204e+07	1.18253e+07	1.12909e+07
Q9H0P0	Q9H0P0		NT5C3A		3.18681e+07	3.75032e+07	3.11769e+07	2.78122e+07	6.17347e+07	6.10983e+07	3.85219e+07	6.40748e+07
Q9H0Q0	Q9H0Q0		CYRIA		2.05667e+06	2.56703e+06	3.39351e+06	5.98141e+06	1.81778e+06	2.43692e+06	2.76879e+06	1.70396e+06
Q9H0Q3	Q9H0Q3		FXYD6		1.6181e+06		2.06801e+06	1.59237e+06		2.99517e+06	1.77369e+06	2.7292e+06
Q9H0R3	Q9H0R3		TMEM222		4.09654e+06	5.49956e+06	4.16351e+06	4.61304e+06	6.19786e+06	6.15992e+06	5.21382e+06	7.37631e+06
Q9H0R4	Q9H0R4		HDHD2		6.245e+06	5.1634e+06	5.12405e+06	4.12914e+06	6.98603e+06	4.52226e+06	5.93659e+06	5.28301e+06
Q9H0R6	Q9H0R6		QRSL1		1.63122e+07	6.49881e+06	1.37544e+07	4.37321e+06	1.93805e+07	8.92688e+06	1.59802e+07	9.98697e+06
Q9H0S4	Q9H0S4		DDX47		1.09484e+07	1.77129e+07	1.97659e+07	3.17999e+07	1.30552e+07	1.96828e+07	1.88932e+07	1.39483e+07
Q9H0U3	Q9H0U3		MAGT1		5.96643e+07	7.1295e+07	6.81481e+07	7.88296e+07	7.60879e+07	9.78525e+07	7.72436e+07	9.65838e+07
Q9H0U4	Q9H0U4		RAB1B		3.27677e+07	5.05146e+07	4.2884e+07	5.49629e+07	4.27379e+07	5.89661e+07	5.3883e+07	6.84445e+07
Q9H0U6	Q9H0U6		MRPL18		6.4319e+07	5.07336e+07	5.52143e+07	3.15249e+07	8.10295e+07	5.67479e+07	6.88615e+07	7.18777e+07
Q9H0V1	Q9H0V1		TMEM168		5.05605e+06	6.92035e+06	6.4719e+06	6.28322e+06	7.17776e+06	5.8672e+06	6.51874e+06	5.6459e+06
Q9H0V9	Q9H0V9		LMAN2L		2.11777e+07	2.28207e+07	2.52831e+07	2.85763e+07	2.17991e+07	3.83563e+07	2.25927e+07	3.12423e+07
Q9H0W5	Q9H0W5		CCDC8		1.14796e+06	769309	884893	738520	1.36128e+06	1.92487e+06	1.21081e+06	2.09611e+06
Q9H0W8	Q9H0W8		SMG9		5.05946e+06	8.31437e+06	6.19239e+06	6.70761e+06	7.84132e+06	6.42925e+06	8.10875e+06	1.22923e+07
Q9H0W9	Q9H0W9		C11orf54		5.22254e+06	8.066e+06	5.14356e+06	4.6582e+06	6.62447e+06	4.91803e+06	6.74597e+06	5.67915e+06
Q9H0X4	Q9H0X4		FAM234A		3.32627e+07	3.17798e+07	3.18313e+07	2.74513e+07	3.79293e+07	3.20757e+07	3.84326e+07	3.2853e+07
Q9H0X9	Q9H0X9		OSBPL5		6.72587e+06	6.97449e+06	6.52747e+06	6.04396e+06	7.05941e+06	6.90945e+06	7.51059e+06	7.84256e+06
Q9H115	Q9H115		NAPB		1.0724e+06	1.19737e+06	919187	1.00689e+06	1.36127e+06	1.46693e+06	1.39772e+06	1.77565e+06
Q9H147	Q9H147		DNTTIP1		1.31568e+06	2.07429e+06	1.67186e+06	3.34201e+06	1.78506e+06	1.52998e+06	2.17594e+06	1.00989e+06
Q9H173	Q9H173		SIL1		1.06829e+07	5.84227e+06	1.05661e+07	6.98202e+06	1.51706e+07	9.29796e+06	1.23459e+07	7.25487e+06
Q9H190	Q9H190		SDCBP2			3.2438e+06		765031	1.00509e+06			
Q9H1A3	Q9H1A3		METTL9		7.62793e+06	1.32683e+07	7.42494e+06	9.23254e+06	1.23772e+07	1.48166e+07	1.01972e+07	1.67599e+07
Q9H1A4	Q9H1A4		ANAPC1		1.85273e+06	5.35282e+06	3.07515e+06	5.1402e+06	2.1079e+06	2.75261e+06	3.33885e+06	2.36088e+06
Q9H1B5	Q9H1B5		XYLT2		8.01141e+06	7.49652e+06	7.25727e+06	6.97437e+06	1.51453e+07	1.2793e+07	9.34994e+06	1.07556e+07
Q9H1B7	Q9H1B7		IRF2BPL		8.57854e+06	1.93739e+07	1.07856e+07	2.30988e+07	1.4303e+07	1.024e+07	1.1033e+07	1.19401e+07
Q9H1C4	Q9H1C4		UNC93B1		5.85727e+06	9.74061e+06	7.25907e+06	8.93976e+06	6.97312e+06	1.01082e+07	8.63198e+06	1.20517e+07
Q9H1C7	Q9H1C7		CYSTM1		1.09756e+07	6.22631e+06	1.06035e+07	1.09562e+07	9.29628e+06	1.45642e+07	1.13635e+07	1.24891e+07
Q9H1E1	Q9H1E1		RNASE7			333086						
Q9H1E3	Q9H1E3		NUCKS1		4.36065e+06	9.71248e+06	5.54099e+06	8.46214e+06	4.94721e+06	6.8506e+06	8.33514e+06	7.63075e+06
Q9H1E5	Q9H1E5		TMX4		1.50069e+07	1.48756e+07	1.32338e+07	1.487e+07	1.3018e+07	2.47069e+07	1.16293e+07	1.89621e+07
Q9H1H9	Q9H1H9		KIF13A		1.65729e+06	2.72975e+06	2.50757e+06	3.0991e+06	1.91967e+06	2.06683e+06	2.37978e+06	1.7888e+06
Q9H1I8	Q9H1I8		ASCC2		3.88609e+06	5.07418e+06	4.81223e+06	5.42571e+06	3.83722e+06	2.74246e+06	4.40199e+06	2.90792e+06
Q9H1J7	Q9H1J7		WNT5B				1.00665e+06	709194		1.05743e+06	949970	1.09787e+06
Q9H1K0	Q9H1K0		RBSN		1.61579e+06	1.65841e+06	1.76955e+06	1.64362e+06	1.59246e+06	1.9765e+06	1.54906e+06	1.54414e+06
Q9H1K1	Q9H1K1		ISCU		1.58154e+07	8.70176e+06	1.25837e+07	4.06768e+06	2.33866e+07	6.83438e+06	1.86959e+07	8.67154e+06
Q9H1K6	Q9H1K6		TLNRD1		1.20685e+06	896921	1.01618e+06	963143	1.07964e+06	1.13241e+06	821222	1.27384e+06
Q9H1N7	Q9H1N7		SLC35B3		1.65562e+06	1.30822e+06	1.73592e+06	1.61416e+06	2.00553e+06	1.96087e+06	1.58651e+06	1.69857e+06
Q9H1P3	Q9H1P3		OSBPL2		9.3293e+06	1.50219e+07	1.12657e+07	1.24714e+07	8.95135e+06	1.51767e+07	1.24608e+07	1.48552e+07
Q9H1U9	Q9H1U9		SLC25A51		9.54108e+06	1.1206e+07	8.98794e+06	9.29026e+06	1.2148e+07	1.15451e+07	1.08529e+07	1.33886e+07
Q9H1X3	Q9H1X3		DNAJC25		1.54272e+06	1.83865e+06	1.80808e+06	1.85538e+06	1.9126e+06	2.91932e+06	2.18957e+06	2.59456e+06
Q9H1Y0	Q9H1Y0		ATG5		2.36572e+06	3.84262e+06	4.15299e+06	5.05029e+06	1.89303e+06	2.81726e+06	3.11779e+06	2.438e+06
Q9H1Z4	Q9H1Z4		WDR13		624004	947075	639970	714629	365640		427399	340942
Q9H223	Q9H223		EHD4		3.38186e+07	3.89905e+07	3.66794e+07	4.18473e+07	2.48012e+07	4.29475e+07	3.0785e+07	3.76759e+07
Q9H228	Q9H228		S1PR5		386983	268635	327534	306627	264736	681541	350788	580254
Q9H237	Q9H237		PORCN		3.59809e+06	3.20309e+06	3.23513e+06	3.60891e+06	3.46346e+06	3.7146e+06	3.15281e+06	3.15365e+06
Q9H246	Q9H246		C1orf21		1.08027e+06	1.06069e+06	1.20372e+06	954163	966415	898325	1.18129e+06	995096
Q9H267	Q9H267		VPS33B		3.88891e+06	4.5763e+06	4.56344e+06	4.80306e+06	3.35857e+06	4.17121e+06	3.83761e+06	3.88794e+06
Q9H269	Q9H269		VPS16		1.32906e+07	1.14239e+07	1.14265e+07	1.02303e+07	1.31363e+07	1.28515e+07	1.17704e+07	1.23302e+07
Q9H270	Q9H270		VPS11		1.36874e+07	1.04503e+07	1.03675e+07	8.65804e+06	1.58803e+07	8.70011e+06	1.08148e+07	9.18235e+06
Q9H299	Q9H299		SH3BGRL3		8.31371e+07	6.98795e+07	6.00609e+07	4.58045e+07	5.33724e+07	4.41788e+07	7.11774e+07	4.77239e+07
Q9H2C0	Q9H2C0		GAN		7.44532e+06	9.03526e+06	1.06926e+07	1.19603e+07	6.10601e+06	8.60343e+06	7.73561e+06	6.46471e+06
Q9H2C2	Q9H2C2		ARV1		2.20237e+06	1.8881e+06	2.42161e+06	2.74732e+06	2.14318e+06	6.26927e+06	2.33672e+06	4.83251e+06
Q9H2D1	Q9H2D1		SLC25A32		2.84783e+07	2.79695e+07	2.75201e+07	2.62334e+07	2.92437e+07	4.7856e+07	2.66631e+07	4.45571e+07
Q9H2D6	Q9H2D6		TRIOBP		8.37044e+06	5.74779e+06	5.50891e+06	3.46422e+06	6.91732e+06	2.88102e+06	5.12072e+06	3.25798e+06
Q9H2F5	Q9H2F5		EPC1			44818.4	31183.9	129543	29573.8		27992.9	
Q9H2G2	Q9H2G2		SLK		1.85582e+07	1.8655e+07	1.98978e+07	2.20168e+07	1.81498e+07	1.49087e+07	1.92538e+07	1.51272e+07
Q9H2H8	Q9H2H8		PPIL3		2.34603e+06	3.95696e+06	2.312e+06	2.5067e+06	2.15171e+06	2.16498e+06	3.0369e+06	3.34512e+06
Q9H2H9	Q9H2H9		SLC38A1		6.21836e+06	1.56085e+07	1.23721e+07	1.16439e+07	6.80004e+06	1.91195e+07	1.09958e+07	1.87046e+07
Q9H2J4	Q9H2J4		PDCL3		7.52084e+06	9.76894e+06	1.01326e+07	1.10009e+07	7.02049e+06	1.07601e+07	7.89213e+06	8.46736e+06
Q9H2K0	Q9H2K0		MTIF3		6.12688e+06	5.55208e+06	5.64017e+06	3.55576e+06	8.02134e+06	4.24253e+06	6.62934e+06	5.20882e+06
Q9H2K8	Q9H2K8		TAOK3		4.04404e+06	2.61303e+06	3.0847e+06	2.52938e+06	4.1492e+06	2.37081e+06	2.92812e+06	2.53325e+06
Q9H2M9	Q9H2M9		RAB3GAP2		1.25066e+07	1.89902e+07	2.20461e+07	3.02139e+07	1.02356e+07	1.88424e+07	1.60449e+07	1.40432e+07
Q9H2P0	Q9H2P0		ADNP		4.90389e+06	6.32591e+06	4.1364e+06	5.38182e+06	4.86482e+06	3.79591e+06	5.48853e+06	4.55277e+06
Q9H2P9	Q9H2P9		DPH5		1.03809e+06	1.35319e+06	1.61129e+06	1.96745e+06	1.15828e+06	1.22628e+06	1.50071e+06	1.33528e+06
Q9H2S1	Q9H2S1		KCNN2		1.7987e+06	1.58557e+06	1.79067e+06	1.52897e+06	2.38599e+06	2.46835e+06	2.10855e+06	2.51598e+06
Q9H2U1	Q9H2U1		DHX36		1.27685e+07	1.33731e+07	1.49861e+07	1.6101e+07	1.36531e+07	1.22274e+07	1.50953e+07	1.29199e+07
Q9H2U2	Q9H2U2		PPA2		1.14448e+08	5.15924e+07	9.02342e+07	3.38738e+07	1.27428e+08	3.70519e+07	1.05118e+08	4.86389e+07
Q9H2V7	Q9H2V7		SPNS1		1.24002e+07	1.17251e+07	1.06837e+07	8.94122e+06	1.45148e+07	1.53775e+07	1.30331e+07	1.53627e+07
Q9H2W6	Q9H2W6		MRPL46		4.03355e+07	2.97093e+07	3.58622e+07	2.02063e+07	5.05684e+07	3.4619e+07	4.55723e+07	3.85973e+07
Q9H2X8	Q9H2X8		IFI27L2		6.58553e+06	5.7012e+06	4.41939e+06	5.16538e+06	8.97916e+06	9.19736e+06	6.82807e+06	7.80474e+06
Q9H300	Q9H300		PARL		2.36767e+07	2.44103e+07	2.88508e+07	2.62005e+07	2.71059e+07	3.29534e+07	3.04539e+07	3.51675e+07
Q9H307	Q9H307		PNN		2.22549e+06	5.72319e+06	3.77864e+06	6.86779e+06	3.15054e+06	3.51437e+06	3.76434e+06	3.51853e+06
Q9H330	Q9H330		TMEM245		4.43961e+06	4.69266e+06	5.47343e+06	5.97129e+06	6.00345e+06	7.02579e+06	5.02962e+06	7.43738e+06
Q9H334	Q9H334		FOXP1		619363	700748	597737	937193	591672	568980	719858	525139
Q9H3C7	Q9H3C7		GGNBP2		2.38285e+06	2.65313e+06	2.50591e+06	2.32594e+06	2.6189e+06	3.11973e+06	2.46622e+06	3.21974e+06
Q9H3E2	Q9H3E2		SNX25		519476	432820	499149	420193	419891	483083	509340	478711
Q9H3F6	Q9H3F6		KCTD10		2.39825e+06	1.59975e+06	2.48558e+06	1.76794e+06	2.57855e+06	2.94676e+06	2.07755e+06	3.02148e+06
Q9H3G5	Q9H3G5		CPVL		4.68747e+07	2.22668e+07	5.01334e+07	2.68242e+07	4.11467e+07	3.64972e+07	5.9993e+07	3.41078e+07
Q9H3H1	Q9H3H1		TRIT1		7.98792e+06	7.35508e+06	8.23322e+06	4.43929e+06	1.18123e+07	6.23734e+06	1.18078e+07	8.81147e+06
Q9H3H3	Q9H3H3		C11orf68		7.20063e+06	1.28918e+07	9.74018e+06	9.0023e+06	1.00291e+07	6.22105e+06	1.41822e+07	9.08413e+06
Q9H3H5	Q9H3H5		DPAGT1		1.16669e+07	1.69672e+07	1.47608e+07	1.63567e+07	1.49746e+07	1.93418e+07	1.60002e+07	1.88206e+07
Q9H3K2	Q9H3K2		GHITM		3.98877e+07	5.8631e+07	5.10419e+07	4.94113e+07	5.69407e+07	7.72885e+07	5.28173e+07	6.8989e+07
Q9H3K6	Q9H3K6		BOLA2		8.47604e+06	1.19661e+07	1.07854e+07	8.9702e+06	9.6174e+06	8.07754e+06	1.26897e+07	9.40828e+06
Q9H3L0	Q9H3L0		MMADHC		3.83665e+07	2.6161e+07	3.13086e+07	1.95567e+07	3.12856e+07	3.02694e+07	2.83878e+07	3.00693e+07
Q9H3M7	Q9H3M7		TXNIP		2.63198e+07	1.15306e+07	1.81058e+07	1.65999e+07	1.30686e+07	2.5546e+06	1.79022e+07	3.80093e+06
Q9H3N1	Q9H3N1		TMX1		1.78055e+08	1.93529e+08	2.14925e+08	2.55655e+08	1.77546e+08	3.48524e+08	2.12057e+08	3.2519e+08
Q9H3P2	Q9H3P2		NELFA		2.85504e+06	4.42585e+06	4.15517e+06	3.96144e+06	3.04875e+06	1.76313e+06	3.90819e+06	2.2276e+06
Q9H3P7	Q9H3P7		ACBD3		3.44147e+06	9.2529e+06	9.18942e+06	1.4461e+07	4.18189e+06	6.43517e+06	6.4165e+06	4.56834e+06
Q9H3Q1	Q9H3Q1		CDC42EP4		1.88603e+07	8.15259e+06	1.18073e+07	7.3672e+06	1.83021e+07	1.07336e+07	1.35671e+07	1.1378e+07
Q9H3R0	Q9H3R0		KDM4C		140455	207276	113180	205046	106408	115344	104780	119579
Q9H3R5	Q9H3R5		CENPH		548664	1.10245e+06	692677	741885	1.13174e+06	604914	876750	574944
Q9H3S5	Q9H3S5		PIGM		2.46471e+06	2.0193e+06	2.28481e+06	2.32462e+06	2.84008e+06	3.29479e+06	2.444e+06	3.72953e+06
Q9H3S7	Q9H3S7		PTPN23		6.76439e+06	1.55389e+07	1.18399e+07	1.31259e+07	7.48991e+06	1.42359e+07	1.2648e+07	1.74006e+07
Q9H3U1	Q9H3U1		UNC45A		1.11054e+07	1.41384e+07	1.50157e+07	1.76243e+07	9.19031e+06	1.63239e+07	1.19119e+07	1.30208e+07
Q9H3U5	Q9H3U5		MFSD1		1.11914e+07	1.3264e+07	9.63209e+06	1.10442e+07	1.75599e+07	1.28534e+07	1.13799e+07	1.33216e+07
Q9H3Y8	Q9H3Y8		PPDPF		8.5874e+06	9.72798e+06	4.89853e+06	3.88863e+06	1.76487e+07	1.18482e+07	7.48582e+06	1.25061e+07
Q9H3Z4	Q9H3Z4		DNAJC5		1.63911e+07	1.52614e+07	1.66617e+07	1.42553e+07	1.51201e+07	2.22571e+07	1.40943e+07	2.16928e+07
Q9H410	Q9H410		DSN1		208785	516378	388115	637955	226079	333443	350092	249902
Q9H425	Q9H425		C1orf198		4.45606e+06	3.86821e+06	4.51675e+06	3.88492e+06	4.03839e+06	4.19436e+06	3.92873e+06	4.19737e+06
Q9H444	Q9H444		CHMP4B		4.31528e+07	9.95733e+07	5.94873e+07	9.09534e+07	4.43672e+07	5.27598e+07	5.09163e+07	6.83627e+07
Q9H446	Q9H446		RWDD1		1.79334e+06	1.49215e+06	2.19204e+06	1.86603e+06	3.1681e+06	2.36664e+06	2.36918e+06	2.34053e+06
Q9H461	Q9H461		FZD8		1.06495e+06	1.9034e+06	1.23296e+06	1.24926e+06	1.92626e+06	935040	1.02319e+06	1.92798e+06
Q9H488	Q9H488		POFUT1		5.10078e+07	3.39753e+07	4.87072e+07	4.32437e+07	6.45824e+07	6.59322e+07	4.32894e+07	5.0979e+07
Q9H490	Q9H490		PIGU		3.57077e+07	4.19307e+07	4.43942e+07	5.22299e+07	4.26425e+07	6.56816e+07	4.38361e+07	6.1546e+07
Q9H492	Q9H492		MAP1LC3A		592288	626510	1.05281e+06	1.68825e+06	504115	735731	763507	549933
Q9H497	Q9H497		TOR3A		5.34799e+06	5.41695e+06	5.13897e+06	5.24566e+06	5.2448e+06	8.73057e+06	6.14394e+06	6.81591e+06
Q9H4A3	Q9H4A3		WNK1		7.06892e+06	1.19838e+07	1.14853e+07	1.30865e+07	8.63575e+06	7.54479e+06	1.05767e+07	6.60027e+06
Q9H4A4	Q9H4A4		RNPEP		8.25648e+06	6.90673e+06	9.09145e+06	6.80177e+06	5.11456e+06	6.3507e+06	8.55849e+06	5.92381e+06
Q9H4A5	Q9H4A5		GOLPH3L		3.67207e+06	4.18709e+06	5.72905e+06	7.77563e+06	3.56247e+06	6.19709e+06	5.10996e+06	5.04934e+06
Q9H4A6	Q9H4A6		GOLPH3		1.31447e+07	1.71023e+07	1.54559e+07	1.83962e+07	1.7645e+07	1.96552e+07	1.75947e+07	1.98204e+07
Q9H4B0	Q9H4B0		OSGEPL1		2.82687e+07	2.68149e+07	2.15809e+07	1.10962e+07	4.37534e+07	1.64562e+07	3.63824e+07	2.94827e+07
Q9H4B6	Q9H4B6		SAV1		2.88718e+06	3.80521e+06	3.82373e+06	3.92333e+06	2.6696e+06	2.0931e+06	2.38062e+06	1.80679e+06
Q9H4E5	Q9H4E5		RHOJ		1.7832e+06	1.57386e+06	1.38645e+06	1.23852e+06	1.01486e+06	1.80849e+06	1.34372e+06	1.84621e+06
Q9H4F1	Q9H4F1		ST6GALNAC4		1.16352e+06	1.60994e+06	1.62558e+06	1.66752e+06	1.73708e+06	2.63588e+06	1.29269e+06	2.07318e+06
Q9H4F8	Q9H4F8		SMOC1		2.60682e+06	2.34218e+06	2.46949e+06	1.93728e+06	3.76495e+06	1.44051e+06	3.18861e+06	1.15346e+06
Q9H4G0	Q9H4G0		EPB41L1		7.32686e+06	6.61328e+06	7.33955e+06	5.37709e+06	7.99391e+06	5.95288e+06	8.76577e+06	6.52114e+06
Q9H4G4	Q9H4G4		GLIPR2		1.86794e+07	1.12978e+07	1.43968e+07	1.18074e+07	1.21506e+07	1.55319e+07	1.33262e+07	1.43297e+07
Q9H4H8	Q9H4H8		FAM83D		2.10527e+06	2.42826e+06	2.10801e+06	2.6203e+06	2.22782e+06	3.19729e+06	2.16952e+06	2.75292e+06
Q9H4I3	Q9H4I3		TRABD		7.21645e+06	8.38354e+06	8.00826e+06	7.48334e+06	1.18169e+07	1.19591e+07	7.87282e+06	1.01165e+07
Q9H4I9	Q9H4I9		SMDT1		2.19627e+07	2.52761e+07	1.76835e+07	1.58112e+07	2.28442e+07	2.41552e+07	2.19471e+07	2.81424e+07
Q9H4K7	Q9H4K7		MTG2		3.33614e+07	3.6181e+07	2.96979e+07	1.81273e+07	5.30251e+07	2.91965e+07	5.33633e+07	5.25997e+07
Q9H4L4	Q9H4L4		SENP3		2.51132e+06	5.37793e+06	3.47054e+06	6.44543e+06	3.33985e+06	2.67759e+06	4.83185e+06	3.56626e+06
Q9H4L5	Q9H4L5		OSBPL3		3.20728e+07	2.74975e+07	3.29271e+07	3.14721e+07	2.07571e+07	2.01922e+07	2.3338e+07	2.00548e+07
Q9H4L7	Q9H4L7		SMARCAD1		1.45776e+07	3.15767e+07	2.29329e+07	3.69236e+07	1.5421e+07	2.62208e+07	1.91632e+07	2.03626e+07
Q9H4M3	Q9H4M3		FBXO44		81962.8	122778	131582	189513	130488	146598	137763	102466
Q9H4M9	Q9H4M9		EHD1		2.11804e+08	2.30972e+08	2.00104e+08	2.4568e+08	2.094e+08	2.53399e+08	1.59005e+08	2.40158e+08
Q9H4Z3	Q9H4Z3		PCIF1		3.32202e+06	6.47628e+06	3.8906e+06	5.59124e+06	3.81461e+06	4.01734e+06	4.52003e+06	4.61583e+06
Q9H501	Q9H501		ESF1		558683	865165	701515	891946	472445	534418	661682	369888
Q9H553	Q9H553		ALG2		1.42063e+07	1.79485e+07	1.57494e+07	1.59777e+07	1.79241e+07	2.21526e+07	1.82472e+07	2.18095e+07
Q9H583	Q9H583		HEATR1		6.05053e+06	1.09832e+07	1.02868e+07	1.49922e+07	9.01454e+06	8.08425e+06	1.10086e+07	6.69349e+06
Q9H5J4	Q9H5J4		ELOVL6		919455	798080	1.13454e+06	1.08158e+06	755044	1.72003e+06	1.01268e+06	1.64029e+06
Q9H5K3	Q9H5K3		POMK		6.67154e+06	7.75054e+06	8.02791e+06	8.92327e+06	9.18467e+06	1.3034e+07	8.28854e+06	1.23915e+07
Q9H5N1	Q9H5N1		RABEP2		1.94805e+06	2.54303e+06	2.02684e+06	1.41686e+06	2.04101e+06	1.89356e+06	2.31672e+06	2.3072e+06
Q9H5Q4	Q9H5Q4		TFB2M		2.17802e+07	1.71982e+07	2.17474e+07	1.16295e+07	2.87871e+07	3.10679e+07	2.45387e+07	3.50267e+07
Q9H5U6	Q9H5U6		ZCCHC4		680092	1.02667e+06	1.37733e+06	1.67837e+06	732225	1.71894e+06	1.39434e+06	1.3804e+06
Q9H5V8	Q9H5V8		CDCP1		1.01891e+08	6.14712e+07	8.7816e+07	6.9908e+07	9.03604e+07	7.98396e+07	7.45201e+07	6.36552e+07
Q9H5V9	Q9H5V9		STEEP1		817889	1.40473e+06	1.20757e+06	1.16244e+06	1.04914e+06	1.06237e+06	1.26192e+06	1.36979e+06
Q9H5X1	Q9H5X1		CIAO2A		2.90428e+06	2.6107e+06	3.17326e+06	2.97207e+06	2.12512e+06	3.08705e+06	3.15248e+06	2.75369e+06
Q9H649	Q9H649		NSUN3		4.28892e+06	3.18896e+06	3.30359e+06	1.8398e+06	6.04173e+06	3.65108e+06	4.51254e+06	4.44319e+06
Q9H694	Q9H694		BICC1		451083	1.12919e+06	541478	601551	571359	406715	693195	561321
Q9H6A9	Q9H6A9		PCNX3		2.35578e+07	2.3865e+07	2.11789e+07	1.90138e+07	2.36675e+07	2.70765e+07	2.37246e+07	2.95351e+07
Q9H6B4	Q9H6B4		CLMP		2.41671e+07	1.83744e+07	2.61211e+07	2.32489e+07	3.17953e+07	4.1697e+07	2.13343e+07	3.36058e+07
Q9H6D3	Q9H6D3		XKR8		3.41825e+06		2.97628e+06	2.98247e+06	2.20148e+06	4.86263e+06	2.30894e+06	3.51535e+06
Q9H6D7	Q9H6D7		HAUS4		1.90123e+06	2.72537e+06	2.16828e+06	2.51552e+06	2.67276e+06	1.92137e+06	2.40265e+06	2.09684e+06
Q9H6E4	Q9H6E4		CCDC134		6.18313e+07	4.84343e+07	5.66e+07	5.26866e+07	8.93139e+07	7.75825e+07	6.55442e+07	6.97262e+07
Q9H6E5	Q9H6E5		TUT1		970938	2.15442e+06	2.05031e+06	2.36074e+06	1.36067e+06	1.72864e+06	1.66575e+06	1.96292e+06
Q9H6F5	Q9H6F5		CCDC86		1.54463e+06	2.19663e+06	1.7702e+06	1.92101e+06	1.60183e+06	1.53578e+06	2.40509e+06	1.96606e+06
Q9H6H4	Q9H6H4		REEP4		5.37157e+06	5.01132e+06	5.81623e+06	5.80176e+06	5.57659e+06	8.31388e+06	6.74559e+06	9.1108e+06
Q9H6K1	Q9H6K1		ILRUN			4.6775e+06	3.67794e+06			3.138e+06	3.70013e+06	3.65425e+06
Q9H6K4	Q9H6K4		OPA3		1.77216e+07	2.17416e+07	1.78518e+07	2.02271e+07	2.37833e+07	1.8722e+07	2.07926e+07	2.42326e+07
Q9H6L2	Q9H6L2		TMEM231		2.52203e+06	2.90112e+06	1.89745e+06	2.50235e+06	4.33774e+06	2.93453e+06	2.60106e+06	3.25276e+06
Q9H6R3	Q9H6R3		ACSS3		3.26515e+07	2.44704e+07	2.28364e+07	1.22202e+07	3.15255e+07	1.2816e+07	2.92665e+07	1.93109e+07
Q9H6R4	Q9H6R4		NOL6		1.38442e+06	3.95094e+06	2.17274e+06	4.42379e+06	1.65753e+06	2.13252e+06	2.68806e+06	2.19215e+06
Q9H6R6	Q9H6R6		ZDHHC6		3.54179e+06	5.11264e+06	5.39053e+06	5.80835e+06	3.31391e+06	6.5334e+06	4.31582e+06	5.2618e+06
Q9H6R7	Q9H6R7		WDCP		276291	870197	760202	1.11115e+06	329142	507380	916260	439119
Q9H6S0	Q9H6S0		YTHDC2		5.36416e+06	8.45992e+06	7.81233e+06	9.28315e+06	6.62564e+06	5.19564e+06	8.07409e+06	5.15614e+06
Q9H6S3	Q9H6S3		EPS8L2		153510	1.36703e+06	156407	196210	84322.9	96602.9	105137	78636.1
Q9H6T3	Q9H6T3		RPAP3		5.09142e+06	8.03184e+06	6.07133e+06	6.66059e+06	6.38279e+06	4.35457e+06	7.14741e+06	5.27932e+06
Q9H6U6	Q9H6U6		BCAS3		687780	1.2235e+06	859781	967781	766882	711812	1.00792e+06	794218
Q9H6U8	Q9H6U8		ALG9		7.31479e+06	8.79986e+06	7.97565e+06	8.59262e+06	8.46515e+06	1.17351e+07	8.80514e+06	1.15594e+07
Q9H6V9	Q9H6V9		LDAH		1.88103e+07	2.09293e+07	2.55591e+07	2.91957e+07	2.24177e+07	3.64317e+07	2.56627e+07	2.91452e+07
Q9H6W3	Q9H6W3		RIOX1		630801	1.01305e+06	1.3122e+06	1.75029e+06	874114	762606	962040	681867
Q9H6X2	Q9H6X2		ANTXR1		4.23582e+07	4.03983e+07	3.85829e+07	2.67446e+07	3.56283e+07	5.83494e+07	3.19497e+07	4.84764e+07
Q9H6Y7	Q9H6Y7		RNF167		3.25824e+06	3.35238e+06	2.4962e+06	2.15194e+06	2.84081e+06	5.06499e+06	3.55657e+06	6.64992e+06
Q9H6Z4	Q9H6Z4		RANBP3		496744	2.14885e+06	1.1319e+06	2.20954e+06	612694	1.72773e+06	1.04876e+06	1.6915e+06
Q9H741	Q9H741		SPRING1		188543	248272	203884	200497	213147	283065	211605	191428
Q9H773	Q9H773		DCTPP1		6.82712e+06	7.51363e+06	7.60005e+06	6.01175e+06	8.42023e+06	7.86448e+06	1.03729e+07	7.49743e+06
Q9H788	Q9H788		SH2D4A		4.52845e+06	4.6746e+06	4.33352e+06	4.17932e+06	5.96647e+06	4.89162e+06	4.64116e+06	5.81307e+06
Q9H792	Q9H792		PEAK1		2.64754e+06	2.18277e+06	2.34422e+06	2.25546e+06	2.68626e+06	2.15703e+06	2.29275e+06	2.04739e+06
Q9H7B2	Q9H7B2		RPF2		1.82837e+06	5.15832e+06	2.94438e+06	5.14832e+06	2.24842e+06	2.23774e+06	3.1762e+06	1.97505e+06
Q9H7B4	Q9H7B4		SMYD3		3.34714e+06	4.19664e+06	4.84067e+06	4.845e+06	3.9392e+06	3.15797e+06	5.11814e+06	4.39407e+06
Q9H7D0	Q9H7D0		DOCK5		5.80614e+06	8.09939e+06	6.08979e+06	6.48398e+06	6.30781e+06	6.71092e+06	6.48883e+06	7.14396e+06
Q9H7D7	Q9H7D7		WDR26		1.23394e+06	1.76803e+06	1.58278e+06	1.84676e+06	1.1534e+06	1.22766e+06	1.34931e+06	872343
Q9H7E2	Q9H7E2		TDRD3		2.3811e+06	1.48482e+06	1.5668e+06	1.40044e+06	1.87863e+06	1.04634e+06	1.79988e+06	
Q9H7E9	Q9H7E9		C8orf33		4.8235e+06	5.08703e+06	5.58872e+06	4.61356e+06	5.75953e+06	4.22506e+06	5.52616e+06	5.1174e+06
Q9H7F0	Q9H7F0		ATP13A3		8.46703e+06	6.01927e+06	7.62249e+06	7.54449e+06	7.8231e+06	1.31897e+07	6.71841e+06	1.10178e+07
Q9H7F4	Q9H7F4		TMEM185B		5.13376e+06	3.40467e+06	5.35203e+06	4.77821e+06	3.83962e+06	6.68353e+06	3.90644e+06	4.38463e+06
Q9H7H0	Q9H7H0		METTL17		1.68351e+07	9.85062e+06	1.06318e+07	5.71058e+06	1.92708e+07	9.31876e+06	1.45928e+07	1.33399e+07
Q9H7L9	Q9H7L9		SUDS3		2.69636e+06	2.13803e+06	2.84359e+06	2.38619e+06	2.06464e+06	2.24178e+06	2.36963e+06	1.90073e+06
Q9H7P6	Q9H7P6		MVB12B		808911	595606	854626	614401	885327	1.01005e+06	679642	963151
Q9H7Z3	Q9H7Z3		NRDE2		1.71923e+06	2.64975e+06	2.07747e+06	2.61281e+06	1.79049e+06	2.14601e+06	1.88031e+06	2.36418e+06
Q9H7Z7	Q9H7Z7		PTGES2		6.18426e+07	5.6482e+07	5.55461e+07	5.04081e+07	7.92398e+07	6.27184e+07	7.15147e+07	7.69774e+07
Q9H813	Q9H813		PACC1		7.18562e+06	4.9731e+06	8.76664e+06	8.07762e+06	5.76008e+06	9.66049e+06	6.18424e+06	6.79377e+06
Q9H814	Q9H814		PHAX		965038	2.02456e+06	1.15956e+06	1.37076e+06	1.27031e+06	924583	1.35876e+06	1.33585e+06
Q9H819	Q9H819		DNAJC18		94562		128027	139033		367031		439214
Q9H825	Q9H825		METTL8		4.48235e+06	3.03312e+06	3.36857e+06	2.50897e+06	5.21267e+06	3.30754e+06	4.47086e+06	5.0236e+06
Q9H832	Q9H832		UBE2Z		7.14926e+06	1.83439e+07	1.51761e+07	2.4558e+07	9.91672e+06	1.26867e+07	1.40381e+07	1.06162e+07
Q9H840	Q9H840		GEMIN7		2.72196e+06	2.05285e+06	2.49535e+06	1.96811e+06	2.23184e+06	1.89521e+06	2.17783e+06	1.75241e+06
Q9H845	Q9H845		ACAD9		6.95043e+07	7.16624e+07	5.56935e+07	5.07493e+07	8.61632e+07	8.13725e+07	7.51773e+07	1.02215e+08
Q9H857	Q9H857		NT5DC2		3.34214e+07	1.70055e+07	2.33252e+07	1.5964e+07	3.78603e+07	2.29222e+07	2.73508e+07	2.53089e+07
Q9H871	Q9H871		RMND5A		818252	1.09495e+06	989003	1.61746e+06	727289	1.17658e+06	1.01719e+06	1.41567e+06
Q9H8G2	Q9H8G2		CAAP1		640504	1.11096e+06	981764	995316	987796	626252	1.09384e+06	565180
Q9H8H0	Q9H8H0		NOL11		1.22742e+06	663685	921090	867491	761457	803316	1.12511e+06	1.29732e+06
Q9H8H2	Q9H8H2		DDX31		2.14904e+07	3.94865e+07	2.21283e+07	3.48616e+07	1.73784e+07	2.32518e+07	2.46851e+07	2.13266e+07
Q9H8K7	Q9H8K7		PAAT		3.00265e+06	2.55675e+06	2.3919e+06	2.42016e+06	2.72214e+06	2.50754e+06	2.49036e+06	2.24562e+06
Q9H8L6	Q9H8L6		MMRN2		3.59481e+06	3.53905e+06	3.04802e+06	6.1193e+06	2.11533e+06	4.20868e+06	2.46605e+06	2.62264e+06
Q9H8M1	Q9H8M1		COQ10B		2.94924e+06	2.47976e+06	2.4353e+06	1.49676e+06	4.56842e+06	2.97874e+06	2.8354e+06	2.89635e+06
Q9H8M5	Q9H8M5		CNNM2		2.82396e+06	3.05305e+06	3.37204e+06	2.60855e+06	2.8722e+06	3.69649e+06	2.89578e+06	3.18532e+06
Q9H8M7	Q9H8M7		MINDY3		4.43293e+06	4.44927e+06	4.24932e+06	4.06993e+06	3.6963e+06	3.53732e+06	4.41903e+06	3.56017e+06
Q9H8M9	Q9H8M9		EVA1A		2.53408e+07	1.78999e+07	1.78152e+07	1.02373e+07	1.95479e+07	1.47993e+07	1.47595e+07	1.71589e+07
Q9H8P0	Q9H8P0		SRD5A3		1.70378e+06	1.18695e+06	2.18972e+06	2.63571e+06	2.19826e+06	3.98625e+06	2.28428e+06	3.87259e+06
Q9H8T0	Q9H8T0		AKTIP		3.19397e+06	5.56195e+06	3.68419e+06	4.10967e+06	2.68496e+06	7.0915e+06	3.33864e+06	2.95731e+06
Q9H8V3	Q9H8V3		ECT2		1.82616e+06	2.54843e+06	3.0007e+06	3.85881e+06	1.53529e+06	2.67372e+06	2.00552e+06	1.82426e+06
Q9H8W4	Q9H8W4		PLEKHF2		1.35524e+07	1.35033e+07	1.24945e+07	1.53442e+07	1.32507e+07	1.26413e+07	1.41977e+07	1.24459e+07
Q9H8Y5	Q9H8Y5		ANKZF1		3.58263e+06	3.47883e+06	3.42903e+06	3.27143e+06	2.95874e+06	1.66883e+06	2.6409e+06	2.05532e+06
Q9H8Y8	Q9H8Y8		GORASP2		6.37303e+06	8.91038e+06	8.99703e+06	1.11975e+07	5.26703e+06	9.25951e+06	7.91909e+06	9.29713e+06
Q9H900	Q9H900		ZWILCH		793696	1.08496e+06	1.02047e+06	1.14877e+06	898330	1.01212e+06	858727	1.0286e+06
Q9H903	Q9H903		MTHFD2L		430891		318547	236293	442723			
Q9H910	Q9H910		JPT2		8.5092e+06	7.88808e+06	8.56061e+06	7.44081e+06	1.08811e+07	8.21937e+06	1.0681e+07	1.23862e+07
Q9H920	Q9H920		RNF121		3.08993e+06	3.91901e+06	3.29207e+06	3.87101e+06	4.71531e+06	4.87168e+06	3.54249e+06	4.54322e+06
Q9H936	Q9H936		SLC25A22		1.03711e+08	9.86768e+07	9.20722e+07	9.7967e+07	1.2991e+08	1.48172e+08	1.02824e+08	1.42573e+08
Q9H939	Q9H939		PSTPIP2		4.28747e+06	8.04355e+06	5.60286e+06	5.45098e+06	7.6484e+06	5.17294e+06	8.04885e+06	7.38157e+06
Q9H944	Q9H944		MED20		957889	2.09094e+06	1.54214e+06	2.7378e+06	1.52665e+06	1.86021e+06	2.14701e+06	2.10782e+06
Q9H967	Q9H967		WDR76			423582	290696	712024	342676	685842	370527	616267
Q9H974	Q9H974		QTRT2		2.048e+07	1.18281e+07	1.74774e+07	1.07984e+07	2.59838e+07	1.18711e+07	2.00157e+07	1.39398e+07
Q9H977	Q9H977		WDR54		1.26413e+06		1.06768e+06	1.23042e+06	1.29891e+06			1.05595e+06
Q9H993	Q9H993		ARMT1		3.1441e+06	2.91136e+06	2.77659e+06	2.7032e+06	2.20265e+06	2.90467e+06	2.89635e+06	3.02254e+06
Q9H999	Q9H999		PANK3		161643			224523		360985		328257
Q9H9A5	Q9H9A5		CNOT10		4.37329e+06	6.06885e+06	5.72605e+06	6.93585e+06	4.53735e+06	4.6204e+06	5.11902e+06	3.93897e+06
Q9H9A6	Q9H9A6		LRRC40		1.77876e+07	2.36073e+07	2.85658e+07	3.99497e+07	1.46572e+07	1.80386e+07	2.19164e+07	1.39175e+07
Q9H9B4	Q9H9B4		SFXN1		4.09796e+08	4.84071e+08	3.66881e+08	3.6633e+08	4.99899e+08	5.23206e+08	4.76446e+08	6.65745e+08
Q9H9C1	Q9H9C1		VIPAS39		4.9743e+06	6.36877e+06	6.06212e+06	6.83624e+06	5.07249e+06	5.2419e+06	5.19983e+06	5.18437e+06
Q9H9E3	Q9H9E3		COG4		5.87619e+06	6.05606e+06	6.93194e+06	8.7001e+06	5.56794e+06	5.36822e+06	5.38649e+06	4.39801e+06
Q9H9F9	Q9H9F9		ACTR5		3.02184e+06	4.55352e+06	4.02469e+06	4.36413e+06	3.3588e+06	3.20364e+06	4.62957e+06	2.65248e+06
Q9H9G7	Q9H9G7		AGO3		4.64715e+06	5.63709e+06	4.8532e+06	4.5726e+06	4.9098e+06	2.8881e+06	5.36422e+06	3.61281e+06
Q9H9H4	Q9H9H4		VPS37B		5.4235e+06	7.357e+06	6.64993e+06	7.78314e+06	5.08301e+06	5.74727e+06	6.27628e+06	5.96478e+06
Q9H9J2	Q9H9J2		MRPL44		4.76065e+07	3.67011e+07	3.94502e+07	2.4378e+07	6.45365e+07	4.03444e+07	5.49048e+07	5.53262e+07
Q9H9P8	Q9H9P8		L2HGDH		6.45888e+07	4.47882e+07	5.12945e+07	2.95697e+07	7.71549e+07	4.18915e+07	5.66305e+07	4.40966e+07
Q9H9Q2	Q9H9Q2		COPS7B		5.46105e+06	1.25271e+07	9.33041e+06	1.3669e+07	5.55197e+06	7.4672e+06	9.69753e+06	8.00986e+06
Q9H9Q4	Q9H9Q4		NHEJ1		3.97656e+06	7.327e+06	4.94512e+06	6.79546e+06	5.12072e+06	4.33035e+06	5.21879e+06	5.39168e+06
Q9H9S3	Q9H9S3		SEC61A2		3.18416e+06	2.63094e+06	3.65932e+06	3.77165e+06	2.60503e+06	4.78668e+06	3.37782e+06	4.05864e+06
Q9H9S5	Q9H9S5		FKRP		4.15469e+06	4.34598e+06	4.54878e+06	5.41495e+06	5.5513e+06	6.76788e+06	4.83532e+06	6.70796e+06
Q9H9T3	Q9H9T3		ELP3		4.60666e+06	8.57128e+06	6.62743e+06	8.17866e+06	4.80488e+06	4.94869e+06	6.9886e+06	5.97388e+06
Q9H9Y6	Q9H9Y6		POLR1B		5.35702e+06	8.62852e+06	6.33594e+06	1.01794e+07	5.94196e+06	6.13855e+06	6.40104e+06	5.96928e+06
Q9HA64	Q9HA64		FN3KRP		2.05335e+06	2.79722e+06	2.65082e+06	1.9862e+06	1.88224e+06	2.13121e+06	2.35201e+06	2.15716e+06
Q9HA65	Q9HA65		TBC1D17		2.81137e+06	4.52822e+06	2.79118e+06	3.83116e+06	3.23421e+06	2.33646e+06	3.20209e+06	2.9212e+06
Q9HA72	Q9HA72		CALHM2		3.25226e+06	2.45428e+06	2.79865e+06	3.60284e+06	1.95289e+06	4.34615e+06	1.99708e+06	3.03078e+06
Q9HA77	Q9HA77		CARS2		8.32284e+06	5.1391e+06	6.4381e+06	3.72184e+06	8.85082e+06	5.86866e+06	7.16205e+06	6.63575e+06
Q9HA82	Q9HA82		CERS4		2.80289e+06	3.09582e+06	2.80104e+06	3.15238e+06	3.65219e+06	3.16093e+06	2.85509e+06	2.78529e+06
Q9HA92	Q9HA92		RSAD1		5.64175e+06	5.18928e+06	5.32672e+06	3.40129e+06	9.12009e+06	3.93717e+06	7.82876e+06	6.23891e+06
Q9HAB3	Q9HAB3		SLC52A2		2.24762e+07	1.72875e+07	2.37995e+07	2.141e+07	2.48286e+07	3.17376e+07	2.12411e+07	2.67887e+07
Q9HAB8	Q9HAB8		PPCS		3.92078e+06	7.05716e+06	4.97385e+06	7.19683e+06	4.53661e+06	5.3284e+06	5.64831e+06	5.25169e+06
Q9HAC7	Q9HAC7		SUGCT		1.55073e+07	1.15787e+07	1.28577e+07	5.99044e+06	2.11617e+07	9.6501e+06	1.64144e+07	1.13612e+07
Q9HAC8	Q9HAC8		UBTD1		1.48627e+07	1.09304e+07	1.39769e+07	1.40032e+07	1.45615e+07	1.64013e+07	1.31164e+07	1.36966e+07
Q9HAD4	Q9HAD4		WDR41		4.79458e+06	5.21781e+06	4.96295e+06	5.2104e+06	5.7058e+06	4.79815e+06	5.44077e+06	4.79392e+06
Q9HAN9	Q9HAN9		NMNAT1		2.72211e+06	1.06062e+07	6.47635e+06	9.6336e+06	3.97744e+06	6.0912e+06	8.99896e+06	6.06654e+06
Q9HAS0	Q9HAS0		C17orf75		8.74088e+06	9.0747e+06	1.00669e+07	1.05636e+07	8.15122e+06	7.71586e+06	9.04489e+06	7.4383e+06
Q9HAT2	Q9HAT2		SIAE		7.7088e+06	4.13242e+06	5.67868e+06	3.1841e+06	1.07551e+07	5.05605e+06	8.55509e+06	6.22367e+06
Q9HAT8	Q9HAT8		PELI2		1.15758e+07	8.0663e+06	9.20453e+06	8.88229e+06	6.07735e+06	2.03926e+07	8.02264e+06	1.23129e+07
Q9HAU0	Q9HAU0		PLEKHA5		2.18782e+07	1.11724e+07	1.24113e+07	1.08242e+07	1.91392e+07	9.8875e+06	1.26836e+07	1.01964e+07
Q9HAU4	Q9HAU4		SMURF2		126123	186328			144550	147922	124203	139040
Q9HAU5	Q9HAU5		UPF2		7.6637e+06	9.55421e+06	8.97634e+06	9.88172e+06	6.95236e+06	6.77585e+06	9.11058e+06	6.57511e+06
Q9HAV0	Q9HAV0		GNB4		4.64229e+07	3.2902e+07	3.78194e+07	3.5952e+07	3.74206e+07	4.76967e+07	4.04132e+07	4.31302e+07
Q9HAV4	Q9HAV4		XPO5		3.68718e+06	7.47117e+06	6.67758e+06	1.35133e+07	5.12801e+06	5.9811e+06	5.04566e+06	5.28508e+06
Q9HAV7	Q9HAV7		GRPEL1		1.84051e+08	8.76939e+07	1.59754e+08	3.99655e+07	2.56603e+08	7.70112e+07	2.21875e+08	9.65755e+07
Q9HB07	Q9HB07		MYG1		8.0075e+06	9.24321e+06	7.50743e+06	4.83786e+06	8.83077e+06	5.85693e+06	1.03741e+07	8.20219e+06
Q9HB09	Q9HB09		BCL2L12		1.807e+06	1.5838e+06	2.3814e+06	2.3501e+06	1.98286e+06	6.39246e+06	2.4238e+06	6.24179e+06
Q9HB19	Q9HB19		PLEKHA2		599154	761566	633924	648680	663337		849610	950052
Q9HB20	Q9HB20		PLEKHA3		1.62769e+06	2.02975e+06	2.03826e+06	2.2127e+06	1.84691e+06	2.79875e+06	2.22376e+06	2.82106e+06
Q9HB21	Q9HB21		PLEKHA1		4.95379e+06	3.46849e+06	3.80478e+06	3.45384e+06	4.79051e+06	3.04235e+06	3.28467e+06	2.58759e+06
Q9HB29	Q9HB29		IL1RL2		3.33386e+06	1.79571e+06	2.25933e+06	1.568e+06	3.49621e+06	2.05547e+06	3.26414e+06	2.89047e+06
Q9HB40	Q9HB40		SCPEP1		1.59238e+07	9.04788e+06	2.2668e+07	9.71131e+06	1.53985e+07	1.54988e+07	3.1608e+07	1.57867e+07
Q9HB66	Q9HB66		MKKS		2.24898e+07	2.99733e+07	2.22257e+07	2.77964e+07	3.01841e+07	3.95759e+07	2.70072e+07	3.23084e+07
Q9HB71	Q9HB71		CACYBP		5.40208e+07	7.63035e+07	7.30958e+07	1.01219e+08	5.16654e+07	5.30766e+07	7.06068e+07	4.69301e+07
Q9HB90	Q9HB90		RRAGC		5.52614e+06	7.41434e+06	6.90702e+06	8.90935e+06	5.17728e+06	6.15974e+06	6.47912e+06	5.3206e+06
Q9HBA0	Q9HBA0		TRPV4		4.90492e+06	4.64017e+06	6.23443e+06	5.60113e+06	3.82078e+06	6.90059e+06	4.94327e+06	5.58191e+06
Q9HBE1	Q9HBE1		PATZ1		50604.3	256316	155542	391211	120986	94983.5	213310	67878
Q9HBF4	Q9HBF4		ZFYVE1		3.11522e+06	3.69237e+06	3.66809e+06	4.33903e+06	2.84868e+06	3.837e+06	3.73991e+06	3.25919e+06
Q9HBG6	Q9HBG6		IFT122		709962	1.39476e+06	987162	1.19429e+06	889340	829666	1.05821e+06	963244
Q9HBH0	Q9HBH0		RHOF		7.49202e+06	4.06709e+06	6.76438e+06	5.98705e+06	5.34401e+06	8.04891e+06	4.7057e+06	5.30712e+06
Q9HBH1	Q9HBH1		PDF		2.02303e+07	2.25746e+07	2.08834e+07	2.09718e+07	2.13114e+07	3.33924e+07	2.36806e+07	3.36255e+07
Q9HBH5	Q9HBH5		RDH14		2.93685e+07	3.17767e+07	3.11211e+07	2.83717e+07	3.16126e+07	3.78945e+07	3.04908e+07	3.49702e+07
Q9HBI0	Q9HBI0		PARVG		866492				210751		391674	
Q9HBI1	Q9HBI1		PARVB		6.26248e+06	2.9381e+06	4.21065e+06	4.82431e+06	6.88501e+06	3.7997e+06	4.03028e+06	3.88511e+06
Q9HBL0	Q9HBL0		TNS1		2.17618e+06	1.59563e+06	2.16764e+06	2.51838e+06	1.70392e+06	3.22995e+06	1.67509e+06	1.81907e+06
Q9HBL7	Q9HBL7		PLGRKT		3.75585e+07	5.52638e+07	3.1686e+07	3.46789e+07	5.64299e+07	3.76983e+07	4.96254e+07	5.95394e+07
Q9HBM0	Q9HBM0		VEZT		2.77755e+06	3.00371e+06	3.45766e+06	3.28076e+06	3.07174e+06	4.67243e+06	3.99475e+06	4.67662e+06
Q9HBM1	Q9HBM1		SPC25		4.43455e+06	6.42825e+06	6.46696e+06	7.96661e+06	3.79378e+06	7.31862e+06	6.96092e+06	6.45065e+06
Q9HBM6	Q9HBM6		TAF9B		649450	1.92276e+06	1.19533e+06	2.2937e+06	1.00829e+06	1.05894e+06	1.30163e+06	840621
Q9HBR0	Q9HBR0		SLC38A10		2.84638e+06	1.90464e+06	2.44574e+06	2.48678e+06	2.95627e+06	3.62149e+06	2.17481e+06	3.09291e+06
Q9HBU6	Q9HBU6		ETNK1		1.88775e+06	2.02696e+06	1.76906e+06	1.85916e+06	2.09314e+06	2.62381e+06	1.69169e+06	2.2431e+06
Q9HC07	Q9HC07		TMEM165		3.02769e+07	4.09857e+07	2.94924e+07	3.29486e+07	3.8603e+07	4.75614e+07	3.34735e+07	5.25198e+07
Q9HC16	Q9HC16		APOBEC3G		7.96398e+06	3.34501e+06	6.46965e+06	4.78853e+06	5.71912e+06	3.31612e+06	4.85502e+06	3.29363e+06
Q9HC21	Q9HC21		SLC25A19		1.51972e+07	1.64045e+07	1.63991e+07	1.604e+07	1.88981e+07	2.36146e+07	1.6759e+07	2.10777e+07
Q9HC35	Q9HC35		EML4		1.10287e+07	1.18889e+07	1.26639e+07	1.0107e+07	9.33803e+06	6.43072e+06	1.28803e+07	5.89902e+06
Q9HC36	Q9HC36		MRM3		1.82339e+07	1.62885e+07	1.5774e+07	8.96231e+06	2.68749e+07	1.99048e+07	2.26123e+07	2.48887e+07
Q9HC38	Q9HC38		GLOD4		8.72928e+06	9.34889e+06	9.69554e+06	6.43817e+06	8.69786e+06	8.32229e+06	1.03547e+07	8.83891e+06
Q9HC44	Q9HC44		GPBP1L1		1.20655e+06	885517	1.00492e+06	766332	1.13647e+06	649269	1.05715e+06	845447
Q9HC62	Q9HC62		SENP2		919403	1.11567e+06	1.00313e+06	815346	1.62746e+06	926098	1.49215e+06	1.03293e+06
Q9HC77	Q9HC77		CPAP		5.92214e+06	3.4373e+06	4.40748e+06	3.20518e+06	5.0945e+06	4.84678e+06	4.71207e+06	6.31929e+06
Q9HCC0	Q9HCC0		MCCC2		5.68999e+07	4.58826e+07	4.84482e+07	2.58151e+07	7.56953e+07	3.68879e+07	7.23819e+07	5.51697e+07
Q9HCD5	Q9HCD5		NCOA5		779940	1.87992e+06	1.27188e+06	2.74307e+06	1.45631e+06	1.324e+06	2.09306e+06	1.07296e+06
Q9HCD6	Q9HCD6		TANC2		2.85466e+06	4.0144e+06	3.22997e+06	3.74159e+06	3.11413e+06	2.85726e+06	3.41825e+06	2.87137e+06
Q9HCE0	Q9HCE0		EPG5		1.21027e+06	1.35322e+06	1.24894e+06	1.71393e+06	1.1866e+06	1.1288e+06	1.34626e+06	1.12368e+06
Q9HCE1	Q9HCE1		MOV10		1.24966e+07	1.36586e+07	1.37183e+07	1.18762e+07	1.17084e+07	6.03882e+06	1.49725e+07	7.3776e+06
Q9HCE6	Q9HCE6		ARHGEF10L			1.11878e+06						
Q9HCE7	Q9HCE7		SMURF1		5.51299e+06	4.453e+06	4.8419e+06	4.02964e+06	5.28387e+06	6.15383e+06	5.20171e+06	7.07814e+06
Q9HCE9	Q9HCE9		ANO8		1.86731e+06	1.24087e+06	1.4962e+06	1.48007e+06	1.66127e+06	1.38395e+06	1.47187e+06	1.24576e+06
Q9HCG7	Q9HCG7		GBA2		7.70235e+06	9.55126e+06	6.75873e+06	6.47411e+06	9.52105e+06	8.04345e+06	8.7623e+06	9.73352e+06
Q9HCG8	Q9HCG8		CWC22		935018	3.33619e+06	2.88025e+06	4.30765e+06	1.21572e+06	2.05513e+06	2.13713e+06	1.69713e+06
Q9HCJ1	Q9HCJ1		ANKH		8.85108e+06	1.39709e+07	8.34877e+06	8.9578e+06	1.10522e+07	7.81321e+06	1.1929e+07	9.85662e+06
Q9HCJ3	Q9HCJ3		RAVER2		1.3996e+06	1.75138e+06	1.81474e+06	2.27212e+06	1.09198e+06	1.57335e+06	1.55718e+06	1.35842e+06
Q9HCJ6	Q9HCJ6		VAT1L		9.3206e+06	7.80977e+06	9.52651e+06	1.59849e+07	7.07277e+06	7.26831e+06	9.40064e+06	6.50276e+06
Q9HCK8	Q9HCK8		CHD8		2.51441e+06	1.83905e+06	2.71126e+06	3.12686e+06	2.05632e+06	2.824e+06	1.92662e+06	2.14304e+06
Q9HCL2	Q9HCL2		GPAM		7.11358e+06	6.65681e+06	7.48568e+06	7.07645e+06	6.09204e+06	1.71067e+07	5.91998e+06	1.33318e+07
Q9HCM2	Q9HCM2		PLXNA4		2.89123e+06	7.89611e+06	2.34422e+06	2.47793e+06	4.67137e+06	1.69018e+06	5.10658e+06	4.20786e+06
Q9HCM4	Q9HCM4		EPB41L5		1.12918e+07	6.48451e+06	7.61563e+06	6.82015e+06	1.00498e+07	7.96671e+06	6.45586e+06	6.22851e+06
Q9HCN3	Q9HCN3		PGAP6		1.72048e+06	1.58735e+06	1.59717e+06	1.32605e+06	1.5526e+06	2.47711e+06	1.5529e+06	2.35601e+06
Q9HCN4	Q9HCN4		GPN1		1.57766e+06	2.66467e+06	2.63895e+06	3.77701e+06	1.61324e+06	2.49026e+06	2.46491e+06	2.17055e+06
Q9HCN8	Q9HCN8		SDF2L1		2.01472e+07	1.38574e+07	2.28824e+07	1.91844e+07	1.8793e+07	3.28298e+07	1.80732e+07	2.11358e+07
Q9HCP0	Q9HCP0		CSNK1G1		3.33824e+06	2.61281e+06	3.36461e+06	2.36605e+06	3.39916e+06	3.2728e+06	3.04586e+06	3.48657e+06
Q9HCS5	Q9HCS5		EPB41L4A		2.89833e+06	3.1452e+06	2.66915e+06	2.818e+06	3.639e+06	2.61958e+06	3.5055e+06	3.10156e+06
Q9HCS7	Q9HCS7		XAB2		5.22993e+06	1.5118e+07	1.2621e+07	2.25132e+07	8.07154e+06	1.38245e+07	1.19035e+07	1.26087e+07
Q9HCU5	Q9HCU5		PREB		5.25978e+07	4.93597e+07	5.44782e+07	5.33976e+07	6.02384e+07	6.44925e+07	5.46068e+07	5.67503e+07
Q9HCU9	Q9HCU9		BRMS1		275657	910994	557567	1.16277e+06	562491	402240	825872	277538
Q9HCX4	Q9HCX4		TRPC7		1.52701e+06	1.30381e+06	1.63711e+06	1.16698e+06	1.59839e+06	1.45833e+06	1.57918e+06	1.5046e+06
Q9HCY8	Q9HCY8		S100A14		200513	8.05107e+06	270192	433838	235335	158912	340750	364061
Q9HD15	Q9HD15		SRA1		2.25282e+06	2.09778e+06	2.63847e+06	2.08249e+06	2.91601e+06	2.11238e+06	3.61268e+06	3.49188e+06
Q9HD20	Q9HD20		ATP13A1		2.1316e+07	2.50334e+07	2.00678e+07	2.2812e+07	3.07434e+07	2.99746e+07	2.31443e+07	3.48422e+07
Q9HD23	Q9HD23		MRS2		4.8537e+06	6.02525e+06	6.72964e+06	6.347e+06	4.42015e+06	1.21479e+07	6.17018e+06	1.02617e+07
Q9HD26	Q9HD26		GOPC		1.27113e+07	2.68458e+07	2.0813e+07	2.2944e+07	1.61598e+07	8.23109e+07	2.58455e+07	7.42788e+07
Q9HD33	Q9HD33		MRPL47		5.68094e+07	4.11392e+07	4.66864e+07	2.73036e+07	7.38223e+07	4.77967e+07	6.04246e+07	6.00895e+07
Q9HD34	Q9HD34		LYRM4		1.57234e+07	8.40826e+06	1.37759e+07	6.46305e+06	2.33569e+07	9.99057e+06	1.8062e+07	1.29626e+07
Q9HD40	Q9HD40		SEPSECS		1.77761e+06	1.28608e+06	1.4206e+06	973573	1.6552e+06	1.01848e+06	1.54165e+06	977551
Q9HD42	Q9HD42		CHMP1A		1.96685e+06	2.5036e+06	2.48499e+06	2.38156e+06	2.15376e+06	2.40497e+06	1.87208e+06	2.08116e+06
Q9HD45	Q9HD45		TM9SF3		1.14317e+08	1.32815e+08	1.34922e+08	1.50008e+08	1.33276e+08	1.93376e+08	1.13401e+08	1.3979e+08
Q9HD67	Q9HD67		MYO10		4.78093e+06	1.04547e+07	5.17366e+06	6.83076e+06	5.67507e+06	8.4245e+06	6.14509e+06	9.73877e+06
Q9HDC5	Q9HDC5		JPH1		3.32972e+06	2.60504e+06	4.07845e+06	2.40874e+06	4.59906e+06	4.17475e+06	4.21878e+06	4.4233e+06
Q9HDC9	Q9HDC9		APMAP		9.40786e+07	1.21261e+08	1.0226e+08	1.12759e+08	1.21554e+08	1.48984e+08	1.1843e+08	1.57255e+08
Q9NNW5	Q9NNW5		WDR6		3.24274e+06	3.37925e+06	3.57284e+06	3.5966e+06	3.70454e+06	3.52027e+06	3.92888e+06	4.03717e+06
Q9NNW7	Q9NNW7		TXNRD2		8.20398e+07	3.73934e+07	6.41641e+07	2.50427e+07	8.66995e+07	3.53076e+07	6.90038e+07	4.06544e+07
Q9NP31	Q9NP31		SH2D2A		5.08122e+06	1.30496e+06	4.03246e+06	4.59682e+06	3.312e+06	5.13279e+06	2.53769e+06	2.36484e+06
Q9NP55	Q9NP55		BPIFA1		4.01264e+06		3.0211e+06	1.73166e+06	1.11919e+07	2.75887e+06	5.79363e+06	2.86999e+07
Q9NP58	Q9NP58		ABCB6		6.69907e+06	7.05853e+06	5.58473e+06	4.71238e+06	7.37599e+06	8.0458e+06	6.93305e+06	8.38675e+06
Q9NP61	Q9NP61		ARFGAP3		2.93553e+06	3.31044e+06	3.72925e+06	3.72422e+06	3.71281e+06	2.72676e+06	3.48208e+06	2.45045e+06
Q9NP66	Q9NP66		HMG20A		991225	1.87571e+06	1.13494e+06	1.56201e+06	1.42577e+06	878589	1.79313e+06	974732
Q9NP72	Q9NP72		RAB18		2.53639e+07	2.11762e+07	2.94066e+07	3.23281e+07	2.45021e+07	5.2761e+07	2.55333e+07	3.85947e+07
Q9NP73	Q9NP73		ALG13		2.9533e+06	5.16426e+06	4.33362e+06	5.28797e+06	2.88095e+06	8.00486e+06	3.74236e+06	6.74799e+06
Q9NP77	Q9NP77		SSU72		927691	2.3224e+06	1.57415e+06	1.85721e+06	1.35191e+06	2.60601e+06	1.5581e+06	2.73857e+06
Q9NP79	Q9NP79		VTA1		7.94301e+06	1.20391e+07	1.3166e+07	1.93445e+07	7.21852e+06	1.15842e+07	1.09161e+07	1.05062e+07
Q9NP80	Q9NP80		PNPLA8		2.27575e+07	2.69611e+07	1.88416e+07	1.75321e+07	2.6677e+07	2.32985e+07	2.05776e+07	2.40301e+07
Q9NP81	Q9NP81		SARS2		1.06285e+08	5.86703e+07	8.54504e+07	2.33593e+07	1.27176e+08	4.15653e+07	1.16563e+08	6.00929e+07
Q9NP84	Q9NP84		TNFRSF12A		4.53594e+06	3.14187e+06	4.48284e+06	4.55274e+06	5.14517e+06	1.32107e+07	3.37589e+06	1.02264e+07
Q9NP90	Q9NP90		RAB9B		4.32892e+06	5.03722e+06	4.07603e+06	3.29049e+06	6.09361e+06	5.17435e+06	6.05523e+06	6.11261e+06
Q9NP92	Q9NP92		MRPS30		3.99023e+07	3.37133e+07	3.38656e+07	2.23675e+07	5.55075e+07	3.58911e+07	4.84261e+07	4.77376e+07
Q9NP97	Q9NP97		DYNLRB1		3.98696e+07	4.13688e+07	4.56508e+07	4.86225e+07	6.13924e+07	2.23784e+07	6.412e+07	1.92543e+07
Q9NPA0	Q9NPA0		EMC7		6.47679e+07	6.11151e+07	7.18331e+07	7.62348e+07	7.14975e+07	1.42596e+08	6.63059e+07	1.01332e+08
Q9NPA8	Q9NPA8		ENY2		4.74988e+06	6.15383e+06	7.16863e+06	7.55545e+06	4.87999e+06	5.11275e+06	8.96864e+06	5.58973e+06
Q9NPB0	Q9NPB0		SAYSD1		1.4265e+06	1.61905e+06	1.70646e+06	2.7306e+06	1.57888e+06	3.69307e+06	1.96607e+06	3.02364e+06
Q9NPD3	Q9NPD3		EXOSC4		3.61918e+06	9.34274e+06	5.99423e+06	8.76395e+06	4.32444e+06	6.43195e+06	6.60717e+06	6.34074e+06
Q9NPD8	Q9NPD8		UBE2T		4.89156e+06	5.15314e+06	5.80354e+06	6.42384e+06	6.08034e+06	1.15254e+07	5.68823e+06	1.0182e+07
Q9NPE2	Q9NPE2		NGRN		4.34062e+06	3.25526e+06	3.64495e+06	2.17622e+06	5.79912e+06	4.50003e+06	4.64206e+06	5.15023e+06
Q9NPE3	Q9NPE3		NOP10		379983	807698	554398	690547	747303	373184	751545	409301
Q9NPF0	Q9NPF0		CD320		6.44047e+06	5.65324e+06	6.4486e+06	5.59867e+06	8.14938e+06	1.92698e+07	5.98128e+06	1.75358e+07
Q9NPF2	Q9NPF2		CHST11		6.6675e+06	6.95381e+06	6.8601e+06	5.75477e+06	8.5111e+06	9.10257e+06	7.87289e+06	7.5084e+06
Q9NPF4	Q9NPF4		OSGEP		2.20222e+06	5.59216e+06	4.35157e+06	6.30046e+06	1.90917e+06	3.61409e+06	3.73654e+06	3.17411e+06
Q9NPF5	Q9NPF5		DMAP1		1.18411e+06	7.0644e+06	2.64623e+06	7.4664e+06	2.93971e+06	2.6746e+06	4.77282e+06	2.43435e+06
Q9NPG1	Q9NPG1		FZD3			2.79243e+06	2.12354e+06	2.23065e+06		2.08648e+06	2.27217e+06	1.96751e+06
Q9NPG8	Q9NPG8		ZDHHC4		2.40043e+07	2.09366e+07	2.44906e+07	2.37483e+07	2.43213e+07	3.2593e+07	2.47207e+07	3.4791e+07
Q9NPH0	Q9NPH0		ACP6		4.71944e+07	2.58447e+07	3.65043e+07	1.15945e+07	5.79626e+07	1.27053e+07	5.2575e+07	1.73568e+07
Q9NPH2	Q9NPH2		ISYNA1		3.89008e+06	3.59937e+06	3.94774e+06	3.12276e+06	4.00325e+06	3.12591e+06	3.89605e+06	3.1301e+06
Q9NPH3	Q9NPH3		IL1RAP		1.40003e+07	7.11377e+06	9.93853e+06	7.9128e+06	1.05557e+07	8.61531e+06	9.13869e+06	6.63895e+06
Q9NPI0	Q9NPI0		TMEM138		6.92018e+06	7.72803e+06	8.11252e+06	8.85812e+06	7.65082e+06	1.33621e+07	9.26666e+06	1.37569e+07
Q9NPI1	Q9NPI1		BRD7			1.04036e+06	520243	1.29846e+06	493496	237603	911732	248538
Q9NPI6	Q9NPI6		DCP1A		3.3552e+06	4.62552e+06	5.12394e+06	5.48359e+06	3.41805e+06	3.25328e+06	4.37353e+06	3.13814e+06
Q9NPJ3	Q9NPJ3		ACOT13		7.30345e+07	5.6654e+07	6.86701e+07	4.33111e+07	9.72153e+07	6.50166e+07	7.80604e+07	6.72964e+07
Q9NPJ6	Q9NPJ6		MED4		92342.1	804949	246361	715056	246995	361537	456690	297845
Q9NPJ8	Q9NPJ8		NXT2			1.0046e+06		867151		897405	942836	828285
Q9NPL8	Q9NPL8		TIMMDC1		2.37695e+07	2.5559e+07	2.32666e+07	2.38148e+07	3.11078e+07	4.68495e+07	2.65247e+07	4.13697e+07
Q9NPQ8	Q9NPQ8		RIC8A		1.2664e+07	2.53594e+07	2.43784e+07	3.52658e+07	1.40629e+07	2.07126e+07	2.29348e+07	1.9017e+07
Q9NPR2	Q9NPR2		SEMA4B		3.16521e+07	8.02856e+06	1.91933e+07	1.83931e+07	2.21498e+07	1.5054e+07	1.44786e+07	7.35473e+06
Q9NPR9	Q9NPR9		GPR108		1.55255e+06	2.57987e+06	2.1785e+06	2.87844e+06	2.11776e+06	2.84989e+06	2.16601e+06	3.17765e+06
Q9NQ11	Q9NQ11		ATP13A2		1.22599e+07	6.2457e+06	1.22189e+07	1.00271e+07	9.25579e+06	9.53081e+06	7.55951e+06	5.77062e+06
Q9NQ29	Q9NQ29		LUC7L		3.9983e+06	4.49275e+06	2.59292e+06	4.20328e+06	5.02857e+06	5.27331e+06	2.63465e+06	5.6395e+06
Q9NQ30	Q9NQ30		ESM1		1.03737e+07	5.7867e+06	1.06109e+07	9.17805e+06	3.13057e+07	1.22303e+07	8.63336e+06	5.84252e+06
Q9NQ31	Q9NQ31		AKIP1		271814	124516	276436	213946	418113	175557	263091	224053
Q9NQ34	Q9NQ34		TMEM9B		6.33409e+06	6.07894e+06	6.93405e+06	6.94436e+06	6.12706e+06	1.32167e+07	6.3527e+06	1.0919e+07
Q9NQ35	Q9NQ35		NRIP3		583814	611510	718318	1.04877e+06	870050	440691	622174	555669
Q9NQ48	Q9NQ48		LZTFL1		4.11668e+06	5.03165e+06	4.81016e+06	5.00091e+06	4.31544e+06	4.17943e+06	5.14518e+06	4.70442e+06
Q9NQ50	Q9NQ50		MRPL40		8.98981e+07	6.36454e+07	8.11719e+07	4.63901e+07	1.13485e+08	7.65011e+07	9.62821e+07	9.73001e+07
Q9NQ55	Q9NQ55		PPAN			1.14219e+06		1.20455e+06	854015		1.129e+06	
Q9NQ75	Q9NQ75		CASS4					1.76727e+07		2.80446e+07		
Q9NQ84	Q9NQ84		GPRC5C		9.55715e+06	5.59664e+06	7.82722e+06	4.50335e+06	6.44184e+06	8.10405e+06	6.74184e+06	8.42507e+06
Q9NQ86	Q9NQ86		TRIM36		51659.9	102618	152451	177487	57580	79806.1	99150.6	
Q9NQ88	Q9NQ88		TIGAR		3.94771e+06	4.84984e+06	4.43382e+06	4.85104e+06	3.30645e+06	5.08094e+06	4.00613e+06	4.73955e+06
Q9NQ89	Q9NQ89		FERRY3		795433	728900	703127	813004	576118	668873	583711	464090
Q9NQC1	Q9NQC1		JADE2			352340	251670	398651	205260	170838	351539	
Q9NQC3	Q9NQC3		RTN4		5.31174e+08	4.31794e+08	6.96905e+08	6.41782e+08	5.11557e+08	6.46281e+08	5.80169e+08	6.34809e+08
Q9NQC7	Q9NQC7		CYLD		8.3317e+06	1.26628e+07	1.17105e+07	1.44272e+07	1.06243e+07	1.04646e+07	1.217e+07	1.0936e+07
Q9NQE9	Q9NQE9		HINT3		7.78347e+06	4.86893e+06	7.54113e+06	5.96669e+06	5.51126e+06	7.18995e+06	5.40294e+06	5.28837e+06
Q9NQG1	Q9NQG1		MANBAL		3.47426e+06	4.18529e+06	4.0099e+06	4.40137e+06	3.33754e+06	4.64827e+06	1.88831e+06	5.86385e+06
Q9NQG5	Q9NQG5		RPRD1B		3.13718e+06	9.47121e+06	5.70712e+06	9.8252e+06	3.82047e+06	4.76861e+06	6.05595e+06	4.71837e+06
Q9NQG6	Q9NQG6		MIEF1		3.55067e+06	4.63874e+06	4.70542e+06	4.17803e+06	4.75667e+06	5.20601e+06	5.18863e+06	5.60503e+06
Q9NQH7	Q9NQH7		XPNPEP3		2.50514e+07	2.62519e+07	2.52417e+07	1.6286e+07	3.51736e+07	3.0665e+07	3.4204e+07	4.09002e+07
Q9NQP4	Q9NQP4		PFDN4		1.28788e+07	1.4983e+07	1.56481e+07	1.31873e+07	1.32404e+07	1.34321e+07	1.77829e+07	1.33194e+07
Q9NQQ7	Q9NQQ7		SLC35C2		4.01477e+06	4.05137e+06	3.52994e+06	4.14824e+06	4.04185e+06	4.56932e+06	4.19433e+06	5.12829e+06
Q9NQR4	Q9NQR4		NIT2		1.72745e+07	1.42903e+07	1.49326e+07	1.14038e+07	2.87298e+07	1.02993e+07	2.06109e+07	1.36838e+07
Q9NQS1	Q9NQS1		AVEN		2.30585e+06	2.65467e+06	2.43305e+06	2.85177e+06	1.77169e+06	2.18648e+06	1.99264e+06	2.1606e+06
Q9NQS3	Q9NQS3		NECTIN3		1.29924e+07	1.499e+07	1.24299e+07	1.21679e+07	1.43441e+07	1.54291e+07	1.64138e+07	1.81893e+07
Q9NQT4	Q9NQT4		EXOSC5		2.03896e+06	6.04372e+06	3.26009e+06	5.37063e+06	2.94069e+06	3.88039e+06	3.9472e+06	4.1976e+06
Q9NQT5	Q9NQT5		EXOSC3		756348	2.77043e+06	1.61212e+06	2.71463e+06	1.17791e+06	1.5341e+06	1.76475e+06	1.88615e+06
Q9NQT8	Q9NQT8		KIF13B		4.48644e+06	9.2816e+06	6.06876e+06	6.86934e+06	4.87299e+06	4.37236e+06	7.35604e+06	4.79855e+06
Q9NQW6	Q9NQW6		ANLN		3.41759e+06	3.51034e+06	3.87174e+06	5.39254e+06	3.90027e+06	5.17791e+06	3.88683e+06	4.9522e+06
Q9NQW7	Q9NQW7		XPNPEP1		9.84294e+06	7.20922e+06	9.13891e+06	6.00779e+06	1.00016e+07	7.15229e+06	8.49634e+06	7.20709e+06
Q9NQX3	Q9NQX3		GPHN		1.09268e+07	1.15055e+07	1.49903e+07	1.49529e+07	9.13576e+06	1.1309e+07	1.20564e+07	1.0125e+07
Q9NQX7	Q9NQX7		ITM2C		5.83198e+07	4.14481e+07	5.38721e+07	6.06571e+07	4.95841e+07	8.20341e+07	6.03557e+07	6.65301e+07
Q9NQY0	Q9NQY0		BIN3		3.75163e+06	4.21111e+06	3.78803e+06	4.42508e+06	3.22583e+06	3.85228e+06	3.94358e+06	4.00471e+06
Q9NQZ2	Q9NQZ2		UTP3		1.22694e+06	1.74085e+06	1.2446e+06	1.53408e+06	1.25039e+06	1.2262e+06	1.37339e+06	1.53354e+06
Q9NQZ5	Q9NQZ5		STARD7		5.59891e+06	5.41198e+06	5.31279e+06	4.80642e+06	6.00121e+06	8.88126e+06	5.52777e+06	9.64204e+06
Q9NQZ7	Q9NQZ7		ENTPD7		256129	381119	230127	286731	319017	590852	260190	510681
Q9NR00	Q9NR00		TCIM		343432	530974	484610				605802	
Q9NR09	Q9NR09		BIRC6		4.88597e+06	8.11304e+06	6.99121e+06	9.21515e+06	4.95603e+06	5.05988e+06	6.07512e+06	4.86135e+06
Q9NR12	Q9NR12		PDLIM7		7.31809e+07	5.686e+07	6.27848e+07	5.98695e+07	7.38599e+07	5.78968e+07	6.27979e+07	7.07328e+07
Q9NR19	Q9NR19		ACSS2		4.00397e+06	6.42138e+06	4.87027e+06	6.74757e+06	3.18004e+06	4.05306e+06	4.32556e+06	4.11839e+06
Q9NR28	Q9NR28		DIABLO		1.02888e+08	5.15921e+07	6.50775e+07	2.63062e+07	1.53073e+08	2.82377e+07	1.02102e+08	3.23517e+07
Q9NR30	Q9NR30		DDX21		5.58534e+06	1.92434e+07	2.12088e+07	3.68876e+07	9.47164e+06	1.91526e+07	1.83863e+07	1.39519e+07
Q9NR31	Q9NR31		SAR1A		1.33999e+07	2.72422e+07	3.23607e+07	4.90106e+07	1.62114e+07	3.40025e+07	2.55406e+07	2.30143e+07
Q9NR45	Q9NR45		NANS		1.16858e+07	1.6759e+07	1.36432e+07	1.2922e+07	1.60194e+07	9.21882e+06	1.82005e+07	1.13473e+07
Q9NR46	Q9NR46		SH3GLB2		6.97207e+06	1.23427e+07	7.12591e+06	8.53415e+06	6.61386e+06	6.313e+06	7.51456e+06	7.32983e+06
Q9NR48	Q9NR48		ASH1L								572808	
Q9NR50	Q9NR50		EIF2B3		5.59321e+06	9.66534e+06	8.18259e+06	1.06069e+07	6.17137e+06	6.7994e+06	8.39192e+06	7.27751e+06
Q9NR56	Q9NR56		MBNL1		6.91572e+06	1.13863e+07	9.72594e+06	1.27752e+07	6.31572e+06	6.12939e+06	1.12817e+07	6.52585e+06
Q9NR77	Q9NR77		PXMP2		3.81037e+06	3.94963e+06	3.73112e+06	2.84818e+06	4.04969e+06	6.926e+06	4.06195e+06	6.4548e+06
Q9NR82	Q9NR82		KCNQ5		1.23398e+06	1.42078e+06	1.78216e+06	1.30363e+06	1.17276e+06	1.76448e+06	1.36751e+06	1.78392e+06
Q9NRA0	Q9NRA0		SPHK2		415972	318589	283246	233025	305065	346727	357992	494855
Q9NRB3	Q9NRB3		CHST12		2.36937e+06	3.62609e+06	3.05673e+06	3.55917e+06	3.62251e+06	5.79389e+06	3.95788e+06	5.36916e+06
Q9NRC1	Q9NRC1		ST7		3.86414e+06	5.53151e+06	4.62955e+06	4.90481e+06	4.53598e+06	7.56407e+06	5.52963e+06	7.0329e+06
Q9NRF2	Q9NRF2		SH2B1		2.86424e+06	2.30866e+06	3.41545e+06	2.06142e+06	4.77768e+06	2.81418e+06	3.99411e+06	2.89017e+06
Q9NRF8	Q9NRF8		CTPS2		2.46123e+06	1.76288e+06	2.255e+06	1.67618e+06	2.44182e+06	1.64458e+06	2.3235e+06	1.79541e+06
Q9NRF9	Q9NRF9		POLE3		1.07207e+06	2.67145e+06	1.94975e+06	2.37189e+06	1.27747e+06	1.49993e+06	1.9962e+06	2.23577e+06
Q9NRG0	Q9NRG0		CHRAC1		2.13108e+06	4.5057e+06	3.17346e+06	4.20293e+06	2.38879e+06	2.73882e+06	3.17047e+06	3.3801e+06
Q9NRG1	Q9NRG1		PRTFDC1		3.92993e+06	4.69079e+06	4.84925e+06	7.1945e+06	3.2119e+06	4.93159e+06	5.96802e+06	4.35933e+06
Q9NRG4	Q9NRG4		SMYD2		6.22608e+06	6.80191e+06	5.81733e+06	6.03811e+06	6.7156e+06	7.09e+06	6.43924e+06	4.44302e+06
Q9NRG7	Q9NRG7		SDR39U1		1.57063e+07	7.87582e+06	1.12471e+07	6.95439e+06	1.66279e+07	1.06923e+07	9.57894e+06	1.1342e+07
Q9NRG9	Q9NRG9		AAAS		1.59623e+07	2.78719e+07	2.53074e+07	2.76544e+07	2.50474e+07	4.37291e+07	2.86974e+07	4.28962e+07
Q9NRH1	Q9NRH1		YAE1		481333	834734	612626	622737	436035	716552	563536	956282
Q9NRH2	Q9NRH2		SNRK			1.31451e+06	1.27928e+06	1.4922e+06		1.33482e+06	1.3168e+06	1.57261e+06
Q9NRI5	Q9NRI5		DISC1		90357.5	99769.6	141084	127007	49819.6	108114	102010	93920.6
Q9NRK6	Q9NRK6		ABCB10		2.92109e+07	2.31223e+07	3.0623e+07	2.82792e+07	2.48678e+07	4.23173e+07	2.78235e+07	3.79722e+07
Q9NRL2	Q9NRL2		BAZ1A		2.87739e+06	8.30032e+06	6.69598e+06	1.3537e+07	4.96077e+06	7.05213e+06	6.14382e+06	4.72119e+06
Q9NRL3	Q9NRL3		STRN4		2.67767e+06	2.73158e+06	2.64589e+06	2.31082e+06	3.21852e+06	2.25849e+06	3.02123e+06	2.58218e+06
Q9NRN7	Q9NRN7		AASDHPPT		7.44873e+06	1.81784e+07	1.41387e+07	2.0779e+07	1.00697e+07	1.62098e+07	1.35946e+07	1.33532e+07
Q9NRN9	Q9NRN9		METTL5		1.5395e+06	2.38884e+06	2.15643e+06	2.34618e+06	2.22152e+06	2.36037e+06	2.41802e+06	2.52438e+06
Q9NRP0	Q9NRP0		OSTC		1.69917e+08	1.5308e+08	1.6554e+08	1.76702e+08	1.85281e+08	2.47357e+08	1.66442e+08	2.05189e+08
Q9NRP2	Q9NRP2		CMC2		5.5185e+07	5.39979e+07	4.98004e+07	4.85357e+07	6.88791e+07	5.91993e+07	5.29424e+07	6.04859e+07
Q9NRP4	Q9NRP4		SDHAF3		9.81838e+06	5.02537e+06	8.05742e+06	5.74933e+06	8.50548e+06	5.55309e+06	8.08851e+06	6.07678e+06
Q9NRQ2	Q9NRQ2		PLSCR4		4.62703e+06	4.42824e+06	3.90163e+06	3.46646e+06	6.68583e+06	2.70038e+06	5.0914e+06	3.46998e+06
Q9NRR1	Q9NRR1		CYTL1		2.10548e+06	1.27425e+06	1.69525e+06	1.60345e+06	1.64529e+06	2.80989e+06	1.81205e+06	2.08479e+06
Q9NRR3	Q9NRR3		CDC42SE2		1.51836e+07	1.06252e+07	1.21102e+07	1.11185e+07	1.67926e+07	1.74839e+07	1.1866e+07	1.9643e+07
Q9NRR4	Q9NRR4		DROSHA		448820	534918	384820	541975	357988	546260	379643	425680
Q9NRR5	Q9NRR5		UBQLN4			645307						
Q9NRR8	Q9NRR8		CDC42SE1		1.11492e+07	4.18485e+06	1.04829e+07	8.34025e+06	7.42644e+06	1.16562e+07	6.5094e+06	6.93496e+06
Q9NRV9	Q9NRV9		HEBP1		2.33389e+07	1.4871e+07	2.12785e+07	9.48179e+06	3.44046e+07	1.0766e+07	2.93286e+07	1.18886e+07
Q9NRW1	Q9NRW1		RAB6B		2.29428e+07	2.47868e+07	2.82459e+07	3.01008e+07	2.66692e+07	3.21869e+07	2.84167e+07	3.41325e+07
Q9NRW3	Q9NRW3		APOBEC3C		1.09799e+07	4.83747e+06	8.50274e+06	7.19667e+06	9.37449e+06	6.29884e+06	7.62387e+06	6.30575e+06
Q9NRW7	Q9NRW7		VPS45		2.62609e+07	3.08138e+07	3.12548e+07	3.50018e+07	2.3825e+07	3.45425e+07	3.01863e+07	3.23427e+07
Q9NRX1	Q9NRX1		PNO1		3.15928e+06	7.06207e+06	8.20048e+06	1.11026e+07	4.35966e+06	7.16288e+06	6.56524e+06	5.22407e+06
Q9NRX2	Q9NRX2		MRPL17		1.33178e+08	1.04492e+08	1.12879e+08	6.78816e+07	1.83162e+08	1.2018e+08	1.54212e+08	1.56708e+08
Q9NRX4	Q9NRX4		PHPT1		2.40878e+06	3.11206e+06	2.48852e+06	1.90693e+06	2.53877e+06	2.14304e+06	3.26409e+06	3.28549e+06
Q9NRX5	Q9NRX5		SERINC1		9.91692e+06	8.73895e+06	1.04972e+07	1.15616e+07	7.5177e+06	1.50956e+07	9.28837e+06	1.30385e+07
Q9NRY4	Q9NRY4		ARHGAP35		8.2626e+06	1.25611e+07	9.16194e+06	1.11441e+07	8.82753e+06	8.42222e+06	1.06934e+07	9.81529e+06
Q9NRY5	Q9NRY5		FAM114A2		2.52278e+06	5.36887e+06	4.69112e+06	6.87252e+06	4.40065e+06	4.05045e+06	5.81191e+06	3.498e+06
Q9NRY6	Q9NRY6		PLSCR3		7.80431e+06	5.82004e+06	6.16486e+06	4.95836e+06	7.03915e+06	6.21201e+06	6.47556e+06	5.95641e+06
Q9NRZ5	Q9NRZ5		AGPAT4		5.83975e+06	6.98639e+06	4.47262e+06	5.37013e+06	5.78524e+06	5.00798e+06	5.32551e+06	5.50295e+06
Q9NRZ7	Q9NRZ7		AGPAT3		5.5318e+06	4.56743e+06	4.85888e+06	4.33782e+06	7.125e+06	5.80583e+06	4.98058e+06	5.5228e+06
Q9NRZ9	Q9NRZ9		HELLS		1.26159e+06	2.55043e+06	1.63735e+06	2.6881e+06	1.82076e+06	3.05181e+06	1.91708e+06	2.39783e+06
Q9NS00	Q9NS00		C1GALT1		4.97417e+06	5.4216e+06	7.34903e+06	8.7143e+06	7.30171e+06	1.34647e+07	7.05585e+06	9.8314e+06
Q9NS15	Q9NS15		LTBP3		4.80152e+06	2.20889e+06	3.35717e+06	2.76107e+06	8.54017e+06	2.83463e+06	3.81034e+06	2.4203e+06
Q9NS18	Q9NS18		GLRX2		2.68924e+07	2.8293e+07	2.19126e+07	1.39009e+07	3.86562e+07	3.00933e+07	2.586e+07	4.05853e+07
Q9NS68	Q9NS68		TNFRSF19		1.34413e+06	1.58569e+06	926396	1.08034e+06	1.1688e+06	1.39037e+06	2.10094e+06	2.50251e+06
Q9NS69	Q9NS69		TOMM22		1.40804e+08	1.801e+08	1.55596e+08	1.64488e+08	1.74812e+08	2.81622e+08	1.80444e+08	2.81371e+08
Q9NS84	Q9NS84		CHST7		69867.2	34593.4	80452.4	115192	136361	251481	95493.6	132058
Q9NS86	Q9NS86		LANCL2		2.04628e+07	1.85969e+07	2.10194e+07	1.93171e+07	1.89789e+07	2.42262e+07	2.36002e+07	2.59604e+07
Q9NS87	Q9NS87		KIF15		2.26521e+06	2.25906e+06	2.70745e+06	2.65086e+06	2.16247e+06	2.57196e+06	2.4204e+06	2.26227e+06
Q9NS91	Q9NS91		RAD18		77611.7		173942	376561	175431	234610	234731	189149
Q9NS93	Q9NS93		TM7SF3		8.26173e+06	6.58955e+06	8.66843e+06	4.60022e+06	6.15817e+06	1.89534e+07	7.39436e+06	1.50699e+07
Q9NSA3	Q9NSA3		CTNNBIP1		1.36658e+06	4.51472e+06			755505	1.2969e+06		
Q9NSC5	Q9NSC5		HOMER3		4.09803e+06	3.98116e+06	4.06278e+06	3.76861e+06	4.7475e+06	3.04928e+06	3.78356e+06	3.19423e+06
Q9NSD9	Q9NSD9		FARSB		2.32744e+07	2.84622e+07	2.64805e+07	2.59979e+07	2.5081e+07	1.97365e+07	2.84661e+07	1.95013e+07
Q9NSE4	Q9NSE4		IARS2		3.52214e+08	1.46657e+08	2.82257e+08	1.07196e+08	3.39371e+08	1.72774e+08	2.68378e+08	1.711e+08
Q9NSJ1	Q9NSJ1		ZNF355P		2.27434e+06	200879	1.77987e+06	914330	942121	1.30447e+06	488662	442737
Q9NSK0	Q9NSK0		KLC4		1.66224e+06	2.47214e+06	2.02718e+06	2.23966e+06	1.59832e+06	1.31305e+06	2.18932e+06	1.66346e+06
Q9NSP4	Q9NSP4		CENPM			1.07452e+06	699575	1.17582e+06	843887	1.21611e+06	1.12685e+06	1.61507e+06
Q9NSU2	Q9NSU2		TREX1		853248	2.16228e+06	650114	571626	2.55771e+06	1.16018e+06	1.87074e+06	2.54707e+06
Q9NSV4	Q9NSV4		DIAPH3		1.21192e+06	1.36157e+06	1.63541e+06	1.56791e+06	1.34322e+06	1.92452e+06	1.44637e+06	1.62375e+06
Q9NSY1	Q9NSY1		BMP2K		1.78968e+06	2.11585e+06	1.69376e+06	2.62377e+06	1.78595e+06	956418	1.76737e+06	1.48531e+06
Q9NSY2	Q9NSY2		STARD5			460492					50443	
Q9NT62	Q9NT62		ATG3		1.06481e+07	2.13373e+07	2.32272e+07	3.4647e+07	1.06763e+07	1.69588e+07	2.02506e+07	1.48048e+07
Q9NT68	Q9NT68		TENM2		406323	476133	344845		1.22169e+06	425752	571952	690536
Q9NT99	Q9NT99		LRRC4B		1.97896e+06	1.52605e+06	833852	746851	1.24711e+07	1.69922e+06	1.29963e+06	
Q9NTG7	Q9NTG7		SIRT3		1.59393e+07	1.18728e+07	1.42739e+07	6.80021e+06	2.55795e+07	5.8639e+06	2.32253e+07	1.0003e+07
Q9NTI5	Q9NTI5		PDS5B		3.31806e+06	1.24483e+07	7.05265e+06	1.56533e+07	6.48169e+06	6.41206e+06	9.74882e+06	5.50601e+06
Q9NTJ3	Q9NTJ3		SMC4		2.12379e+07	3.44904e+07	2.97121e+07	4.30723e+07	1.9391e+07	3.17336e+07	2.60091e+07	2.87122e+07
Q9NTJ4	Q9NTJ4		MAN2C1		842554	949735	777763	651419	539488	501916	792738	435497
Q9NTJ5	Q9NTJ5		SACM1L		3.20738e+07	3.23787e+07	3.59707e+07	3.77208e+07	3.0421e+07	5.35237e+07	3.34805e+07	4.47392e+07
Q9NTK5	Q9NTK5		OLA1		2.02341e+07	2.02681e+07	2.34096e+07	2.25485e+07	1.67607e+07	1.82622e+07	2.36492e+07	1.86233e+07
Q9NTM9	Q9NTM9		CUTC		6.31316e+06	9.97794e+06	7.95743e+06	9.93225e+06	7.02766e+06	8.26951e+06	9.3475e+06	8.65709e+06
Q9NTN3	Q9NTN3		SLC35D1		1.39996e+06	1.8394e+06	1.60391e+06	2.00366e+06	1.85929e+06	2.20247e+06	1.89652e+06	3.08128e+06
Q9NTW7	Q9NTW7		ZFP64			533542	620786	568809	1.12354e+06	752771	939669	674883
Q9NTX5	Q9NTX5		ECHDC1		2.30921e+07	1.70178e+07	2.49365e+07	1.96114e+07	2.45495e+07	1.48664e+07	2.85417e+07	1.6295e+07
Q9NTZ6	Q9NTZ6		RBM12		9.11636e+06	2.19132e+07	1.59575e+07	2.31402e+07	9.91142e+06	1.50003e+07	1.38593e+07	1.48765e+07
Q9NU22	Q9NU22		MDN1		5.90158e+06	1.07055e+07	9.19453e+06	1.53149e+07	7.29042e+06	7.92399e+06	7.80995e+06	7.13062e+06
Q9NU23	Q9NU23		LYRM2		7.60829e+06	4.02594e+06	6.37268e+06	2.43042e+06	1.01274e+07	4.10919e+06	7.02722e+06	3.93359e+06
Q9NUB1	Q9NUB1		ACSS1		7.57006e+06	3.10532e+06	7.82859e+06	2.37198e+06	6.81487e+06	3.20599e+06	9.00748e+06	3.6657e+06
Q9NUD5	Q9NUD5		ZCCHC3		2.14523e+06	1.63322e+06	2.37492e+06	1.91714e+06	1.60258e+06	1.33704e+06	1.83814e+06	1.27501e+06
Q9NUE0	Q9NUE0		ZDHHC18		4.74713e+06	3.31517e+06	4.41961e+06	3.76737e+06	4.29646e+06	6.2161e+06	3.88752e+06	5.88472e+06
Q9NUI1	Q9NUI1		DECR2		2.16702e+06	2.48765e+06	2.40416e+06	1.80471e+06	2.73965e+06	3.10849e+06	2.58188e+06	3.42083e+06
Q9NUJ1	Q9NUJ1		ABHD10		1.25541e+08	7.75075e+07	1.06962e+08	6.19362e+07	1.50387e+08	7.19845e+07	1.28388e+08	8.60159e+07
Q9NUJ3	Q9NUJ3		TCP11L1		442334	836515	776698	1.21445e+06	566097	517528	684440	563289
Q9NUL3	Q9NUL3		STAU2		3.44306e+06	3.32634e+06	3.6316e+06	3.40943e+06	3.0298e+06	2.35382e+06	3.631e+06	2.01202e+06
Q9NUL5	Q9NUL5		SHFL		146482	153376	179555	108823	104223		38722.7	
Q9NUL7	Q9NUL7		DDX28		8.28457e+06	7.91937e+06	7.42903e+06	3.68684e+06	1.3163e+07	1.16842e+07	1.13005e+07	1.56287e+07
Q9NUM3	Q9NUM3		SLC39A9		1.11284e+07	1.09653e+07	9.97366e+06	1.2553e+07	1.21263e+07	1.44463e+07	1.33455e+07	1.15356e+07
Q9NUM4	Q9NUM4		TMEM106B		1.89373e+07	1.62234e+07	2.24725e+07	1.89978e+07	1.681e+07	2.75623e+07	1.87581e+07	2.57634e+07
Q9NUN5	Q9NUN5		LMBRD1		3.58824e+06	3.49344e+06	3.35703e+06	4.06249e+06	3.34955e+06	4.35153e+06	3.41081e+06	4.62122e+06
Q9NUP1	Q9NUP1		BLOC1S4		858361	792564	843399	906057	745157	771506	910664	684764
Q9NUP9	Q9NUP9		LIN7C		5.08966e+07	3.74407e+07	5.35132e+07	3.81401e+07	4.71386e+07	5.88349e+07	5.17462e+07	5.2487e+07
Q9NUQ2	Q9NUQ2		AGPAT5		1.14693e+07	1.33224e+07	1.05162e+07	1.17464e+07	1.14298e+07	1.68846e+07	1.00908e+07	1.74157e+07
Q9NUQ3	Q9NUQ3		TXLNG		3.43339e+06	4.24403e+06	4.06321e+06	4.56062e+06	3.58903e+06	3.03942e+06	4.10971e+06	3.30446e+06
Q9NUQ6	Q9NUQ6		SPATS2L		4.53328e+06	5.77028e+06	4.6396e+06	4.61963e+06	4.86601e+06	2.94889e+06	5.52285e+06	3.50356e+06
Q9NUQ7	Q9NUQ7		UFSP2		2.30194e+07	2.55027e+07	2.56903e+07	2.58308e+07	2.34106e+07	3.32373e+07	2.61399e+07	3.07387e+07
Q9NUQ8	Q9NUQ8		ABCF3		7.62379e+06	1.0636e+07	9.50881e+06	1.0066e+07	7.44997e+06	8.021e+06	9.31814e+06	8.54545e+06
Q9NUQ9	Q9NUQ9		CYRIB		4.1654e+07	3.85495e+07	4.92179e+07	5.78831e+07	4.13773e+07	5.61621e+07	4.82682e+07	5.28272e+07
Q9NUS5	Q9NUS5		AP5S1		2.65614e+06	4.04037e+06	3.93803e+06	3.98574e+06	3.17068e+06	3.74266e+06	3.44559e+06	4.45564e+06
Q9NUT2	Q9NUT2		ABCB8		1.13414e+07	1.42427e+07	1.17073e+07	1.09045e+07	1.24808e+07	1.31269e+07	1.30161e+07	1.30485e+07
Q9NUU6	Q9NUU6		OTULINL		5.76209e+06	5.77129e+06	6.77566e+06	7.24774e+06	5.60653e+06	9.55938e+06	6.35604e+06	7.60972e+06
Q9NUU7	Q9NUU7		DDX19A		5.83139e+06	7.9566e+06	9.42386e+06	1.39986e+07	5.76391e+06	8.24522e+06	7.1148e+06	5.434e+06
Q9NUW8	Q9NUW8		TDP1		4.8975e+06	1.00821e+07	6.38542e+06	1.01635e+07	5.9416e+06	6.85347e+06	8.05005e+06	6.59304e+06
Q9NUX5	Q9NUX5		POT1		160682	284316	254573	377607	223500	208802	314816	205551
Q9NUY8	Q9NUY8		TBC1D23		4.30382e+06	6.75233e+06	5.96378e+06	8.34085e+06	4.32606e+06	5.53918e+06	5.00814e+06	5.45406e+06
Q9NV06	Q9NV06		DCAF13		3.89712e+06	5.41248e+06	4.50595e+06	5.53234e+06	4.70589e+06	4.43563e+06	4.80843e+06	4.69284e+06
Q9NV31	Q9NV31		IMP3			5.67716e+06	6.20241e+06	8.5308e+06	5.81079e+06	6.37608e+06	7.67765e+06	4.58422e+06
Q9NV58	Q9NV58		RNF19A		1.64897e+06	891867	1.39909e+06	1.11082e+06	1.32115e+06	2.00913e+06	966096	1.42853e+06
Q9NV64	Q9NV64		TMEM39A		5.18713e+06	4.5171e+06	5.18708e+06	5.39676e+06	5.08983e+06	6.80909e+06	5.14701e+06	6.07696e+06
Q9NV66	Q9NV66		TYW1		4.14824e+07	5.19479e+07	4.66821e+07	4.5097e+07	5.49869e+07	5.12901e+07	5.52689e+07	7.16428e+07
Q9NV70	Q9NV70		EXOC1		1.01657e+07	1.14724e+07	1.06744e+07	1.20207e+07	1.04048e+07	9.03091e+06	9.95672e+06	1.00174e+07
Q9NV88	Q9NV88		INTS9		974396	3.35361e+06	2.00901e+06	3.24009e+06	1.67915e+06	1.88691e+06	2.59458e+06	1.47408e+06
Q9NV92	Q9NV92		NDFIP2		3.95906e+06	3.43432e+06	4.15394e+06	3.61338e+06	3.21577e+06	6.24601e+06	4.23786e+06	6.03815e+06
Q9NV96	Q9NV96		TMEM30A		2.39464e+07	2.08859e+07	2.56768e+07	2.3779e+07	1.65181e+07	3.5661e+07	2.06505e+07	2.80135e+07
Q9NVA1	Q9NVA1		UQCC1		2.91391e+07	3.12594e+07	2.89333e+07	2.16008e+07	3.05304e+07	3.39134e+07	3.06763e+07	3.84997e+07
Q9NVA2	Q9NVA2		SEPTIN11		4.7935e+07	3.34084e+07	3.21731e+07	2.37939e+07	6.10226e+07	2.46171e+07	3.8607e+07	3.17627e+07
Q9NVA4	Q9NVA4		TMEM184C		9.72303e+06	1.42489e+07	8.4885e+06	1.32179e+07	1.08451e+07	9.00675e+06	1.09901e+07	8.64071e+06
Q9NVC3	Q9NVC3		SLC38A7		3.59852e+06	3.48657e+06	3.74122e+06	3.13856e+06	4.35961e+06	6.07798e+06	3.48189e+06	5.78981e+06
Q9NVC6	Q9NVC6		MED17		2.44656e+06	3.38978e+06	2.7408e+06	3.72034e+06	2.04832e+06	2.55558e+06	2.63053e+06	2.44634e+06
Q9NVD7	Q9NVD7		PARVA		1.53754e+07	1.17538e+07	1.25337e+07	1.16036e+07	1.65431e+07	1.15255e+07	1.30861e+07	1.3213e+07
Q9NVE7	Q9NVE7		PANK4		6.2282e+06	7.45956e+06	6.93226e+06	7.84067e+06	6.77343e+06	5.17118e+06	7.64809e+06	5.27328e+06
Q9NVF7	Q9NVF7		FBXO28			926020	551726	1.45948e+06	160048	1.20908e+06	515680	991646
Q9NVG8	Q9NVG8		TBC1D13		2.24341e+06	3.78545e+06	3.10377e+06	4.38137e+06	2.74978e+06	3.66442e+06	3.92623e+06	3.52807e+06
Q9NVH0	Q9NVH0		EXD2		1.6526e+07	1.86214e+07	1.8205e+07	1.3034e+07	2.17723e+07	1.18408e+07	1.60886e+07	1.24994e+07
Q9NVH1	Q9NVH1		DNAJC11		5.61453e+07	5.75961e+07	5.70548e+07	5.50147e+07	7.36695e+07	7.67169e+07	5.75071e+07	7.62976e+07
Q9NVH2	Q9NVH2		INTS7		3.48846e+06	9.40863e+06	5.04415e+06	9.58813e+06	4.90456e+06	4.98295e+06	7.03262e+06	4.96407e+06
Q9NVH6	Q9NVH6		TMLHE		1.0962e+07	8.95915e+06	7.96431e+06	4.95797e+06	1.51904e+07	6.08857e+06	1.19678e+07	9.53082e+06
Q9NVI1	Q9NVI1		FANCI		3.68536e+06	8.81446e+06	7.37634e+06	1.15782e+07	4.70768e+06	7.7289e+06	7.1998e+06	7.18693e+06
Q9NVI7	Q9NVI7		ATAD3A		2.30608e+08	2.95433e+08	2.25868e+08	2.26626e+08	2.79624e+08	3.1307e+08	2.78003e+08	3.78963e+08
Q9NVJ2	Q9NVJ2		ARL8B		8.6022e+07	8.06496e+07	8.03237e+07	6.98077e+07	7.78961e+07	1.139e+08	8.36119e+07	9.67583e+07
Q9NVK5	Q9NVK5		FGFR1OP2		6.68842e+06	7.82173e+06	5.57436e+06	5.28019e+06	8.32159e+06	6.57111e+06	7.82904e+06	6.94402e+06
Q9NVM1	Q9NVM1		EVA1B		3.73607e+06	2.24874e+06	2.74229e+06	1.96356e+06	1.5402e+06	3.98016e+06	2.48819e+06	3.30174e+06
Q9NVM4	Q9NVM4		PRMT7		1.43435e+06	1.14231e+06	1.12424e+06	791766	1.36964e+06	1.04127e+06	1.33782e+06	1.28005e+06
Q9NVM6	Q9NVM6		DNAJC17		3.24702e+06	3.37249e+06	3.99705e+06	3.90288e+06	2.51694e+06	2.36891e+06	3.54486e+06	2.3445e+06
Q9NVM9	Q9NVM9		INTS13		617774	3.08296e+06	1.35442e+06	3.23372e+06	1.42584e+06	1.35994e+06	1.77245e+06	1.23123e+06
Q9NVN8	Q9NVN8		GNL3L			3.30555e+06	1.63367e+06	2.47606e+06	2.39894e+06	3.35313e+06	2.50914e+06	3.083e+06
Q9NVP1	Q9NVP1		DDX18		3.90784e+06	9.14243e+06	7.48145e+06	1.16229e+07	4.64778e+06	5.7665e+06	7.21865e+06	4.61251e+06
Q9NVP2	Q9NVP2		ASF1B		1.95126e+06	5.24138e+06	5.57806e+06	6.56033e+06	4.6425e+06	8.62561e+06	4.53597e+06	7.79946e+06
Q9NVQ4	Q9NVQ4		FAIM		4.56118e+06	4.5971e+06		2.28019e+06	3.82642e+06	3.15163e+06		
Q9NVR0	Q9NVR0		KLHL11		187565	713339	955792	1.08808e+06	472477	654147	856080	451233
Q9NVR2	Q9NVR2		INTS10		1.57414e+06	2.67615e+06	1.59435e+06	2.67338e+06	1.92289e+06	1.66752e+06	2.1873e+06	1.87771e+06
Q9NVR5	Q9NVR5		DNAAF2		100644	138023	120869	93886.3	102633	109243	101447	92245
Q9NVS2	Q9NVS2		MRPS18A		5.56245e+07	4.10027e+07	4.74601e+07	2.78097e+07	6.74991e+07	4.86599e+07	5.7541e+07	5.86543e+07
Q9NVS9	Q9NVS9		PNPO		5.96541e+06	4.66751e+06	5.53447e+06	3.81898e+06	6.44264e+06	4.69003e+06	7.0557e+06	5.22123e+06
Q9NVT9	Q9NVT9		ARMC1		1.51332e+07	2.43847e+07	1.88867e+07	1.98263e+07	2.23897e+07	2.03382e+07	2.43213e+07	2.12996e+07
Q9NVU0	Q9NVU0		POLR3E		279656	725092	419471	515458	474647	332235	482070	438815
Q9NVU7	Q9NVU7		SDAD1		2.9671e+06	5.05673e+06	4.10971e+06	6.08237e+06	3.35256e+06	3.84216e+06	3.64532e+06	3.33557e+06
Q9NVV0	Q9NVV0		TMEM38B		1.29671e+07	1.09973e+07	1.62157e+07	1.56423e+07	1.22758e+07	2.27749e+07	1.47776e+07	1.81067e+07
Q9NVV4	Q9NVV4		MTPAP		3.41785e+07	2.34506e+07	3.19392e+07	2.09495e+07	4.59207e+07	3.45216e+07	3.65845e+07	3.76355e+07
Q9NVV5	Q9NVV5		AIG1		1.32683e+07	1.39692e+07	1.32937e+07	1.53655e+07	1.11233e+07	2.11883e+07	1.22876e+07	1.47756e+07
Q9NVX0	Q9NVX0		HAUS2		5.96206e+06	7.74691e+06	6.39766e+06	6.17065e+06	8.15856e+06	6.26695e+06	7.84468e+06	6.78366e+06
Q9NVX2	Q9NVX2		NLE1		2.83177e+06	4.29326e+06	3.75669e+06	4.14734e+06	2.95455e+06	3.47543e+06	4.10999e+06	3.34014e+06
Q9NVZ3	Q9NVZ3		NECAP2		1.48577e+07	2.14124e+07	1.25203e+07	1.93749e+07	1.59363e+07	1.58492e+07	1.16007e+07	1.59652e+07
Q9NW08	Q9NW08		POLR3B			681657	543951	609078	307237	522737	488927	467614
Q9NW13	Q9NW13		RBM28		4.74351e+06	8.47003e+06	6.38656e+06	8.37723e+06	6.58643e+06	5.76279e+06	7.18127e+06	6.23972e+06
Q9NW15	Q9NW15		ANO10		1.90317e+07	2.17916e+07	2.30566e+07	2.84952e+07	2.07607e+07	3.03206e+07	2.50146e+07	2.82694e+07
Q9NW64	Q9NW64		RBM22		5.06052e+06	9.02028e+06	7.42389e+06	1.00191e+07	6.09979e+06	7.0498e+06	7.96816e+06	7.39307e+06
Q9NW68	Q9NW68		BSDC1		7.77344e+06	6.83894e+06	6.77211e+06	5.51041e+06	1.00782e+07	5.20931e+06	6.80401e+06	4.35156e+06
Q9NW81	Q9NW81		DMAC2		1.11172e+07	9.33656e+06	9.32802e+06	7.53015e+06	1.31404e+07	1.09567e+07	9.24721e+06	1.06216e+07
Q9NW82	Q9NW82		WDR70		5.33596e+06	9.87701e+06	6.88833e+06	9.33958e+06	5.63571e+06	7.64597e+06	8.09999e+06	9.03221e+06
Q9NW97	Q9NW97		TMEM51		9.76709e+06	7.07198e+06	8.43189e+06	7.84762e+06	8.38558e+06	9.39964e+06	7.93979e+06	8.51457e+06
Q9NWD8	Q9NWD8		TMEM248		1.70461e+06	1.95478e+06	1.91519e+06	1.57364e+06	1.98348e+06	3.48053e+06	1.6696e+06	3.67415e+06
Q9NWH2	Q9NWH2		TMEM242		3.95485e+07	4.7781e+07	3.33585e+07	3.74072e+07	7.61098e+07	8.74478e+07	4.34257e+07	8.88074e+07
Q9NWH9	Q9NWH9		SLTM		710391	844716	725997	1.05349e+06	600729	492007	795592	663191
Q9NWK9	Q9NWK9		ZNHIT6		2.36795e+06	3.3126e+06	3.1526e+06	3.70922e+06	1.75002e+06	3.12899e+06	2.82326e+06	3.02085e+06
Q9NWM8	Q9NWM8		FKBP14		2.28336e+07	6.06845e+06	2.42504e+07	1.31158e+07	2.11244e+07	2.30991e+07	1.55444e+07	1.02467e+07
Q9NWQ8	Q9NWQ8		PAG1		3.92821e+06	3.82183e+06	3.82079e+06	3.12503e+06	3.18741e+06	3.26768e+06	4.0305e+06	3.8266e+06
Q9NWR8	Q9NWR8		MCUB		1.07404e+07	1.43242e+07	1.09647e+07	1.24563e+07	1.17952e+07	1.74667e+07	1.30524e+07	1.53178e+07
Q9NWS0	Q9NWS0		PIH1D1		6.83637e+06	8.7473e+06	7.93687e+06	8.4475e+06	6.01267e+06	5.82795e+06	8.07168e+06	5.79172e+06
Q9NWS8	Q9NWS8		RMND1		1.88332e+07	1.90421e+07	1.73726e+07	1.64121e+07	1.75988e+07	2.54483e+07	1.50622e+07	2.14521e+07
Q9NWT1	Q9NWT1		PAK1IP1		3.92985e+06	6.41078e+06	6.5753e+06	8.93625e+06	4.57172e+06	5.31552e+06	6.4526e+06	4.09332e+06
Q9NWT6	Q9NWT6		HIF1AN		1.26939e+07	1.50587e+07	1.30542e+07	1.66604e+07	1.19644e+07	1.86229e+07	1.36947e+07	1.72802e+07
Q9NWT8	Q9NWT8		AURKAIP1		1.40407e+07	7.09038e+06	1.33475e+07	4.92722e+06	1.77105e+07	8.12039e+06	1.18897e+07	9.98424e+06
Q9NWU1	Q9NWU1		OXSM		2.73496e+07	2.04427e+07	2.33954e+07	1.06178e+07	3.7189e+07	1.4258e+07	3.33512e+07	1.96535e+07
Q9NWU2	Q9NWU2		GID8		7.13427e+06	8.29765e+06	7.90668e+06	9.16805e+06	7.64996e+06	8.28974e+06	7.4423e+06	7.18511e+06
Q9NWU5	Q9NWU5		MRPL22		5.89054e+07	5.06966e+07	5.33188e+07	3.13453e+07	8.13151e+07	5.30211e+07	7.37026e+07	6.93845e+07
Q9NWV4	Q9NWV4		CZIB		5.01313e+06	4.96129e+06	5.50736e+06	3.61637e+06	4.38395e+06	4.32883e+06	6.01673e+06	4.3606e+06
Q9NWV8	Q9NWV8		BABAM1		2.04538e+06	3.4873e+06	2.7952e+06	3.68247e+06	2.31999e+06	2.21388e+06	3.44591e+06	2.66057e+06
Q9NWW5	Q9NWW5		CLN6		9.24108e+06	1.04039e+07	1.18838e+07	1.29146e+07	8.0972e+06	1.681e+07	1.07676e+07	1.36311e+07
Q9NWX6	Q9NWX6		THG1L		9.7066e+06	8.95475e+06	8.33661e+06	4.2297e+06	1.67005e+07	6.66876e+06	1.59254e+07	1.13157e+07
Q9NWY4	Q9NWY4		HPF1		3.07942e+06	4.52184e+06	3.76682e+06	4.28739e+06	3.15609e+06	3.99829e+06	4.22905e+06	4.38195e+06
Q9NWZ3	Q9NWZ3		IRAK4		1.52591e+06	1.95272e+06	1.72857e+06	2.02596e+06	1.58087e+06	1.8007e+06	1.86156e+06	1.83731e+06
Q9NWZ5	Q9NWZ5		UCKL1		265511	478368	327654	426372	300363	381165	323400	581426
Q9NWZ8	Q9NWZ8		GEMIN8		594962	803911	567440	812763	637561	840410	645479	783688
Q9NX00	Q9NX00		TMEM160		1.74657e+07	2.77169e+07	1.95397e+07	2.08559e+07	2.02358e+07	3.07107e+07	2.70133e+07	3.5968e+07
Q9NX08	Q9NX08		COMMD8		9.0447e+06	1.28567e+07	1.11794e+07	1.35227e+07	9.50661e+06	1.34394e+07	1.109e+07	1.17972e+07
Q9NX14	Q9NX14		NDUFB11		8.25337e+07	7.73243e+07	7.48085e+07	7.7368e+07	7.66368e+07	1.3501e+08	7.5155e+07	1.39239e+08
Q9NX18	Q9NX18		SDHAF2		8.24507e+06	7.34856e+06	9.3376e+06	3.62582e+06	2.14656e+07	5.36641e+06	1.78398e+07	8.32944e+06
Q9NX20	Q9NX20		MRPL16		5.18695e+07	3.9663e+07	4.48758e+07	2.86562e+07	7.00484e+07	4.5233e+07	6.07583e+07	5.85663e+07
Q9NX24	Q9NX24		NHP2		3.64004e+06	6.60875e+06	4.56089e+06	6.91106e+06	4.31725e+06	3.53344e+06	5.77028e+06	3.30216e+06
Q9NX38	Q9NX38		ABITRAM		41485.2	154050	83259.3	182963	36091.4	81029.9	59301.7	63877.5
Q9NX40	Q9NX40		OCIAD1		7.7348e+07	1.02807e+08	6.74736e+07	6.53987e+07	1.05216e+08	1.34415e+08	8.13077e+07	1.63863e+08
Q9NX46	Q9NX46		ADPRS		5.97079e+06	6.22499e+06	5.44339e+06	3.91885e+06	9.35113e+06	3.74194e+06	8.11291e+06	4.93248e+06
Q9NX47	Q9NX47		MARCHF5		7.38849e+07	7.78842e+07	6.85923e+07	6.8922e+07	9.08538e+07	9.98629e+07	6.67353e+07	9.92084e+07
Q9NX55	Q9NX55		HYPK		3.98508e+06	4.53643e+06	4.45449e+06	3.58482e+06	3.92414e+06	3.30768e+06	5.62686e+06	3.57453e+06
Q9NX57	Q9NX57		RAB20		2.94061e+06	2.29964e+06	2.58682e+06	2.26911e+06	2.49582e+06	3.92851e+06	2.97394e+06	3.68856e+06
Q9NX58	Q9NX58		LYAR		3.58397e+06	8.43308e+06	5.89037e+06	1.06218e+07	4.34462e+06	4.6985e+06	6.26777e+06	4.34875e+06
Q9NX61	Q9NX61		TMEM161A		8.55113e+06	1.07642e+07	1.08032e+07	1.06193e+07	1.0046e+07	1.45124e+07	1.20968e+07	1.74014e+07
Q9NX62	Q9NX62		BPNT2		2.90653e+07	3.14843e+07	3.20412e+07	3.86646e+07	3.57957e+07	5.40521e+07	3.62554e+07	4.84898e+07
Q9NX63	Q9NX63		CHCHD3		1.41186e+08	1.76283e+08	1.45812e+08	1.63256e+08	1.83087e+08	2.20995e+08	1.75755e+08	2.61422e+08
Q9NX74	Q9NX74		DUS2		4.46394e+06	4.12194e+06	4.53301e+06	3.26791e+06	6.57425e+06	4.34301e+06	5.8018e+06	4.53726e+06
Q9NX76	Q9NX76		CMTM6		1.88408e+07	1.86972e+07	1.75189e+07	1.58519e+07	1.24882e+07	2.13714e+07	1.58909e+07	2.06365e+07
Q9NX78	Q9NX78		TMEM260		1.86282e+06	1.53892e+06	1.69805e+06	1.56012e+06	1.93996e+06	2.08705e+06	1.72292e+06	1.98668e+06
Q9NXA8	Q9NXA8		SIRT5		1.203e+07	1.12206e+07	1.14345e+07	1.24775e+07	1.46736e+07	9.29871e+06	1.51609e+07	9.69879e+06
Q9NXC5	Q9NXC5		MIOS		6.29262e+06	5.99427e+06	7.30739e+06	7.77174e+06	7.14573e+06	5.43659e+06	7.47165e+06	5.24646e+06
Q9NXD2	Q9NXD2		MTMR10		4.26361e+06	2.76582e+06	3.2447e+06	2.90277e+06	4.34552e+06	4.41006e+06	3.3256e+06	3.98543e+06
Q9NXE4	Q9NXE4		SMPD4		9.88271e+06	1.96651e+07	1.06856e+07	1.44223e+07	1.69956e+07	1.95826e+07	1.8984e+07	2.37728e+07
Q9NXF1	Q9NXF1		TEX10		9.64856e+06	2.72222e+07	1.75547e+07	3.48725e+07	1.35546e+07	1.41101e+07	2.03881e+07	1.50709e+07
Q9NXF7	Q9NXF7		DCAF16		509422	1.5042e+06	751014	1.18917e+06	700814	893148	1.05711e+06	868762
Q9NXF8	Q9NXF8		ZDHHC7		8.85863e+06	1.07194e+07	1.04215e+07	1.1892e+07	1.25058e+07	1.80537e+07	1.42383e+07	1.39726e+07
Q9NXG2	Q9NXG2		THUMPD1		2.3908e+06	7.18413e+06	4.21212e+06	6.94351e+06	2.94487e+06	4.78431e+06	4.59852e+06	5.11498e+06
Q9NXG6	Q9NXG6		P4HTM		5.19084e+06	3.00462e+06	4.41789e+06	2.85441e+06	3.96358e+06	5.00975e+06	4.52258e+06	4.71185e+06
Q9NXH8	Q9NXH8		TOR4A		3.07526e+06	2.48845e+06	3.61147e+06	3.37788e+06	3.55348e+06	4.26504e+06	3.23532e+06	3.39183e+06
Q9NXH9	Q9NXH9		TRMT1		6.85775e+06	9.63453e+06	6.89707e+06	4.71178e+06	1.18388e+07	5.48265e+06	9.19025e+06	7.80479e+06
Q9NXJ5	Q9NXJ5		PGPEP1		1.47735e+06	1.77458e+06	1.68048e+06	1.74567e+06	1.14043e+06	1.09102e+06	1.49963e+06	895020
Q9NXK8	Q9NXK8		FBXL12			2.56244e+06	1.75155e+06	2.43216e+06				1.74926e+06
Q9NXN4	Q9NXN4		GDAP2		7.33895e+06	5.13746e+06	5.66792e+06	4.50201e+06	7.13622e+06	5.04108e+06	5.35134e+06	4.68668e+06
Q9NXR1	Q9NXR1		NDE1		3.88859e+06	3.4978e+06	3.35298e+06	3.08549e+06	4.07466e+06	2.76971e+06	4.14688e+06	3.01791e+06
Q9NXR7	Q9NXR7		BABAM2		2.74559e+06	6.26068e+06	4.80564e+06	7.07085e+06	2.52124e+06	3.7635e+06	4.45303e+06	3.59331e+06
Q9NXS2	Q9NXS2		QPCTL		1.92783e+07	1.6827e+07	1.82815e+07	1.50944e+07	2.42915e+07	2.07295e+07	1.92398e+07	2.00126e+07
Q9NXU5	Q9NXU5		ARL15		1.8595e+07	1.62982e+07	1.74507e+07	1.57108e+07	2.20538e+07	2.02001e+07	2.06532e+07	2.60256e+07
Q9NXV2	Q9NXV2		KCTD5		8.45779e+06	7.98339e+06	8.45972e+06	8.76422e+06	9.20283e+06	1.22653e+07	7.97847e+06	1.16572e+07
Q9NXV6	Q9NXV6		CDKN2AIP		7.21226e+06	1.96667e+07	1.18043e+07	1.69974e+07	9.81612e+06	8.44865e+06	1.1391e+07	9.7234e+06
Q9NXW2	Q9NXW2		DNAJB12		1.35299e+07	1.44943e+07	1.44963e+07	1.72993e+07	1.45275e+07	3.13675e+07	1.41654e+07	2.91883e+07
Q9NXX6	Q9NXX6		NSMCE4A		2.14024e+06	2.1082e+06	2.31051e+06	3.57855e+06	1.59956e+06	2.35722e+06	2.54444e+06	1.88434e+06
Q9NY12	Q9NY12		GAR1		2.05457e+06	5.0235e+06	4.07231e+06	5.5739e+06	3.34453e+06	2.94812e+06	4.15739e+06	2.47624e+06
Q9NY26	Q9NY26		SLC39A1		1.20583e+07	8.25851e+06	1.13477e+07	1.00886e+07	1.02673e+07	1.93566e+07	1.00891e+07	1.23756e+07
Q9NY27	Q9NY27		PPP4R2		3.93787e+06	5.77344e+06	4.28135e+06	5.06359e+06	3.17946e+06	3.97232e+06	5.69481e+06	4.51255e+06
Q9NY33	Q9NY33		DPP3		7.54659e+06	6.74534e+06	6.98742e+06	4.94918e+06	7.00709e+06	5.6085e+06	8.50723e+06	5.92262e+06
Q9NY35	Q9NY35		CLDND1		1.2489e+07	9.6571e+06	1.09475e+07	1.0431e+07	1.19196e+07	1.60263e+07	1.15973e+07	1.24074e+07
Q9NY47	Q9NY47		CACNA2D2		3.63502e+06	2.59304e+06	3.82577e+06	2.8252e+06	2.69866e+06	2.82965e+06	2.93825e+06	3.12364e+06
Q9NY57	Q9NY57		STK32B		1.43881e+07	5.86177e+06	5.35121e+06	5.24192e+06	1.52334e+07	1.2321e+07	1.17019e+07	6.20298e+06
Q9NY65	Q9NY65		TUBA8		4.44183e+06	8.37345e+06	5.7764e+06	1.08041e+07	5.31693e+06	6.82755e+06	6.13039e+06	6.00303e+06
Q9NY93	Q9NY93		DDX56		1.40851e+06	3.67308e+06	2.42565e+06	3.35887e+06	1.80542e+06	2.67727e+06	2.28928e+06	2.48847e+06
Q9NY97	Q9NY97		B3GNT2		2.79123e+06	2.65183e+06	3.71395e+06	4.08526e+06	2.97259e+06	7.49922e+06	2.63661e+06	4.26149e+06
Q9NYB0	Q9NYB0		TERF2IP		559827	1.41806e+06	859017	1.32195e+06	783654	921702	1.13638e+06	774749
Q9NYB9	Q9NYB9		ABI2		8.66264e+06	8.23603e+06	9.63025e+06	8.05122e+06	7.88487e+06	8.69024e+06	9.41732e+06	7.65261e+06
Q9NYF8	Q9NYF8		BCLAF1		2.49518e+06	4.24656e+06	3.71265e+06	4.32385e+06	2.84991e+06	2.98514e+06	3.28935e+06	2.62057e+06
Q9NYG2	Q9NYG2		ZDHHC3		1.8305e+07	1.96602e+07	2.06582e+07	2.32728e+07	2.64473e+07	3.20771e+07	2.16924e+07	2.45834e+07
Q9NYH9	Q9NYH9		UTP6		608299	1.41474e+06	1.03103e+06	1.54151e+06	752871	653765	1.08604e+06	604006
Q9NYI0	Q9NYI0		PSD3		4.71797e+06	5.8666e+06	3.84512e+06	3.69627e+06	5.06593e+06	2.45871e+06	4.79462e+06	3.02596e+06
Q9NYJ1	Q9NYJ1		COA4		5.90314e+06	5.19792e+06	5.10127e+06	1.64723e+06	9.78324e+06	3.25064e+06	8.65834e+06	4.0085e+06
Q9NYJ8	Q9NYJ8		TAB2		363048	218303	375966	256306	288472	288450	384332	316475
Q9NYK5	Q9NYK5		MRPL39		7.90518e+07	6.01023e+07	6.57398e+07	3.96039e+07	1.14064e+08	7.47034e+07	9.32846e+07	9.0747e+07
Q9NYL2	Q9NYL2		MAP3K20		4.92968e+06	8.99088e+06	7.39124e+06	1.11117e+07	5.38151e+06	5.70689e+06	6.55677e+06	4.71852e+06
Q9NYL4	Q9NYL4		FKBP11		6.80285e+07	1.00745e+08	9.0214e+07	1.01301e+08	1.0672e+08	1.6523e+08	1.13379e+08	1.71084e+08
Q9NYL9	Q9NYL9		TMOD3		1.6585e+07	1.58562e+07	1.77064e+07	1.58106e+07	1.43434e+07	1.54437e+07	1.55583e+07	1.45294e+07
Q9NYM9	Q9NYM9		BET1L		1.70752e+07	2.07725e+07	1.70232e+07	1.87273e+07	3.43152e+07	2.43692e+07	2.42016e+07	2.52401e+07
Q9NYP7	Q9NYP7		ELOVL5		5.70239e+07	4.89265e+07	6.484e+07	7.125e+07	6.95513e+07	9.94295e+07	6.6755e+07	1.13346e+08
Q9NYQ6	Q9NYQ6		CELSR1		3.23223e+06	1.59191e+06	2.4843e+06	1.66241e+06	2.97063e+06	1.5834e+06	1.70286e+06	1.28711e+06
Q9NYS0	Q9NYS0		NKIRAS1		699857	1.15111e+06	976927	938060	1.06705e+06	1.28807e+06	977605	1.26667e+06
Q9NYT0	Q9NYT0		PLEK2		1.82758e+07	3.74115e+06	1.29128e+07	1.35809e+07	1.20926e+07	2.01363e+07	5.73668e+06	6.33194e+06
Q9NYU1	Q9NYU1		UGGT2		3.46522e+06	2.27329e+06	3.29566e+06	2.4026e+06	3.30375e+06	4.62374e+06	2.31582e+06	3.9711e+06
Q9NYU2	Q9NYU2		UGGT1		5.16043e+07	2.4551e+07	4.82328e+07	2.92618e+07	5.68395e+07	4.24738e+07	3.93169e+07	2.86703e+07
Q9NYV4	Q9NYV4		CDK12		141897	355065	247555	405220	233815	164792	232276	155586
Q9NYY8	Q9NYY8		FASTKD2		3.81668e+07	2.64557e+07	3.53161e+07	2.20816e+07	5.05683e+07	4.59905e+07	4.23843e+07	5.05342e+07
Q9NYZ1	Q9NYZ1		TVP23B		1.04952e+07	1.10513e+07	1.08603e+07	1.28661e+07	1.10336e+07	1.46033e+07	1.15297e+07	1.1306e+07
Q9NYZ2	Q9NYZ2		SLC25A37		8.57684e+06	8.96049e+06	5.56069e+06	4.77312e+06	1.20682e+07	9.55119e+06	6.35903e+06	1.14139e+07
Q9NZ01	Q9NZ01		TECR		5.44327e+07	6.27576e+07	6.41076e+07	6.98516e+07	6.19571e+07	9.66852e+07	6.39297e+07	8.8003e+07
Q9NZ08	Q9NZ08		ERAP1		4.37863e+07	3.48608e+07	3.5826e+07	1.80596e+07	6.60534e+07	3.46527e+07	4.04092e+07	3.1412e+07
Q9NZ09	Q9NZ09		UBAP1		1.20541e+06	1.84806e+06	1.36531e+06	1.18017e+06	2.07892e+06	1.2238e+06	2.2189e+06	1.85087e+06
Q9NZ32	Q9NZ32		ACTR10		3.13628e+06	3.18462e+06	2.93932e+06	2.80595e+06	3.13009e+06	2.73138e+06	2.8889e+06	2.63541e+06
Q9NZ42	Q9NZ42		PSENEN		2.48292e+06	3.26722e+06	2.64268e+06	3.30958e+06	3.31391e+06	4.62979e+06	3.25105e+06	3.89141e+06
Q9NZ43	Q9NZ43		USE1		1.1924e+07	1.31193e+07	1.39149e+07	1.43669e+07	1.26978e+07	1.69857e+07	1.54066e+07	1.92938e+07
Q9NZ45	Q9NZ45		CISD1		6.59671e+07	9.7205e+07	4.51075e+07	5.29203e+07	1.10121e+08	6.60753e+07	7.49467e+07	9.60916e+07
Q9NZ52	Q9NZ52		GGA3		5.13335e+06	6.34027e+06	7.95138e+06	7.86985e+06	4.53706e+06	5.14409e+06	6.49663e+06	4.47627e+06
Q9NZ63	Q9NZ63		C9orf78		1.16502e+06	2.22988e+06	1.76886e+06	1.94701e+06	2.21792e+06	1.78025e+06	2.25149e+06	2.82013e+06
Q9NZ71	Q9NZ71		RTEL1		239948	317433	233715	335557	156020	237487	224285	270171
Q9NZ72	Q9NZ72		STMN3		1.90008e+06	3.09318e+06	2.34746e+06	2.72354e+06	1.80688e+06	6.11938e+06	2.91406e+06	6.49284e+06
Q9NZB2	Q9NZB2		FAM120A		3.6946e+07	3.80658e+07	4.51574e+07	3.84397e+07	3.41339e+07	2.02758e+07	4.41011e+07	2.16233e+07
Q9NZB8	Q9NZB8		MOCS1		2.69959e+07	1.51742e+07	1.9641e+07	1.37307e+07	3.10488e+07	2.00748e+07	2.16036e+07	2.05173e+07
Q9NZC3	Q9NZC3		GDE1		5.95233e+06	8.58707e+06	7.19878e+06	7.90385e+06	7.41929e+06	1.27875e+07	8.83775e+06	1.30348e+07
Q9NZC7	Q9NZC7		WWOX		1.56546e+07	1.81847e+07	1.79986e+07	2.01378e+07	1.94668e+07	2.31037e+07	1.88812e+07	2.55237e+07
Q9NZC9	Q9NZC9		SMARCAL1		1.45733e+06	1.8917e+06	1.70191e+06	1.75134e+06	1.28166e+06	1.45926e+06	1.8329e+06	1.43318e+06
Q9NZD2	Q9NZD2		GLTP		4.13486e+06	9.31412e+06	6.98957e+06	1.1193e+07	4.83657e+06	7.77466e+06	7.3777e+06	6.49009e+06
Q9NZD8	Q9NZD8		SPG21		7.52803e+06	5.82823e+06	8.18387e+06	7.87677e+06	8.19879e+06	7.64103e+06	7.01995e+06	6.77556e+06
Q9NZE8	Q9NZE8		MRPL35		2.63962e+07	1.60127e+07	2.09868e+07	9.85014e+06	3.06661e+07	1.94613e+07	2.52785e+07	2.18269e+07
Q9NZH8	Q9NZH8		IL36G			1.48735e+07						
Q9NZI7	Q9NZI7		UBP1		3.32226e+06	6.86935e+06	4.73898e+06	7.22551e+06	3.28836e+06	4.20851e+06	5.03019e+06	5.03629e+06
Q9NZI8	Q9NZI8		IGF2BP1		7.16427e+07	5.30627e+07	8.53406e+07	6.96061e+07	5.81788e+07	3.81551e+07	7.41181e+07	3.467e+07
Q9NZJ4	Q9NZJ4		SACS		4.35742e+06	8.88832e+06	5.04676e+06	6.90777e+06	5.09323e+06	4.88148e+06	6.28859e+06	6.23146e+06
Q9NZJ5	Q9NZJ5		EIF2AK3		3.41665e+06	2.26735e+06	3.24213e+06	3.01939e+06	2.71527e+06	4.3578e+06	2.62765e+06	3.27216e+06
Q9NZJ6	Q9NZJ6		COQ3		2.31252e+07	1.27951e+07	1.90969e+07	1.03034e+07	2.49474e+07	1.0868e+07	2.20278e+07	1.28221e+07
Q9NZJ7	Q9NZJ7		MTCH1		8.41233e+07	8.21397e+07	8.21115e+07	8.30418e+07	9.9917e+07	1.23017e+08	8.38599e+07	1.16067e+08
Q9NZL4	Q9NZL4		HSPBP1		1.61658e+07	2.62605e+07	2.45339e+07	3.14789e+07	1.70041e+07	2.33652e+07	2.59032e+07	2.2303e+07
Q9NZL9	Q9NZL9		MAT2B		6.48136e+06	1.41873e+07	7.47148e+06	7.93738e+06	7.43943e+06	8.36276e+06	1.12389e+07	1.15445e+07
Q9NZM1	Q9NZM1		MYOF		5.17144e+07	9.35897e+07	8.6548e+07	7.49782e+07	3.59626e+07	1.23028e+08	7.83901e+07	1.16656e+08
Q9NZM3	Q9NZM3		ITSN2		1.52537e+07	1.13861e+07	1.30688e+07	1.12151e+07	1.34801e+07	9.46724e+06	1.08725e+07	1.04583e+07
Q9NZN3	Q9NZN3		EHD3		5.4667e+06	4.96857e+06	4.69985e+06	4.46865e+06	5.0645e+06	4.80088e+06	4.63164e+06	5.49206e+06
Q9NZN4	Q9NZN4		EHD2		7.8003e+06	8.32014e+06	5.30007e+06	5.83482e+06	8.37677e+06	6.06607e+06	8.63554e+06	1.09277e+07
Q9NZN5	Q9NZN5		ARHGEF12		4.20637e+06	6.72769e+06	5.62461e+06	6.80964e+06	4.64457e+06	3.48972e+06	6.21249e+06	4.16124e+06
Q9NZN8	Q9NZN8		CNOT2		4.46465e+06	5.39283e+06	5.75126e+06	5.22651e+06	4.02683e+06	3.30196e+06	5.74422e+06	3.02964e+06
Q9NZP8	Q9NZP8		C1RL		7.41343e+06	7.50386e+06					6.47015e+06	4.45168e+06
Q9NZQ3	Q9NZQ3		NCKIPSD		7.69225e+06	6.72019e+06	7.39866e+06	7.74115e+06	7.79084e+06	5.98618e+06	7.8627e+06	6.08754e+06
Q9NZQ7	Q9NZQ7		CD274		4.70236e+06	5.67969e+06	6.7641e+06	4.97206e+06	8.33446e+06	6.95677e+06	6.73776e+06	7.93236e+06
Q9NZR1	Q9NZR1		TMOD2		588594	257644	521873	234435	248004	255863	302068	285787
Q9NZT1	Q9NZT1		CALML5		1.43764e+06	2.13569e+07	2.2177e+06	2.47221e+06	1.55248e+06	1.62373e+06	2.39354e+06	1.65377e+06
Q9NZT2	Q9NZT2		OGFR		4.02804e+06	5.18278e+06	4.2987e+06	5.13956e+06	3.21732e+06	3.14838e+06	4.367e+06	3.30956e+06
Q9NZU0	Q9NZU0		FLRT3		6.41342e+06	7.18967e+06	5.41805e+06	4.81762e+06	1.04177e+07	5.04323e+06	1.38187e+07	1.21086e+07
Q9NZU5	Q9NZU5		LMCD1		3.12765e+06	1.8524e+06	3.36676e+06	5.06889e+06	1.77382e+06	2.92734e+06	2.34605e+06	2.04079e+06
Q9NZV1	Q9NZV1		CRIM1		2.45448e+06	1.80544e+06	3.18376e+06	2.82835e+06	2.61707e+06	5.17479e+06	2.54883e+06	3.97607e+06
Q9NZV5	Q9NZV5		SELENON		6.078e+06	4.42859e+06	5.64007e+06	4.90229e+06	5.7702e+06	9.54319e+06	5.64841e+06	9.11493e+06
Q9NZW5	Q9NZW5		PALS2		6.37802e+07	4.13079e+07	6.45212e+07	4.94741e+07	5.72167e+07	7.52809e+07	5.87162e+07	5.67803e+07
Q9NZZ3	Q9NZZ3		CHMP5		1.08421e+07	1.77244e+07	1.08795e+07	1.24254e+07	1.03387e+07	1.0618e+07	1.13743e+07	1.45381e+07
Q9P000	Q9P000		COMMD9		1.91305e+06	2.22928e+06	1.93281e+06	1.99281e+06	1.99537e+06	2.11573e+06	1.96576e+06	2.32552e+06
Q9P003	Q9P003		CNIH4		2.25831e+07	1.59421e+07	2.22847e+07	1.88572e+07	2.18032e+07	2.87934e+07	1.90467e+07	2.57241e+07
Q9P015	Q9P015		MRPL15		5.86642e+07	4.12212e+07	4.82672e+07	2.7438e+07	7.14472e+07	4.98532e+07	6.61373e+07	6.36567e+07
Q9P016	Q9P016		THYN1		2.94454e+06	8.44478e+06	3.46218e+06	6.06964e+06	3.35064e+06	2.9691e+06	5.92388e+06	4.10677e+06
Q9P021	Q9P021		CRIPT		427029	386201	383762	323263	277140	549600	419672	540070
Q9P031	Q9P031		CCDC59			539393	364394	736914		285174	441067	
Q9P032	Q9P032		NDUFAF4		5.80365e+07	5.10789e+07	4.86591e+07	4.49134e+07	6.10293e+07	7.11865e+07	5.46159e+07	7.3237e+07
Q9P035	Q9P035		HACD3		8.845e+07	9.02378e+07	9.64318e+07	9.57626e+07	1.0067e+08	1.3896e+08	9.12048e+07	1.22544e+08
Q9P0B6	Q9P0B6		CCDC167		2.09167e+06	4.08622e+06	3.44413e+06	4.86635e+06	3.73291e+06	4.55006e+06	3.78014e+06	4.63955e+06
Q9P0I2	Q9P0I2		EMC3		5.19525e+07	5.49908e+07	5.80546e+07	5.91684e+07	6.20732e+07	8.89045e+07	5.68592e+07	8.92883e+07
Q9P0J0	Q9P0J0		NDUFA13		1.34845e+08	1.27517e+08	1.40505e+08	1.4444e+08	1.22132e+08	1.97485e+08	1.27685e+08	1.54451e+08
Q9P0J1	Q9P0J1		PDP1		3.47543e+07	1.89687e+07	2.63642e+07	9.20242e+06	4.39631e+07	1.1785e+07	3.1423e+07	1.33435e+07
Q9P0J6	Q9P0J6		MRPL36		1.23889e+06	1.43451e+06	1.32859e+06	1.29679e+06	3.71179e+06	933189	2.64034e+06	2.29789e+06
Q9P0J7	Q9P0J7		KCMF1		1.81116e+06	2.35064e+06	2.74144e+06	3.50921e+06	1.70075e+06	1.84756e+06	2.17932e+06	1.64822e+06
Q9P0K1	Q9P0K1		ADAM22		676375	391654	510605	514378	847000	671620	624196	588789
Q9P0K7	Q9P0K7		RAI14		1.79005e+07	1.60593e+07	1.65434e+07	1.18001e+07	2.67008e+07	1.01019e+07	1.653e+07	1.20031e+07
Q9P0L0	Q9P0L0		VAPA		2.48838e+08	2.7508e+08	2.88269e+08	2.90319e+08	3.19121e+08	3.54093e+08	3.16528e+08	3.65119e+08
Q9P0L2	Q9P0L2		MARK1		1.2455e+06	1.26884e+06	1.30576e+06	1.15644e+06	1.35128e+06	1.05049e+06	1.24163e+06	1.02309e+06
Q9P0M6	Q9P0M6		MACROH2A2		8.05121e+06	1.27008e+07	1.05378e+07	1.97675e+07	1.06021e+07	5.97368e+06	1.18292e+07	7.8989e+06
Q9P0M9	Q9P0M9		MRPL27		3.62299e+07	2.62075e+07	3.02952e+07	1.74948e+07	4.5718e+07	2.98593e+07	3.9195e+07	3.62172e+07
Q9P0P8	Q9P0P8		MTRES1		7.75069e+06	7.23664e+06	7.07743e+06	4.54129e+06	1.018e+07	5.18022e+06	8.53213e+06	6.04403e+06
Q9P0S2	Q9P0S2		COX16		1.64766e+07	1.33486e+07	1.67699e+07	1.67678e+07	1.87342e+07	3.73068e+07	1.79715e+07	2.85207e+07
Q9P0S3	Q9P0S3		ORMDL1		8.03698e+06	6.61175e+06	7.83509e+06	8.87058e+06	7.63345e+06	1.74747e+07	7.32956e+06	1.28032e+07
Q9P0S9	Q9P0S9		TMEM14C		9.79164e+07	7.41259e+07	8.38852e+07	7.88566e+07	9.44242e+07	1.36247e+08	7.60913e+07	1.21803e+08
Q9P0T7	Q9P0T7		TMEM9		5.94575e+06	3.80611e+06	5.63918e+06	5.82773e+06	5.49882e+06	1.19778e+07	5.58741e+06	9.17294e+06
Q9P0U1	Q9P0U1		TOMM7		3.78999e+06	3.77627e+06	2.89611e+06	4.33905e+06	3.90902e+06	5.28531e+06	4.60494e+06	5.2848e+06
Q9P0U3	Q9P0U3		SENP1		33962.7	269887	88031	218123	89358.3	106190	129297	147096
Q9P0V3	Q9P0V3		SH3BP4		1.83995e+07	1.20388e+07	1.17917e+07	1.11189e+07	1.7595e+07	1.55725e+07	1.30026e+07	1.74513e+07
Q9P0V9	Q9P0V9		SEPTIN10		2.88192e+07	1.28612e+07	2.01622e+07	1.74055e+07	2.11102e+07	1.63584e+07	1.6272e+07	1.24896e+07
Q9P0W8	Q9P0W8		SPATA7		2.04809e+06	1.85838e+06	1.83818e+06	1.911e+06		1.44465e+06	1.34068e+06	
Q9P107	Q9P107		GMIP		2.6775e+06	3.18461e+06	2.86938e+06	3.36907e+06	2.91819e+06	1.89951e+06	2.86051e+06	1.86889e+06
Q9P1F3	Q9P1F3		ABRACL		2.65252e+07	1.63289e+07	2.83309e+07	1.82233e+07	2.75601e+07	2.57257e+07	2.49893e+07	2.09744e+07
Q9P1T7	Q9P1T7		MDFIC		1.02338e+06	921678	739844	675861	1.35352e+06	722927	951768	1.42739e+06
Q9P1U0	Q9P1U0		POLR1H		307405	814102	431261	1.01486e+06	311789	514315	459570	401860
Q9P1U1	Q9P1U1		ACTR3B				5.91343e+07	8.51048e+07				
Q9P1Y5	Q9P1Y5		CAMSAP3		693188	613171	896845	1.0439e+06	401240	463531	382759	444571
Q9P1Z2	Q9P1Z2		CALCOCO1		1.49756e+07	1.74888e+07	1.57765e+07	1.41067e+07	1.52427e+07	7.70146e+06	1.87735e+07	6.20952e+06
Q9P206	Q9P206		NHSL3		1.9496e+06	1.11801e+06	1.38878e+06	1.06819e+06	1.01507e+06	1.41098e+06	1.39376e+06	1.29956e+06
Q9P209	Q9P209		CEP72			3.45042e+06		4.29387e+06			3.25532e+06	3.54769e+06
Q9P215	Q9P215		POGK			965048	716960	1.10938e+06	607285	1.07929e+06	584975	
Q9P219	Q9P219		CCDC88C		2.7304e+06	1.25993e+06	2.33114e+06	1.21304e+06	3.3502e+06	1.36255e+06	2.14825e+06	1.31688e+06
Q9P244	Q9P244		LRFN1		1.28847e+07	1.04867e+07	1.21672e+07	9.35365e+06	1.2964e+07	1.29836e+07	1.33747e+07	1.1853e+07
Q9P246	Q9P246		STIM2		1.0908e+07	9.92644e+06	1.1169e+07	1.00318e+07	1.5344e+07	1.04448e+07	1.35062e+07	1.28041e+07
Q9P253	Q9P253		VPS18		1.07723e+07	8.74524e+06	9.41346e+06	8.48519e+06	1.11657e+07	9.99519e+06	9.99507e+06	9.98515e+06
Q9P258	Q9P258		RCC2		2.30648e+07	4.50574e+07	3.02137e+07	4.94677e+07	2.58777e+07	3.18403e+07	3.21177e+07	2.78617e+07
Q9P260	Q9P260		RELCH		1.27066e+07	2.46118e+07	2.30869e+07	2.89054e+07	1.28879e+07	1.69801e+07	1.86321e+07	1.40559e+07
Q9P265	Q9P265		DIP2B		2.52943e+07	2.41368e+07	2.11433e+07	1.8811e+07	2.50407e+07	2.02973e+07	2.09758e+07	1.99384e+07
Q9P266	Q9P266		JCAD		330784	239457	342574	140468	498207	176334	397378	145447
Q9P270	Q9P270		SLAIN2		2.03346e+06	2.23064e+06	2.21108e+06	1.76139e+06	2.49717e+06	1.21321e+06	2.7106e+06	1.89682e+06
Q9P273	Q9P273		TENM3		7.45954e+07	5.89977e+07	6.9482e+07	4.83585e+07	7.03055e+07	7.64853e+07	6.90582e+07	7.50359e+07
Q9P287	Q9P287		BCCIP		7.43355e+06	1.80436e+07	1.60712e+07	2.23303e+07	8.7299e+06	1.75416e+07	1.54067e+07	1.48499e+07
Q9P289	Q9P289		STK26		2.34482e+07	2.94877e+07	2.99199e+07	3.87721e+07	2.79652e+07	2.8479e+07	2.77792e+07	2.34844e+07
Q9P291	Q9P291		ARMCX1		8.8339e+06	1.67654e+07	9.94906e+06	1.12853e+07	1.50506e+07	2.03547e+07	1.47292e+07	2.4089e+07
Q9P2B2	Q9P2B2		PTGFRN		5.33739e+07	4.62196e+07	4.02506e+07	3.1243e+07	4.29559e+07	3.09076e+07	3.79998e+07	2.58605e+07
Q9P2B4	Q9P2B4		CTTNBP2NL		4.14175e+06	4.32087e+06	4.55263e+06	4.58743e+06	3.4245e+06	3.91019e+06	4.08882e+06	3.24926e+06
Q9P2C4	Q9P2C4		TMEM181		2.77103e+06	2.68109e+06	2.61561e+06	2.72125e+06	3.01971e+06	3.88338e+06	2.41505e+06	3.89975e+06
Q9P2D0	Q9P2D0		IBTK		1.98352e+06	1.93357e+06	2.03599e+06	2.12184e+06	1.68774e+06	1.37253e+06	1.8052e+06	1.58045e+06
Q9P2D1	Q9P2D1		CHD7		3.48588e+06	8.61543e+06	5.83153e+06	1.38151e+07	4.77302e+06	6.89087e+06	6.63001e+06	5.97617e+06
Q9P2D3	Q9P2D3		HEATR5B		1.43085e+07	1.66677e+07	1.9368e+07	2.08442e+07	1.1799e+07	1.54597e+07	1.53269e+07	1.5167e+07
Q9P2E3	Q9P2E3		ZNFX1		354632	405030	461652	625430	305930	523307	363236	492684
Q9P2E5	Q9P2E5		CHPF2		7.72836e+06	7.15857e+06	8.08152e+06	8.18672e+06	8.82441e+06	1.30216e+07	7.52639e+06	1.09942e+07
Q9P2E7	Q9P2E7		PCDH10			2.2214e+06		1.7165e+06	1.23221e+06	1.78982e+06	1.64815e+06	1.8724e+06
Q9P2E9	Q9P2E9		RRBP1		9.16565e+07	5.79166e+07	7.97909e+07	1.94428e+07	1.17558e+08	5.04824e+07	9.56027e+07	6.71545e+07
Q9P2F8	Q9P2F8		SIPA1L2		1.17698e+06	844334	1.20813e+06	926118	1.1496e+06	892130	1.11189e+06	797510
Q9P2G1	Q9P2G1		ANKIB1		855944	1.19864e+06	953127	1.27725e+06	792917	1.37655e+06	875062	1.55e+06
Q9P2I0	Q9P2I0		CPSF2		4.06854e+06	1.1203e+07	8.32837e+06	1.51247e+07	7.02806e+06	7.47914e+06	9.10664e+06	6.64649e+06
Q9P2J5	Q9P2J5		LARS1		2.44298e+07	3.89155e+07	2.63239e+07	2.47821e+07	2.42787e+07	1.46107e+07	3.3373e+07	1.9688e+07
Q9P2J9	Q9P2J9		PDP2		1.97896e+06	1.42255e+06	1.77525e+06	984791	2.11141e+06	1.60082e+06	1.91206e+06	1.61098e+06
Q9P2K1	Q9P2K1		CC2D2A		203495	326740	210517	198605	344437		250035	237321
Q9P2K5	Q9P2K5		MYEF2		1.68263e+06	4.96708e+06	3.86113e+06	8.49166e+06	2.18072e+06	3.22124e+06	3.86432e+06	2.77136e+06
Q9P2K8	Q9P2K8		EIF2AK4		9.79095e+06	1.28979e+07	1.50197e+07	1.9157e+07	9.95532e+06	1.18911e+07	1.24556e+07	1.03499e+07
Q9P2L0	Q9P2L0		WDR35			879956		852645	547130	800479	780044	834168
Q9P2M7	Q9P2M7		CGN		1.92451e+07	1.12312e+07	2.54725e+07	1.5261e+07	1.58467e+07	1.82856e+07	2.10743e+07	1.49847e+07
Q9P2N4	Q9P2N4		ADAMTS9		5.61757e+06		5.99223e+06	4.34726e+06		6.97118e+06	5.50201e+06	6.64005e+06
Q9P2N5	Q9P2N5		RBM27		1.06993e+06	5.77997e+06	2.90783e+06	5.61863e+06	2.01499e+06	2.79396e+06	3.56752e+06	3.2602e+06
Q9P2N7	Q9P2N7		KLHL13		1.63871e+06	1.53478e+06	1.52525e+06	1.77294e+06	1.63863e+06	2.25126e+06	1.69033e+06	2.65114e+06
Q9P2P5	Q9P2P5		HECW2		918714	975638	1.02844e+06	944242	878652	1.04547e+06	1.00185e+06	1.22777e+06
Q9P2Q2	Q9P2Q2		FRMD4A		4.30729e+06	4.92317e+06	4.0676e+06	4.20802e+06	4.50308e+06	3.61936e+06	4.08054e+06	3.55256e+06
Q9P2R3	Q9P2R3		ANKFY1		7.67936e+06	7.40811e+06	7.24342e+06	6.41625e+06	8.42266e+06	8.40232e+06	6.60138e+06	9.90428e+06
Q9P2R6	Q9P2R6		RERE			4.43721e+06	4.13184e+06	6.81788e+06		3.84971e+06		3.64392e+06
Q9P2R7	Q9P2R7		SUCLA2		8.29942e+07	5.32702e+07	7.22818e+07	3.53989e+07	9.33491e+07	3.6813e+07	9.39088e+07	5.24755e+07
Q9P2S5	Q9P2S5		WRAP73		1.29596e+06	1.38264e+06	1.43837e+06	1.69549e+06	1.97021e+06	2.20256e+06	1.34342e+06	1.76888e+06
Q9P2T1	Q9P2T1		GMPR2		3.00885e+06	2.92103e+06	3.54622e+06	2.92897e+06	2.62233e+06	3.09487e+06	3.70031e+06	3.03969e+06
Q9P2W1	Q9P2W1		PSMC3IP		1.24144e+06	1.66005e+06	1.55905e+06	1.97926e+06	1.09906e+06	2.28324e+06	1.84843e+06	3.19568e+06
Q9P2W9	Q9P2W9		STX18		1.73823e+07	1.62488e+07	2.0564e+07	2.00299e+07	1.7109e+07	2.65512e+07	2.03941e+07	2.42096e+07
Q9P2X0	Q9P2X0		DPM3		6.7248e+06	8.14412e+06	6.4934e+06	9.46833e+06	7.45641e+06	1.36328e+07	8.10402e+06	1.14404e+07
Q9P2X3	Q9P2X3		IMPACT		221423	368195	354915	345166	305990	235674	476308	365260
Q9P2Y5	Q9P2Y5		UVRAG		936053	863362	940655	899060	1.00281e+06	747709	909126	699637
Q9UBB4	Q9UBB4		ATXN10		1.24444e+07	3.27502e+07	2.99207e+07	4.26408e+07	1.59845e+07	2.08156e+07	2.69177e+07	1.81151e+07
Q9UBB5	Q9UBB5		MBD2			3.46516e+06	1.35205e+06	2.88513e+06	1.48254e+06	1.00668e+06	1.87645e+06	1.24332e+06
Q9UBB6	Q9UBB6		NCDN		3.83832e+06	8.42772e+06	7.3845e+06	1.04964e+07	4.60746e+06	7.90965e+06	6.57155e+06	7.43973e+06
Q9UBB9	Q9UBB9		TFIP11		1.16741e+06	2.86458e+06	2.83523e+06	3.25137e+06	1.5884e+06	1.91148e+06	1.99997e+06	1.10812e+06
Q9UBC2	Q9UBC2		EPS15L1		1.38012e+07	9.89542e+06	1.07849e+07	8.16117e+06	1.30369e+07	8.55598e+06	9.30313e+06	1.15993e+07
Q9UBC5	Q9UBC5		MYO1A		7.91012e+06		7.95384e+06	5.32404e+06	1.41171e+07		1.00857e+07	
Q9UBD5	Q9UBD5		ORC3		752087	3.47385e+06	1.76263e+06	3.71772e+06	1.55978e+06	1.65955e+06	2.71106e+06	1.57812e+06
Q9UBD6	Q9UBD6		RHCG			2.35026e+06						
Q9UBE0	Q9UBE0		SAE1		2.37358e+07	7.73765e+07	4.3682e+07	6.44793e+07	2.61434e+07	6.01062e+07	5.05494e+07	5.93264e+07
Q9UBF2	Q9UBF2		COPG2		1.12606e+07	3.44435e+07	2.69628e+07	3.72246e+07	1.29741e+07	2.42373e+07	2.26863e+07	2.42229e+07
Q9UBF6	Q9UBF6		RNF7		5.0936e+06	5.26152e+06	5.12968e+06	5.41142e+06	5.71293e+06	4.88862e+06	5.69039e+06	5.88579e+06
Q9UBF8	Q9UBF8		PI4KB		3.53932e+07	4.80765e+07	4.49926e+07	6.74422e+07	2.9444e+07	5.50036e+07	4.19274e+07	3.87236e+07
Q9UBG0	Q9UBG0		MRC2		3.90431e+07	3.62527e+07	2.62489e+07	2.6472e+07	4.524e+07	2.25629e+07	3.04731e+07	2.91733e+07
Q9UBH0	Q9UBH0		IL36RN			1.4524e+07						
Q9UBH6	Q9UBH6		XPR1		7.47623e+07	6.43494e+07	8.81022e+07	8.53756e+07	7.09677e+07	1.1282e+08	7.16427e+07	8.35456e+07
Q9UBI1	Q9UBI1		COMMD3		1.73558e+07	2.22903e+07	2.28078e+07	2.75439e+07	1.69154e+07	2.2434e+07	1.98433e+07	2.10919e+07
Q9UBI4	Q9UBI4		STOML1		956808	1.19429e+06	1.34016e+06	1.62547e+06	824826	2.53102e+06	1.31601e+06	1.63662e+06
Q9UBI6	Q9UBI6		GNG12		7.08051e+07	7.0113e+07	7.33218e+07	7.53859e+07	5.33521e+07	8.49898e+07	6.52854e+07	7.79288e+07
Q9UBI9	Q9UBI9		HECA		416460	491287	391379	486934	330922	266923	395250	232759
Q9UBK8	Q9UBK8		MTRR		1.18002e+06	1.92984e+06	1.81109e+06	2.37954e+06	1.52083e+06	1.90342e+06	2.17034e+06	2.01584e+06
Q9UBK9	Q9UBK9		UXT		4.13497e+06	7.96557e+06	6.58739e+06	1.00556e+07	5.60417e+06	5.62007e+06	5.89733e+06	5.61194e+06
Q9UBL3	Q9UBL3		ASH2L		1.09905e+06	3.34897e+06	1.79028e+06	2.98177e+06	2.09086e+06	1.20594e+06	2.87904e+06	1.26791e+06
Q9UBM1	Q9UBM1		PEMT		8.00831e+06	1.08713e+07	8.90615e+06	9.64934e+06	9.49022e+06	1.15767e+07	8.73503e+06	1.24719e+07
Q9UBM7	Q9UBM7		DHCR7		1.18374e+08	1.14469e+08	1.4317e+08	1.49845e+08	1.09585e+08	2.0249e+08	1.24368e+08	1.63838e+08
Q9UBP0	Q9UBP0		SPAST		4.48621e+06	5.02998e+06	5.35381e+06	4.90456e+06	4.008e+06	3.74041e+06	4.58905e+06	3.40419e+06
Q9UBP4	Q9UBP4		DKK3		2.5858e+06	1.50826e+06	2.06694e+06	1.5543e+06	2.54322e+06	2.44776e+06	1.60904e+06	1.86004e+06
Q9UBP6	Q9UBP6		METTL1		1.06284e+06	3.15392e+06	1.13937e+06	1.44697e+06	1.67334e+06	1.51697e+06	1.53096e+06	1.7967e+06
Q9UBP9	Q9UBP9		GULP1		9.87e+06	1.77781e+07	9.40958e+06	1.31669e+07	1.04841e+07	1.06846e+07	1.11179e+07	1.18196e+07
Q9UBQ0	Q9UBQ0		VPS29		1.27945e+07	8.10224e+06	9.8848e+06	6.95433e+06	1.02811e+07	8.36658e+06	7.7826e+06	7.88799e+06
Q9UBQ5	Q9UBQ5		EIF3K		1.20826e+07	1.79623e+07	1.65061e+07	2.32165e+07	1.3396e+07	1.27008e+07	1.68798e+07	1.34403e+07
Q9UBQ6	Q9UBQ6		EXTL2		6.3226e+06	7.83208e+06	7.45943e+06	9.07307e+06	8.48676e+06	1.28795e+07	8.55032e+06	1.04654e+07
Q9UBQ7	Q9UBQ7		GRHPR		2.50008e+07	1.77189e+07	1.77854e+07	7.08859e+06	3.26636e+07	9.7909e+06	2.65567e+07	1.51829e+07
Q9UBR2	Q9UBR2		CTSZ		4.64097e+07	1.46183e+07	3.82561e+07	1.34538e+07	3.37211e+07	1.97156e+07	3.87397e+07	1.56518e+07
Q9UBR5	Q9UBR5		CKLF		4.11401e+06	7.52613e+06	3.24801e+06	3.91483e+06	9.63539e+06	6.14184e+06	8.00959e+06	1.07148e+07
Q9UBS0	Q9UBS0		RPS6KB2		1.25417e+06	2.23774e+06	1.81607e+06	2.15259e+06	1.14679e+06	1.59084e+06	1.6826e+06	1.56514e+06
Q9UBS3	Q9UBS3		DNAJB9		2.21489e+06	1.11468e+06	2.05005e+06	1.50837e+06	2.61621e+06	1.65216e+06	1.36767e+06	758344
Q9UBS4	Q9UBS4		DNAJB11		4.17201e+07	3.09138e+07	4.50167e+07	4.02947e+07	4.64848e+07	6.56572e+07	3.873e+07	4.52602e+07
Q9UBS8	Q9UBS8		RNF14		193576	266785	221129	397115	188836	239968	330547	297648
Q9UBS9	Q9UBS9		SUCO		2.74372e+06	1.91701e+06	2.90866e+06	2.529e+06	3.01983e+06	2.57737e+06	2.86058e+06	2.22325e+06
Q9UBT2	Q9UBT2		UBA2		2.53096e+06	9.88502e+06	5.09492e+06	9.5786e+06	3.40859e+06	5.21805e+06	5.72945e+06	5.19494e+06
Q9UBT7	Q9UBT7		CTNNAL1		2.07095e+07	1.31709e+07	1.98098e+07	1.67972e+07	2.11211e+07	2.00499e+07	1.82729e+07	1.93819e+07
Q9UBU6	Q9UBU6		FAM8A1		6.80137e+06	1.10771e+07	9.3851e+06	1.00526e+07	7.27303e+06	1.03132e+07	9.84598e+06	8.78503e+06
Q9UBU8	Q9UBU8		MORF4L1		549475	1.42085e+06	974982	1.93045e+06	806186	978619	771683	660136
Q9UBU9	Q9UBU9		NXF1		6.45811e+06	1.49518e+07	9.53053e+06	1.38467e+07	9.43119e+06	1.02509e+07	1.43247e+07	1.39017e+07
Q9UBV2	Q9UBV2		SEL1L		2.78839e+07	3.67896e+07	2.77257e+07	3.02415e+07	3.87965e+07	4.45458e+07	3.41169e+07	4.49434e+07
Q9UBV7	Q9UBV7		B4GALT7		9.47846e+06	8.95923e+06	8.17717e+06	8.51331e+06	1.22794e+07	1.18339e+07	1.01051e+07	9.65043e+06
Q9UBV8	Q9UBV8		PEF1		8.69667e+06	1.84907e+07	1.51778e+07	1.89158e+07	1.02454e+07	1.35288e+07	1.45825e+07	1.42941e+07
Q9UBW7	Q9UBW7		ZMYM2		726633	1.63756e+06	837807	2.15499e+06	858741	850933	1.08973e+06	762441
Q9UBW8	Q9UBW8		COPS7A		2.87866e+06	3.66663e+06	3.09946e+06	3.73962e+06	2.49222e+06	2.96883e+06	3.45544e+06	3.6078e+06
Q9UBX3	Q9UBX3		SLC25A10		4.48885e+07	4.93502e+07	3.77919e+07	3.73687e+07	6.21442e+07	5.42789e+07	5.37152e+07	7.28949e+07
Q9UBX8	Q9UBX8		B4GALT6		2.04445e+06	1.76357e+06	2.40111e+06	2.8245e+06	1.81885e+06	4.75341e+06	2.28874e+06	3.85562e+06
Q9UBY5	Q9UBY5		LPAR3		271665	319490	375326	520393	296000	447513	424293	391436
Q9UBY8	Q9UBY8		CLN8		8.23879e+06		7.69904e+06	8.04229e+06	8.28606e+06	8.64707e+06	9.02135e+06	7.66386e+06
Q9UBZ9	Q9UBZ9		REV1			2.01145e+06			3.04708e+06	1.47672e+06	2.88047e+06	
Q9UDR5	Q9UDR5		AASS		3.3204e+07	1.70682e+07	2.55331e+07	8.37756e+06	2.91471e+07	1.23e+07	2.7063e+07	1.41682e+07
Q9UDT6	Q9UDT6		CLIP2		510697	664096	532360	579112	580624	391456	497445	445959
Q9UDW1	Q9UDW1		UQCR10		1.5431e+08	2.86755e+08	1.46971e+08	1.61344e+08	2.05408e+08	2.34687e+08	2.34594e+08	2.75355e+08
Q9UDX5	Q9UDX5		MTFP1		7.20296e+07	5.7184e+07	5.98147e+07	6.31611e+07	7.8103e+07	1.05219e+08	5.986e+07	1.01042e+08
Q9UDY2	Q9UDY2		TJP2		1.53734e+07	1.17901e+07	1.70716e+07	1.38461e+07	1.58351e+07	1.86223e+07	1.72173e+07	1.69331e+07
Q9UDY8	Q9UDY8		MALT1		4.76664e+06	8.26018e+06	6.55218e+06	7.24428e+06	6.32756e+06	7.23198e+06	7.12392e+06	8.94981e+06
Q9UEE5	Q9UEE5		STK17A		5.39175e+06	7.41681e+06	6.77265e+06	7.60579e+06	4.92013e+06	6.91691e+06	6.47102e+06	7.73161e+06
Q9UEE9	Q9UEE9		CFDP1		1.17823e+06	1.95093e+06	1.03363e+06	1.42402e+06	1.23185e+06	1.33861e+06	1.3914e+06	1.54394e+06
Q9UER7	Q9UER7		DAXX			979732	739368	1.16433e+06				
Q9UET6	Q9UET6		FTSJ1		3.65051e+06	4.02372e+06	4.71188e+06	4.64095e+06	3.41903e+06	3.72718e+06	4.20889e+06	3.89638e+06
Q9UEU0	Q9UEU0		VTI1B		1.56082e+07	1.38052e+07	1.46512e+07	1.60992e+07	1.7171e+07	2.47805e+07	1.55319e+07	2.19829e+07
Q9UEW8	Q9UEW8		STK39		2.18221e+07	2.96186e+07	3.50296e+07	4.77199e+07	2.19761e+07	2.2412e+07	2.66034e+07	2.11385e+07
Q9UEY8	Q9UEY8		ADD3		1.21702e+07	1.19242e+07	1.15344e+07	1.22146e+07	1.09957e+07	6.88467e+06	1.22651e+07	7.5637e+06
Q9UFC0	Q9UFC0		LRWD1		2.86792e+06	1.08479e+07	5.82742e+06	1.17861e+07	6.35578e+06	4.94716e+06	8.86645e+06	4.34532e+06
Q9UFF9	Q9UFF9		CNOT8		546432	759846	689557	706144	723886	662994	655115	443196
Q9UFG5	Q9UFG5		C19orf25		441395	382802	369688	393638	351450	576366	461262	625062
Q9UFN0	Q9UFN0		NIPSNAP3A		2.41318e+07	2.79911e+07	1.75676e+07	1.06857e+07	3.30144e+07	1.56636e+07	2.7943e+07	2.37881e+07
Q9UFP1	Q9UFP1		GASK1A		328628		402488	315580	317124	629758	463404	607900
Q9UFW8	Q9UFW8		CGGBP1		3.93899e+06	7.34856e+06	5.04862e+06	5.7772e+06	4.38033e+06	4.24091e+06	6.69128e+06	4.1232e+06
Q9UG01	Q9UG01		IFT172		4.30194e+06	5.53686e+06	5.0145e+06	5.23846e+06	7.45406e+06	3.20631e+06	6.50192e+06	7.10226e+06
Q9UG56	Q9UG56		PISD		1.22886e+07	1.95047e+07	1.4339e+07	1.20731e+07	1.68287e+07	2.02699e+07	1.86295e+07	2.44012e+07
Q9UG63	Q9UG63		ABCF2		9.34197e+06	8.52156e+06	1.08473e+07	1.09202e+07	1.0115e+07	1.40102e+07	1.01207e+07	1.14294e+07
Q9UGC6	Q9UGC6		RGS17		4.90543e+06	3.3099e+06	3.6275e+06	3.11658e+06	3.08531e+06	4.15209e+06	3.39942e+06	3.59099e+06
Q9UGC7	Q9UGC7		MTRF1L		3.49025e+06	2.76267e+06	2.76858e+06	1.55286e+06	3.73178e+06	2.54486e+06	3.06558e+06	2.72877e+06
Q9UGH3	Q9UGH3		SLC23A2		4.34843e+06	3.82078e+06	3.74152e+06	4.83488e+06	5.04399e+06	8.76689e+06	3.55241e+06	7.82567e+06
Q9UGJ0	Q9UGJ0		PRKAG2		1.39734e+06	1.95021e+06	2.21878e+06	1.83508e+06		1.80477e+06	1.79518e+06	1.18367e+06
Q9UGJ1	Q9UGJ1		TUBGCP4		6.21452e+06	8.19319e+06	8.02368e+06	1.04741e+07	7.6021e+06	7.44803e+06	7.74809e+06	7.35332e+06
Q9UGM3	Q9UGM3		DMBT1				1.57473e+07					2.87785e+07
Q9UGM6	Q9UGM6		WARS2		1.82673e+07	1.23863e+07	1.45985e+07	8.10914e+06	2.20966e+07	1.23314e+07	1.84174e+07	1.61133e+07
Q9UGN5	Q9UGN5		PARP2		942899	1.82976e+06	1.75791e+06	2.69156e+06	795490	1.51508e+06	1.59444e+06	1.21851e+06
Q9UGP4	Q9UGP4		LIMD1		1.51029e+07	1.2734e+07	1.59155e+07	1.07515e+07	1.62646e+07	1.2939e+07	1.95599e+07	1.90731e+07
Q9UGP8	Q9UGP8		SEC63		1.22691e+08	1.34581e+08	1.54958e+08	1.50926e+08	1.15093e+08	1.85096e+08	1.39229e+08	1.65385e+08
Q9UGQ3	Q9UGQ3		SLC2A6		6.00773e+06	3.78706e+06	3.97959e+06	4.20537e+06	5.00962e+06	7.8639e+06	4.10798e+06	7.05481e+06
Q9UGR2	Q9UGR2		ZC3H7B		1.31673e+06	836574	1.47064e+06	1.60138e+06	956300	610489	1.01534e+06	638528
Q9UGU0	Q9UGU0		TCF20			239290	59743.9	169895	149434		158515	
Q9UGV2	Q9UGV2		NDRG3		1.23155e+07	3.34468e+07	2.59902e+07	3.54398e+07	1.56921e+07	3.36889e+07	3.06098e+07	3.595e+07
Q9UH62	Q9UH62		ARMCX3		1.49771e+07	1.91967e+07	1.21697e+07	1.26836e+07	1.9131e+07	3.14393e+07	1.23137e+07	3.03205e+07
Q9UH65	Q9UH65		SWAP70		1.22929e+07	1.84397e+07	1.52465e+07	1.56796e+07	1.13706e+07	1.30678e+07	1.58919e+07	1.32563e+07
Q9UH92	Q9UH92		MLX		1.26878e+06	1.13728e+06	1.03286e+06	1.23794e+06	925378	1.47987e+06	1.01852e+06	1.3877e+06
Q9UH99	Q9UH99		SUN2		2.41248e+07	2.86579e+07	2.15375e+07	2.67008e+07	2.71686e+07	2.80764e+07	2.64155e+07	2.7362e+07
Q9UHA3	Q9UHA3		RSL24D1		751106	2.84672e+06	1.99621e+06	4.23538e+06	1.24524e+06	2.04784e+06	2.33178e+06	1.6257e+06
Q9UHA4	Q9UHA4		LAMTOR3		1.76482e+07	1.1136e+07	1.54211e+07	1.065e+07	1.88102e+07	1.83832e+07	1.57839e+07	1.38001e+07
Q9UHA7	Q9UHA7		IL36A			2.44638e+06						
Q9UHB6	Q9UHB6		LIMA1		7.7877e+06	5.98924e+06	8.88148e+06	5.66555e+06	6.50517e+06	7.74096e+06	7.28906e+06	7.44421e+06
Q9UHB7	Q9UHB7		AFF4		424613	884852	698083	1.21563e+06	809240	499006	930239	679540
Q9UHB9	Q9UHB9		SRP68		2.10914e+07	3.79773e+07	3.57274e+07	5.17191e+07	2.31797e+07	2.85609e+07	3.5249e+07	2.86874e+07
Q9UHD1	Q9UHD1		CHORDC1		1.02688e+07	1.52328e+07	1.54729e+07	1.75794e+07	1.26594e+07	1.43975e+07	1.60119e+07	1.49856e+07
Q9UHD2	Q9UHD2		TBK1		1.16291e+07	2.08605e+07	1.432e+07	1.71596e+07	1.15549e+07	1.25416e+07	1.4154e+07	1.28134e+07
Q9UHD8	Q9UHD8		SEPTIN9		2.72728e+07	1.68359e+07	2.08631e+07	1.52366e+07	2.46972e+07	1.53868e+07	2.13323e+07	1.57391e+07
Q9UHD9	Q9UHD9		UBQLN2		1.00156e+06	1.41799e+06	1.00079e+06	1.08478e+06	903744	830093	1.13167e+06	986160
Q9UHE8	Q9UHE8		STEAP1		3.63952e+06	2.65318e+06	3.79486e+06	3.00866e+06	4.0255e+06	4.85889e+06	3.09478e+06	3.10215e+06
Q9UHF1	Q9UHF1		EGFL7		1.19935e+06	336767	1.30346e+06	1.01322e+06	965566	1.82796e+06	884984	991460
Q9UHG3	Q9UHG3		PCYOX1		2.44929e+07	2.37076e+07	2.526e+07	2.67728e+07	2.54834e+07	3.60939e+07	2.37004e+07	3.09134e+07
Q9UHI5	Q9UHI5		SLC7A8		1.93513e+06	403134	977610	650480	1.0587e+06	811249	906305	551375
Q9UHI6	Q9UHI6		DDX20		5.49134e+06	9.26828e+06	9.75109e+06	1.12163e+07	6.69154e+06	7.39351e+06	8.48807e+06	6.87835e+06
Q9UHJ6	Q9UHJ6		SHPK		7.24572e+06	1.00766e+07	7.28004e+06	7.36303e+06	1.1775e+07	1.07028e+07	1.13703e+07	1.23579e+07
Q9UHK6	Q9UHK6		AMACR		3.08186e+06	2.24313e+06	2.91179e+06	1.72466e+06	5.85476e+06	3.09238e+06	3.80408e+06	3.77894e+06
Q9UHL4	Q9UHL4		DPP7		5.67123e+06	3.95032e+06	5.47196e+06	2.31643e+06	7.37087e+06	2.98522e+06	6.93533e+06	3.28539e+06
Q9UHN1	Q9UHN1		POLG2		2.14853e+07	2.00606e+07	1.89689e+07	1.38534e+07	3.01704e+07	1.94348e+07	2.31994e+07	2.35534e+07
Q9UHN6	Q9UHN6		CEMIP2		2.62722e+07	1.5401e+07	2.05862e+07	2.1452e+07	1.90738e+07	3.00655e+07	1.81162e+07	2.53773e+07
Q9UHP3	Q9UHP3		USP25		1.89741e+06	3.96286e+06	3.80308e+06	5.21277e+06	2.24352e+06	2.35699e+06	3.10636e+06	1.97714e+06
Q9UHQ4	Q9UHQ4		BCAP29		9.02945e+06	7.57512e+06	8.16408e+06	8.23202e+06	8.60414e+06	1.08355e+07	7.56455e+06	8.04106e+06
Q9UHQ9	Q9UHQ9		CYB5R1		3.02135e+07	3.08314e+07	3.15171e+07	2.96585e+07	2.84463e+07	4.23947e+07	2.88773e+07	3.83908e+07
Q9UHR4	Q9UHR4		BAIAP2L1		1.44245e+07	7.85163e+06	1.09037e+07	7.79992e+06	9.01339e+06	1.01491e+07	8.84518e+06	7.87205e+06
Q9UHR5	Q9UHR5		SAP30BP		1.74328e+06	1.62703e+06	1.95143e+06	1.18534e+06	2.01563e+06	1.35778e+06	2.05154e+06	1.65808e+06
Q9UHR6	Q9UHR6		ZNHIT2		1.28944e+06	2.25279e+06	2.59796e+06	3.04649e+06	1.57768e+06	2.28213e+06	3.12098e+06	2.01938e+06
Q9UHV9	Q9UHV9		PFDN2		1.43918e+07	1.65402e+07	1.87037e+07	1.63693e+07	1.29209e+07	1.28852e+07	1.97554e+07	1.42556e+07
Q9UHW5	Q9UHW5		GPN3		1.96769e+06	2.50111e+06	2.48631e+06	3.42789e+06	2.02796e+06	2.35436e+06	2.5104e+06	2.13582e+06
Q9UHW9	Q9UHW9		SLC12A6		3.58631e+06	3.26792e+06	4.56192e+06	4.81874e+06	2.95733e+06	4.18546e+06	3.00197e+06	2.79564e+06
Q9UHX1	Q9UHX1		PUF60		1.00652e+07	2.22028e+07	2.00818e+07	3.15069e+07	1.43282e+07	1.49173e+07	1.91465e+07	1.22345e+07
Q9UHX3	Q9UHX3		ADGRE2		2.39082e+06		1.44773e+06	1.25653e+06	1.62785e+06	1.186e+06	1.34116e+06	
Q9UHY1	Q9UHY1		NRBP1		6.77776e+06	8.78987e+06	9.95492e+06	1.31126e+07	7.78801e+06	8.26064e+06	9.29817e+06	6.9699e+06
Q9UHY7	Q9UHY7		ENOPH1		6.66616e+06	7.68456e+06	8.02821e+06	6.2874e+06	7.91202e+06	5.98051e+06	1.16671e+07	6.51801e+06
Q9UI08	Q9UI08		EVL		673025	765617	825684	805192	609243	730820	756439	673789
Q9UI09	Q9UI09		NDUFA12		7.18419e+07	5.91761e+07	6.60318e+07	6.51435e+07	5.71263e+07	8.25649e+07	5.82889e+07	8.6973e+07
Q9UI10	Q9UI10		EIF2B4		2.36442e+06	4.75063e+06	3.8419e+06	5.68952e+06	2.57946e+06	3.23723e+06	3.90286e+06	3.06358e+06
Q9UI12	Q9UI12		ATP6V1H		1.58508e+07	1.44833e+07	1.80044e+07	1.57936e+07	1.49171e+07	1.21598e+07	1.55901e+07	9.93691e+06
Q9UI14	Q9UI14		RABAC1		1.46495e+07	1.06987e+07	1.47224e+07	1.50896e+07	1.6105e+07	2.22287e+07	1.30079e+07	2.10081e+07
Q9UI26	Q9UI26		IPO11		2.84147e+06	7.72376e+06	6.22857e+06	1.00507e+07	3.53357e+06	4.61382e+06	5.9325e+06	4.85864e+06
Q9UI30	Q9UI30		TRMT112		1.69236e+07	1.73986e+07	1.79969e+07	1.35601e+07	2.13013e+07	1.34216e+07	2.08938e+07	1.67656e+07
Q9UI32	Q9UI32		GLS2		1.2941e+06		1.15978e+06	666165	1.03473e+06	731078	1.09874e+06	
Q9UI42	Q9UI42		CPA4			719898	238548	275127			271488	
Q9UI43	Q9UI43		MRM2		8.94176e+06	7.53811e+06	6.64996e+06	4.60235e+06	1.28291e+07	7.33851e+06	9.58475e+06	1.05617e+07
Q9UI95	Q9UI95		MAD2L2		1.04182e+06	1.35691e+06	1.31227e+06	1.9547e+06	1.41708e+06	1.61924e+06	1.32406e+06	1.39902e+06
Q9UIA9	Q9UIA9		XPO7		4.50965e+06	1.3096e+07	9.18823e+06	1.33551e+07	5.57559e+06	7.06929e+06	1.02289e+07	8.09263e+06
Q9UIC8	Q9UIC8		LCMT1		2.17146e+06	3.34271e+06	2.45034e+06	2.70628e+06	2.72735e+06	2.51634e+06	3.02833e+06	2.6277e+06
Q9UID3	Q9UID3		VPS51		3.47039e+06	5.87217e+06	4.45355e+06	5.4705e+06	3.81654e+06	3.74935e+06	4.30135e+06	4.04674e+06
Q9UIF9	Q9UIF9		BAZ2A		1.6998e+06	2.28126e+06	2.23776e+06	3.41993e+06	2.03356e+06	1.92387e+06	2.7037e+06	2.38349e+06
Q9UIG0	Q9UIG0		BAZ1B		1.8119e+06	5.48284e+06	3.93412e+06	9.2963e+06	4.11653e+06	3.68856e+06	5.79798e+06	2.8778e+06
Q9UII2	Q9UII2		ATP5IF1		1.01408e+08	1.3908e+08	7.03207e+07	4.63591e+07	1.04101e+08	1.12976e+08	8.79795e+07	1.63973e+08
Q9UII4	Q9UII4		HERC5		3.36221e+06	3.78956e+06	3.99875e+06	3.51124e+06	5.06318e+06	2.85971e+06	3.90954e+06	2.79582e+06
Q9UIJ5	Q9UIJ5		ZDHHC2		885390					819358		
Q9UIJ7	Q9UIJ7		AK3		1.1346e+08	6.84138e+07	8.5152e+07	4.44707e+07	1.83945e+08	5.18966e+07	1.1123e+08	7.08479e+07
Q9UIQ6	Q9UIQ6		LNPEP		1.98154e+07	2.78573e+07	2.132e+07	2.12502e+07	1.80447e+07	2.58824e+07	2.42093e+07	2.65138e+07
Q9UIS9	Q9UIS9		MBD1		694545	1.4544e+06	847164	2.05406e+06	1.1005e+06	750413	1.33556e+06	533192
Q9UIV1	Q9UIV1		CNOT7		4.36766e+06	5.49121e+06	5.88552e+06	5.48312e+06	4.37835e+06	3.66147e+06	5.6241e+06	3.56449e+06
Q9UIV8	Q9UIV8		SERPINB13		716965	4.23901e+06	1.0538e+06	674209	1.40612e+06	754295	896746	1.35825e+06
Q9UIW2	Q9UIW2		PLXNA1		4.19852e+07	1.82789e+07	2.40788e+07	1.55124e+07	4.00724e+07	2.33043e+07	1.93734e+07	1.92471e+07
Q9UJ14	Q9UJ14		GGT7		5.80742e+06	7.39615e+06	6.53381e+06	6.2916e+06	6.53194e+06	7.29704e+06	7.09586e+06	8.7011e+06
Q9UJ41	Q9UJ41		RABGEF1		4.10521e+06	8.81695e+06	5.41469e+06	7.40191e+06	4.64765e+06	4.88308e+06	6.00909e+06	5.89472e+06
Q9UJ68	Q9UJ68		MSRA		6.34545e+06	7.1997e+06	5.10492e+06	4.53937e+06	9.111e+06	5.88873e+06	8.47218e+06	9.7208e+06
Q9UJ70	Q9UJ70		NAGK		2.45068e+07	4.41117e+07	2.5578e+07	1.9356e+07	2.18716e+07	2.08922e+07	2.7213e+07	2.18888e+07
Q9UJ83	Q9UJ83		HACL1		8.67056e+06	7.02408e+06	7.72044e+06	4.32494e+06	1.34121e+07	9.48814e+06	8.91478e+06	9.302e+06
Q9UJA2	Q9UJA2		CRLS1		2.32696e+06	3.71836e+06	2.36665e+06	2.40501e+06	3.22339e+06	4.24186e+06	3.54253e+06	5.55798e+06
Q9UJA5	Q9UJA5		TRMT6		2.42563e+06	1.22579e+07	5.9254e+06	8.90667e+06	3.6743e+06	5.86677e+06	7.98739e+06	5.33473e+06
Q9UJC5	Q9UJC5		SH3BGRL2		1.26931e+06	971975	1.44311e+06	1.36202e+06	655243	1.2593e+06	1.01337e+06	883919
Q9UJF2	Q9UJF2		RASAL2		2.68552e+06	2.81127e+06	2.38187e+06	2.80094e+06	2.51049e+06	2.58663e+06	2.6371e+06	2.5828e+06
Q9UJG1	Q9UJG1		MOSPD1		1.07307e+08	8.72047e+07	1.13491e+08	1.32688e+08	1.26741e+08	1.32625e+08	1.15872e+08	1.28908e+08
Q9UJJ9	Q9UJJ9		GNPTG		5.25108e+06	2.99398e+06	3.8704e+06	3.40148e+06	7.33461e+06	4.76692e+06	3.9697e+06	5.08522e+06
Q9UJK0	Q9UJK0		TSR3		1.24564e+06	1.3765e+06	1.86362e+06	2.14201e+06	1.10416e+06	1.54924e+06	1.52926e+06	1.12357e+06
Q9UJM3	Q9UJM3		ERRFI1		1.07945e+07	9.17542e+06	7.79767e+06	5.82577e+06	8.12487e+06	5.12336e+06	1.00792e+07	6.13742e+06
Q9UJS0	Q9UJS0		SLC25A13		1.66678e+08	1.9642e+08	1.7801e+08	1.90928e+08	1.51177e+08	2.61634e+08	1.79303e+08	2.61695e+08
Q9UJT0	Q9UJT0		TUBE1		1.22214e+06	1.16949e+06	1.45763e+06	1.5764e+06		1.86744e+06	1.60545e+06	1.73302e+06
Q9UJU6	Q9UJU6		DBNL		1.61648e+07	1.65705e+07	1.67851e+07	1.55034e+07	1.37448e+07	1.9657e+07	1.63692e+07	2.03896e+07
Q9UJV9	Q9UJV9		DDX41		3.98604e+06	5.87676e+06	4.57344e+06	5.90702e+06	4.47423e+06	4.69325e+06	5.83062e+06	3.98364e+06
Q9UJW0	Q9UJW0		DCTN4		4.53393e+06	4.95921e+06	4.00571e+06	4.10513e+06	4.56463e+06	3.72621e+06	4.13033e+06	3.90406e+06
Q9UJX2	Q9UJX2		CDC23		4.4384e+06	7.14578e+06	6.18031e+06	8.31618e+06	4.78017e+06	4.94764e+06	6.61625e+06	4.83482e+06
Q9UJX3	Q9UJX3		ANAPC7		2.54449e+07	6.14573e+07	4.25381e+07	6.66794e+07	3.46121e+07	4.30525e+07	4.93842e+07	4.27625e+07
Q9UJX4	Q9UJX4		ANAPC5		1.45834e+06	2.92833e+06	2.16726e+06	3.11674e+06	1.22471e+06	2.13028e+06	2.28481e+06	2.25422e+06
Q9UJX5	Q9UJX5		ANAPC4			790050	648280	923856	410446	494695	598059	505217
Q9UJX6	Q9UJX6		ANAPC2			338179	197771	396577	92983.2	193129		209789
Q9UJY4	Q9UJY4		GGA2		1.39391e+07	2.80841e+07	2.73759e+07	3.51952e+07	1.84139e+07	2.56541e+07	2.60988e+07	2.36775e+07
Q9UJY5	Q9UJY5		GGA1		2.12894e+06	2.83594e+06	3.23036e+06	3.24654e+06	2.0668e+06	2.42209e+06	2.73826e+06	2.56556e+06
Q9UJZ1	Q9UJZ1		STOML2		3.92244e+08	5.42081e+08	4.12003e+08	3.98795e+08	5.16403e+08	5.45089e+08	5.46958e+08	7.24452e+08
Q9UK00	Q9UK00		C3orf18		1.3277e+06	919751	932553	1.00567e+06	1.14822e+06	1.04732e+06	1.11557e+06	1.05652e+06
Q9UK23	Q9UK23		NAGPA		4.87269e+06	6.41047e+06	5.78068e+06	5.65201e+06	4.71557e+06	7.01238e+06	6.14403e+06	8.0804e+06
Q9UK39	Q9UK39		NOCT		1.61092e+06	1.44684e+06	1.82679e+06	1.31449e+06	2.91816e+06	1.7069e+06	2.05143e+06	1.40564e+06
Q9UK41	Q9UK41		VPS28		8.34638e+06	1.21562e+07	9.98087e+06	1.19887e+07	9.08606e+06	9.08344e+06	1.16523e+07	1.30195e+07
Q9UK45	Q9UK45		LSM7		6.83506e+06	7.29115e+06	8.74137e+06	7.35044e+06	7.96648e+06	7.20253e+06	8.99717e+06	4.75488e+06
Q9UK58	Q9UK58		CCNL1		1.03157e+06	1.37794e+06	1.25854e+06	1.33739e+06	1.06299e+06	819694	1.1707e+06	973124
Q9UK59	Q9UK59		DBR1		9.00602e+06	1.44001e+07	1.22122e+07	1.463e+07	1.02061e+07	1.08528e+07	1.23921e+07	1.17441e+07
Q9UK61	Q9UK61		TASOR		3.36921e+06	2.9063e+06	1.87713e+06	1.8975e+06	2.49709e+06	2.35541e+06	2.34004e+06	4.26475e+06
Q9UK76	Q9UK76		JPT1		4.43481e+06	2.83809e+06	3.80711e+06	3.13084e+06	5.11924e+06	3.43114e+06	4.80922e+06	3.48497e+06
Q9UK99	Q9UK99		FBXO3		4.23281e+06	5.79713e+06	4.70964e+06	2.82248e+06	4.59172e+06	3.87137e+06	5.28668e+06	3.7456e+06
Q9UKA2	Q9UKA2		FBXL4		2.516e+07	2.17959e+07	1.97744e+07	1.58937e+07	3.00541e+07	1.91325e+07	2.13392e+07	1.98781e+07
Q9UKA9	Q9UKA9		PTBP2			1.92361e+06	1.41078e+06					
Q9UKB1	Q9UKB1		FBXW11		1.63356e+06	1.63622e+06	1.59422e+06	1.51279e+06	1.48764e+06	2.34675e+06	1.79781e+06	2.38476e+06
Q9UKC9	Q9UKC9		FBXL2		1.17116e+06	2.02028e+06	1.75969e+06	1.85107e+06	1.69313e+06	2.09896e+06	2.4842e+06	3.09509e+06
Q9UKD1	Q9UKD1		GMEB2		2.03415e+06	2.7167e+06	2.06717e+06	2.49028e+06	2.08762e+06	1.79535e+06	2.80513e+06	2.09543e+06
Q9UKD2	Q9UKD2		MRTO4		8.63837e+06	1.65965e+07	1.30069e+07	1.82269e+07	1.13299e+07	1.61125e+07	1.37914e+07	1.41121e+07
Q9UKE5	Q9UKE5		TNIK		7.16622e+06	4.75057e+06	5.04026e+06	5.00065e+06	6.89989e+06	4.23554e+06	5.54053e+06	4.89224e+06
Q9UKF6	Q9UKF6		CPSF3		3.30253e+06	9.12579e+06	7.86885e+06	1.38662e+07	5.13944e+06	5.9934e+06	6.79457e+06	4.58644e+06
Q9UKF7	Q9UKF7		PITPNC1		3.58716e+06	6.48482e+06	6.04014e+06	8.14584e+06	3.15764e+06	3.47793e+06	5.05861e+06	2.53953e+06
Q9UKG1	Q9UKG1		APPL1		2.82943e+06	5.9638e+06	4.7542e+06	5.91609e+06	3.28287e+06	3.91776e+06	4.6687e+06	3.53252e+06
Q9UKI2	Q9UKI2		CDC42EP3		1.5254e+06	775552	1.28601e+06	1.18696e+06	596796	1.58853e+06	1.52042e+06	2.13455e+06
Q9UKI8	Q9UKI8		TLK1		340794	462214	394189	500695	273037	408177	445828	303822
Q9UKJ5	Q9UKJ5		CHIC2		6.63326e+06	4.50167e+06	6.76965e+06	4.0615e+06	5.68127e+06	5.78912e+06	4.10356e+06	3.58427e+06
Q9UKK3	Q9UKK3		PARP4		1.03787e+07	1.32153e+07	1.32712e+07	1.69981e+07	9.73538e+06	9.20084e+06	1.17256e+07	8.14206e+06
Q9UKK6	Q9UKK6		NXT1			2.17287e+06	1.3562e+06	2.43749e+06	1.80414e+06	1.95216e+06	2.05468e+06	2.65115e+06
Q9UKK9	Q9UKK9		NUDT5		1.61942e+07	1.3817e+07	1.7598e+07	1.31706e+07	1.33193e+07	1.24069e+07	1.62176e+07	1.06874e+07
Q9UKL0	Q9UKL0		RCOR1		2.42143e+06	5.19808e+06	3.53609e+06	4.89736e+06	3.90001e+06	2.86341e+06	4.60204e+06	2.44404e+06
Q9UKM7	Q9UKM7		MAN1B1		1.15202e+07	1.32727e+07	1.35435e+07	1.34281e+07	1.83888e+07	1.52922e+07	1.49899e+07	1.43942e+07
Q9UKM9	Q9UKM9		RALY		5.60412e+06	1.07942e+07	8.99453e+06	1.13211e+07	1.05443e+07	4.64312e+06	1.49394e+07	4.7083e+06
Q9UKN8	Q9UKN8		GTF3C4		1.83079e+07	4.67379e+07	3.06721e+07	5.92056e+07	2.80017e+07	3.2457e+07	3.44707e+07	3.49371e+07
Q9UKR3	Q9UKR3		KLK13			1.8809e+06						
Q9UKR5	Q9UKR5		ERG28		3.6505e+07	2.57271e+07	4.18339e+07	5.1141e+07	3.12063e+07	5.319e+07	3.73753e+07	4.61572e+07
Q9UKS6	Q9UKS6		PACSIN3		1.07296e+07	8.5756e+06	1.07322e+07	8.72284e+06	9.23987e+06	1.38467e+07	1.15429e+07	1.22685e+07
Q9UKU6	Q9UKU6		TRHDE		5.7479e+06	9.6257e+06	7.40643e+06	9.18478e+06	9.03287e+06	1.14263e+07	1.00517e+07	1.37346e+07
Q9UKU7	Q9UKU7		ACAD8		1.09951e+07	1.29975e+07	7.65163e+06	4.62773e+06	1.41429e+07	7.97494e+06	1.26341e+07	1.28243e+07
Q9UKV3	Q9UKV3		ACIN1		1.8182e+06	4.56535e+06	2.82e+06	5.53657e+06	3.00383e+06	2.65032e+06	4.59374e+06	3.22929e+06
Q9UKV5	Q9UKV5		AMFR		8.39482e+06	4.81849e+06	9.23693e+06	9.87221e+06	7.20108e+06	1.52384e+07	8.56026e+06	1.12973e+07
Q9UKV8	Q9UKV8		AGO2		8.10756e+06	8.23961e+06	9.39601e+06	9.33788e+06	7.85449e+06	6.1174e+06	8.545e+06	5.83442e+06
Q9UKX5	Q9UKX5		ITGA11		4.19459e+06	9.5436e+06	4.24738e+06	4.38252e+06	8.07703e+06	6.47121e+06	5.84062e+06	1.2413e+07
Q9UKX7	Q9UKX7		NUP50		1.13213e+06	5.25916e+06	2.86219e+06	5.42423e+06	1.51183e+06	2.3077e+06	2.59212e+06	2.45767e+06
Q9UKY4	Q9UKY4		POMT2		5.10297e+06	5.29307e+06	5.1204e+06	5.4715e+06	5.03067e+06	7.58221e+06	4.48588e+06	7.34209e+06
Q9UKY7	Q9UKY7		CDV3		1.2134e+07	1.00982e+07	1.25835e+07	9.5983e+06	1.30088e+07	6.50151e+06	1.42742e+07	5.59381e+06
Q9UKZ1	Q9UKZ1		CNOT11		3.26879e+06	3.53202e+06	4.24616e+06	4.01828e+06	3.25702e+06	2.98881e+06	3.91374e+06	2.39981e+06
Q9UKZ9	Q9UKZ9		PCOLCE2		1.08967e+06	540174	910822	1.02467e+06	1.94771e+06	1.32677e+06	1.3466e+06	944624
Q9UL01	Q9UL01		DSE		1.97233e+06	2.29319e+06	2.47404e+06	2.53034e+06	2.27274e+06	3.24359e+06	2.23165e+06	2.34743e+06
Q9UL03	Q9UL03		INTS6		450899	1.9902e+06	810870	2.1156e+06	889197	730732	1.18164e+06	639789
Q9UL15	Q9UL15		BAG5		8.30966e+06	8.86717e+06	9.29327e+06	9.71028e+06	8.20275e+06	1.40784e+07	1.0578e+07	1.35096e+07
Q9UL18	Q9UL18		AGO1		4.03655e+06	3.48038e+06	4.37222e+06	3.39318e+06	4.27624e+06	3.2389e+06	3.90116e+06	2.60082e+06
Q9UL25	Q9UL25		RAB21		4.42385e+07	4.46704e+07	4.6582e+07	4.50251e+07	4.79897e+07	7.62909e+07	4.61343e+07	7.06881e+07
Q9UL26	Q9UL26		RAB22A		1.2456e+07	1.35928e+07	1.22245e+07	1.30665e+07	1.28809e+07	1.49645e+07	1.31374e+07	1.54937e+07
Q9UL33	Q9UL33		TRAPPC2L		3.04932e+06	3.69889e+06	3.30367e+06	3.20407e+06	3.41942e+06	5.36797e+06	3.83312e+06	4.16457e+06
Q9UL36	Q9UL36		ZNF236		465928	361298	436587	356220	379369	481755	440789	383397
Q9UL46	Q9UL46		PSME2		1.09794e+07	1.65296e+07	1.23216e+07	1.8304e+07	1.0648e+07	1.04734e+07	1.14072e+07	9.18929e+06
Q9UL54	Q9UL54		TAOK2		2.31663e+06	2.33313e+06	2.71608e+06	2.66868e+06	2.7166e+06	2.84439e+06	2.91668e+06	3.03705e+06
Q9ULA0	Q9ULA0		DNPEP		1.99664e+07	1.71345e+07	1.72237e+07	1.05327e+07	2.12824e+07	1.42763e+07	2.10586e+07	1.74306e+07
Q9ULC3	Q9ULC3		RAB23		1.78558e+07	1.30151e+07	1.73014e+07	1.44038e+07	1.75312e+07	1.68096e+07	1.84011e+07	1.9539e+07
Q9ULC4	Q9ULC4		MCTS1		2.89263e+07	3.44618e+07	3.17061e+07	3.23524e+07	3.39089e+07	2.49287e+07	3.71839e+07	2.81342e+07
Q9ULC8	Q9ULC8		ZDHHC8		1.1795e+06	956834	969207	662645	874999	924521	734533	854348
Q9ULD0	Q9ULD0		OGDHL		1.14951e+07	1.57038e+07	1.09459e+07	6.63209e+06	1.49283e+07	1.02326e+07	1.80589e+07	1.58458e+07
Q9ULE4	Q9ULE4		FAM184B		1.30555e+06	1.5139e+06	1.47419e+06	1.35988e+06	2.40311e+06	1.39116e+06	1.8493e+06	1.93405e+06
Q9ULE6	Q9ULE6		PALD1		1.16187e+06	1.35236e+06	1.66921e+06	1.71943e+06	1.51126e+06	1.6948e+06	1.47777e+06	1.49984e+06
Q9ULF5	Q9ULF5		SLC39A10		2.31003e+07	5.06468e+07	2.30926e+07	1.73343e+07	2.64279e+07	1.92709e+07	2.63451e+07	1.9892e+07
Q9ULG1	Q9ULG1		INO80		44484.4	506575	237161	752525	219680	150617	294634	125600
Q9ULG6	Q9ULG6		CCPG1		3.31925e+06	3.52884e+06	3.66783e+06	3.17794e+06	4.00184e+06	4.35071e+06	3.66559e+06	3.87842e+06
Q9ULH0	Q9ULH0		KIDINS220		2.74912e+07	2.09433e+07	2.93459e+07	3.03356e+07	2.00409e+07	3.94561e+07	2.26164e+07	2.91594e+07
Q9ULH1	Q9ULH1		ASAP1		5.60111e+06	7.6143e+06	6.48343e+06	8.42739e+06	6.33185e+06	5.86177e+06	7.2426e+06	6.3797e+06
Q9ULI3	Q9ULI3		HEG1		2.68099e+06	1.91915e+06	2.47098e+06	1.92927e+06	2.16195e+06	3.40138e+06	1.9393e+06	3.04301e+06
Q9ULI4	Q9ULI4		KIF26A		9.84666e+06	6.64662e+06	7.83597e+06	5.7832e+06	7.46639e+06	9.05178e+06	7.76794e+06	8.09944e+06
Q9ULJ3	Q9ULJ3		ZBTB21		195433	438217	358019	483695	284425	142490	443362	170412
Q9ULJ6	Q9ULJ6		ZMIZ1		3.63313e+06	1.34446e+07	6.92591e+06	1.20432e+07	4.04911e+06	9.62598e+06	7.32143e+06	1.04178e+07
Q9ULJ8	Q9ULJ8		PPP1R9A		898438	772064	874602	634793	706128	571342	586837	589959
Q9ULK4	Q9ULK4		MED23		1.51523e+06	3.30247e+06	2.10837e+06	3.91078e+06	1.77732e+06	2.18175e+06	2.2453e+06	1.95211e+06
Q9ULK5	Q9ULK5		VANGL2		3.18314e+06	1.41883e+06	2.40966e+06	2.15252e+06	1.87384e+06	4.13406e+06	1.8709e+06	1.94577e+06
Q9ULK6	Q9ULK6		RNF150		1.72126e+06	1.20412e+06	1.57632e+06	1.11671e+06		1.57071e+06	1.62004e+06	1.88326e+06
Q9ULL0	Q9ULL0		KIAA1210		1.80135e+06	2.11524e+06	1.8334e+06	1.87488e+06	1.81593e+06	2.48796e+06	1.70719e+06	2.66607e+06
Q9ULM6	Q9ULM6		CNOT6		1.59897e+06	2.02773e+06	1.89133e+06	2.15103e+06	1.97575e+06	1.35217e+06	1.88704e+06	1.26667e+06
Q9ULP9	Q9ULP9		TBC1D24		2.22864e+06	3.42292e+06	3.54164e+06	4.90795e+06	2.25504e+06	3.0912e+06	3.10594e+06	2.48264e+06
Q9ULQ0	Q9ULQ0		STRIP2		247970	121960	377766	272333	224006	253721	254269	69559.5
Q9ULQ1	Q9ULQ1		TPCN1		2.42652e+06	4.59336e+06	2.3484e+06	2.47758e+06	2.87435e+06	3.13472e+06	2.06906e+06	3.77528e+06
Q9ULR0	Q9ULR0		ISY1		1.01292e+06	3.08378e+06	2.33684e+06	3.8546e+06	1.73068e+06	2.68521e+06	2.30175e+06	2.9189e+06
Q9ULS5	Q9ULS5		TMCC3		6.68214e+06	4.79621e+06	8.59919e+06	9.52712e+06	6.45722e+06	9.0223e+06	7.19001e+06	6.62914e+06
Q9ULT8	Q9ULT8		HECTD1		5.29167e+06	7.42733e+06	8.54439e+06	1.17782e+07	5.18032e+06	1.03816e+07	6.9941e+06	7.18955e+06
Q9ULU4	Q9ULU4		ZMYND8		697802	2.64459e+06	1.60756e+06	4.28802e+06	1.73406e+06	1.49501e+06	2.80806e+06	1.25368e+06
Q9ULV0	Q9ULV0		MYO5B		2.88366e+06	4.57067e+06	3.0548e+06	2.45336e+06	3.02722e+06	2.80405e+06	3.84153e+06	3.28083e+06
Q9ULV4	Q9ULV4		CORO1C		2.4534e+07	2.3568e+07	2.92283e+07	3.1265e+07	1.99259e+07	2.79945e+07	3.30258e+07	2.69385e+07
Q9ULW0	Q9ULW0		TPX2		2.42987e+06	2.25307e+06	2.43905e+06	2.56976e+06	2.12669e+06	2.00002e+06	3.21266e+06	2.12514e+06
Q9ULW3	Q9ULW3		ABT1		725963	1.46523e+06	647856	975667	857834	823868	1.05303e+06	1.09186e+06
Q9ULX3	Q9ULX3		NOB1		8.28022e+06	8.50707e+06	1.16901e+07	1.28135e+07	8.74281e+06	9.85842e+06	9.60409e+06	8.235e+06
Q9ULX6	Q9ULX6		AKAP8L		2.10057e+06	3.42027e+06	2.62744e+06	3.97102e+06	2.07527e+06	3.12069e+06	2.75522e+06	2.83724e+06
Q9ULZ3	Q9ULZ3		PYCARD		5.04102e+06	1.43416e+07	4.25505e+06	4.83061e+06	4.40796e+06	3.93642e+06	5.54518e+06	5.60267e+06
Q9UM00	Q9UM00		TMCO1		7.71819e+07	6.82952e+07	8.4732e+07	7.69102e+07	7.7109e+07	1.31307e+08	7.09394e+07	1.05977e+08
Q9UM22	Q9UM22		EPDR1		2.49913e+07	1.2719e+07	2.38817e+07	1.48967e+07	2.19404e+07	2.036e+07	2.60662e+07	1.77664e+07
Q9UM54	Q9UM54		MYO6		7.53712e+07	6.58688e+07	9.19203e+07	7.9079e+07	6.33513e+07	7.71242e+07	6.79928e+07	6.07001e+07
Q9UMF0	Q9UMF0		ICAM5		2.12475e+06	2.25025e+06	2.01774e+06	1.48455e+06	2.4934e+06	1.29749e+06	2.44233e+06	1.36178e+06
Q9UMR5	Q9UMR5		PPT2		1.07681e+07	4.4896e+06	8.93837e+06	3.74025e+06	1.56638e+07	9.34944e+06	1.23457e+07	9.04908e+06
Q9UMS0	Q9UMS0		NFU1		2.63614e+07	9.976e+06	2.29792e+07	6.0548e+06	2.7315e+07	1.37829e+07	2.46557e+07	1.32635e+07
Q9UMS4	Q9UMS4		PRPF19		1.06379e+07	3.21828e+07	1.93382e+07	3.62417e+07	1.77418e+07	1.54841e+07	2.52758e+07	1.50224e+07
Q9UMX0	Q9UMX0		UBQLN1		3.42532e+07	3.82784e+07	3.30598e+07	3.64907e+07	3.24489e+07	3.37981e+07	3.91506e+07	3.55837e+07
Q9UMX1	Q9UMX1		SUFU		952014	1.46318e+06	1.16796e+06	1.74285e+06	972012	1.07776e+06	1.25406e+06	1.15647e+06
Q9UMX3	Q9UMX3		BOK		7.30547e+06	9.25015e+06	6.90016e+06	7.60783e+06	9.63112e+06	9.17797e+06	8.23666e+06	1.1501e+07
Q9UMX5	Q9UMX5		NENF		2.30628e+07	7.59006e+06	2.28957e+07	1.12081e+07	2.1314e+07	1.83063e+07	1.46058e+07	9.62023e+06
Q9UMY1	Q9UMY1		NOL7		3.17599e+06	3.15407e+06	3.4245e+06	3.86024e+06	2.91344e+06	3.45675e+06	3.63724e+06	3.35535e+06
Q9UMY4	Q9UMY4		SNX12		5.07008e+07	5.82762e+07	5.75589e+07	6.25756e+07	5.66043e+07	4.59294e+07	5.51481e+07	5.15023e+07
Q9UMZ2	Q9UMZ2		SYNRG		1.03397e+07	1.15894e+07	1.45289e+07	1.19243e+07	1.00759e+07	1.05977e+07	1.36285e+07	1.34544e+07
Q9UN36	Q9UN36		NDRG2		1.30424e+06	4.0137e+06	1.42538e+06	1.68875e+06	806747	1.27426e+06	1.13286e+06	1.33053e+06
Q9UN37	Q9UN37		VPS4A		1.46411e+07	1.77578e+07	2.35481e+07	2.66543e+07	1.58274e+07	2.21917e+07	2.05418e+07	2.116e+07
Q9UN70	Q9UN70		PCDHGC3		2.57461e+06	1.55912e+06	2.17632e+06	2.08459e+06	2.14655e+06	2.32769e+06	2.41849e+06	2.50188e+06
Q9UN86	Q9UN86		G3BP2		6.42567e+06	5.88436e+06	7.38529e+06	6.09206e+06	5.37256e+06	3.66671e+06	6.78113e+06	3.53804e+06
Q9UNA1	Q9UNA1		ARHGAP26		3.05378e+06	2.52391e+06	2.2282e+06	2.09772e+06	3.14955e+06	1.40782e+06	2.48712e+06	1.63282e+06
Q9UNA4	Q9UNA4		POLI		362585	1.39125e+06	641606	1.27231e+06	774982	499619	1.19031e+06	767628
Q9UNE7	Q9UNE7		STUB1		2.94969e+07	1.94852e+07	2.77387e+07	2.35261e+07	2.66451e+07	3.33138e+07	2.21896e+07	2.61843e+07
Q9UNF0	Q9UNF0		PACSIN2		1.49207e+07	1.63811e+07	1.22819e+07	1.40695e+07	1.50189e+07	1.29393e+07	1.38932e+07	1.48319e+07
Q9UNF1	Q9UNF1		MAGED2		1.05106e+07	1.41912e+07	1.73902e+07	2.32654e+07	8.22219e+06	1.31127e+07	1.31672e+07	1.0227e+07
Q9UNH6	Q9UNH6		SNX7		2.77346e+06	2.72444e+06	3.81722e+06	4.26375e+06	2.14661e+06	2.38456e+06	2.34306e+06	1.86149e+06
Q9UNH7	Q9UNH7		SNX6		2.08686e+07	2.4122e+07	2.48585e+07	2.87124e+07	2.01046e+07	2.11258e+07	2.09504e+07	1.82096e+07
Q9UNI6	Q9UNI6		DUSP12		4.48608e+06	7.75798e+06	7.49663e+06	1.02261e+07	5.00898e+06	8.96211e+06	7.69929e+06	7.66783e+06
Q9UNK0	Q9UNK0		STX8		1.79612e+07	1.82196e+07	1.65377e+07	1.58194e+07	2.48739e+07	2.13629e+07	2.11128e+07	2.92749e+07
Q9UNK9	Q9UNK9		ANGEL1		3.88509e+06	4.18785e+06	4.95944e+06	4.91441e+06	5.54904e+06	5.44831e+06	5.39952e+06	5.02439e+06
Q9UNL2	Q9UNL2		SSR3		4.24871e+07	4.63164e+07	5.22292e+07	6.82547e+07	7.05105e+07	7.55608e+07	5.62516e+07	8.41489e+07
Q9UNM6	Q9UNM6		PSMD13		1.3741e+07	2.59609e+07	2.15138e+07	2.99917e+07	1.57648e+07	1.83604e+07	2.10096e+07	1.88402e+07
Q9UNN5	Q9UNN5		FAF1		8.73264e+06	2.56499e+07	2.2739e+07	3.78644e+07	9.51987e+06	1.69387e+07	1.90951e+07	1.31629e+07
Q9UNN8	Q9UNN8		PROCR		7.66824e+07	4.09905e+07	7.21727e+07	4.66217e+07	5.80374e+07	8.19222e+07	6.81578e+07	5.66949e+07
Q9UNP4	Q9UNP4		ST3GAL5		3.6243e+06	3.82145e+06	4.82094e+06	4.74398e+06	3.55685e+06	7.96005e+06	4.09172e+06	5.69219e+06
Q9UNP9	Q9UNP9		PPIE		5.10835e+06	9.67816e+06	8.38944e+06	1.07476e+07	5.18293e+06	8.12083e+06	7.68503e+06	8.62364e+06
Q9UNQ0	Q9UNQ0		ABCG2		4.47363e+06	4.58903e+06	5.84052e+06	6.07738e+06	4.7916e+06	6.2947e+06	7.08434e+06	7.7154e+06
Q9UNQ2	Q9UNQ2		DIMT1		3.41246e+06	7.60012e+06	5.20061e+06	7.59665e+06	4.11338e+06	6.09267e+06	6.0531e+06	5.24637e+06
Q9UNS1	Q9UNS1		TIMELESS		2.67485e+06	6.24128e+06	5.82086e+06	9.15944e+06	3.01969e+06	6.12488e+06	4.8955e+06	5.19884e+06
Q9UNS2	Q9UNS2		COPS3		5.09496e+06	1.10842e+07	9.6701e+06	1.36759e+07	6.12646e+06	8.94063e+06	9.54647e+06	8.05939e+06
Q9UNW1	Q9UNW1		MINPP1		1.46366e+07	7.59923e+06	1.26467e+07	9.27276e+06	2.03506e+07	1.34031e+07	1.0848e+07	8.57758e+06
Q9UNX3	Q9UNX3		RPL26L1		3.64136e+06	3.20806e+06	4.83314e+06	4.63952e+06	3.23592e+06	3.66876e+06	3.82872e+06	3.13004e+06
Q9UNX4	Q9UNX4		WDR3		5.11543e+06	8.74738e+06	7.46055e+06	9.51605e+06	5.87153e+06	5.97912e+06	8.00905e+06	5.16576e+06
Q9UNY4	Q9UNY4		TTF2		5.46879e+06	5.13077e+06	5.74195e+06	5.73588e+06	5.77284e+06	5.56062e+06	5.05384e+06	4.45817e+06
Q9UNZ2	Q9UNZ2		NSFL1C		4.71193e+06	1.12712e+07	6.80102e+06	8.1687e+06	4.71683e+06	6.25852e+06	7.31072e+06	7.32453e+06
Q9UP38	Q9UP38		FZD1		1.17664e+07	1.12875e+07	9.89976e+06	9.84191e+06	1.14579e+07	1.05323e+07	1.03047e+07	1.25796e+07
Q9UP83	Q9UP83		COG5		3.88023e+06	4.97764e+06	4.65471e+06	5.09387e+06	3.80307e+06	3.00602e+06	3.72553e+06	2.78205e+06
Q9UP95	Q9UP95		SLC12A4		1.04449e+07	1.02513e+07	1.19205e+07	1.15753e+07	7.89719e+06	1.2539e+07	9.81164e+06	1.09395e+07
Q9UPM8	Q9UPM8		AP4E1		1.17395e+06	1.5244e+06	1.73227e+06	1.98e+06	1.15086e+06	1.31092e+06	1.27429e+06	1.21495e+06
Q9UPN3	Q9UPN3		MACF1		1.95224e+08	1.50637e+08	1.86121e+08	1.84208e+08	1.55819e+08	1.39114e+08	1.4891e+08	1.18115e+08
Q9UPN4	Q9UPN4		CEP131		317759	390636	552535	504287	445498	307712	346821	394728
Q9UPN6	Q9UPN6		SCAF8		4.21308e+06	7.22495e+06	7.19074e+06	1.02586e+07	4.87146e+06	7.64218e+06	5.87067e+06	6.54165e+06
Q9UPN7	Q9UPN7		PPP6R1		6.27994e+06	9.20979e+06	7.9825e+06	8.75315e+06	6.321e+06	6.56465e+06	7.8968e+06	6.89112e+06
Q9UPN9	Q9UPN9		TRIM33		996211	2.38913e+06	2.02523e+06	3.4044e+06	1.25411e+06	2.04236e+06	1.69948e+06	1.94079e+06
Q9UPQ0	Q9UPQ0		LIMCH1		1.48824e+06	1.53522e+06	1.61889e+06	1.41875e+06	1.42972e+06	1.49112e+06	1.9856e+06	1.52025e+06
Q9UPQ3	Q9UPQ3		AGAP1		2.58042e+06	2.77904e+06	2.53667e+06	2.31657e+06	3.00539e+06	1.41706e+06	2.96363e+06	1.52509e+06
Q9UPQ8	Q9UPQ8		DOLK		2.12103e+06	1.61804e+06	1.93127e+06	2.48499e+06	1.98313e+06	2.78068e+06	2.20791e+06	2.51357e+06
Q9UPQ9	Q9UPQ9		TNRC6B		724256	711074	707143	597386	670285	356756	832825	539771
Q9UPR3	Q9UPR3		SMG5		951098	1.15028e+06	1.17019e+06	1.3267e+06	1.07604e+06	991553	1.10151e+06	674655
Q9UPT5	Q9UPT5		EXOC7		1.15029e+07	1.05469e+07	9.90587e+06	1.19697e+07	1.00447e+07	8.0582e+06	8.94626e+06	8.07875e+06
Q9UPT6	Q9UPT6		MAPK8IP3		2.39819e+07	2.14787e+07	2.47752e+07	2.06686e+07		2.9896e+07		2.86122e+07
Q9UPT8	Q9UPT8		ZC3H4		681064	1.91057e+06	932700	2.01318e+06	922051	1.40843e+06	1.04595e+06	1.85237e+06
Q9UPT9	Q9UPT9		USP22		1.13818e+06	2.3898e+06	1.66682e+06	2.19773e+06	1.12629e+06	3.62806e+06	1.67649e+06	3.21458e+06
Q9UPU5	Q9UPU5		USP24		2.0189e+07	3.01217e+07	3.42949e+07	4.25531e+07	1.88825e+07	2.5164e+07	2.76082e+07	2.11207e+07
Q9UPU7	Q9UPU7		TBC1D2B		7.12046e+06	8.07105e+06	7.89499e+06	8.12646e+06	7.37813e+06	8.0896e+06	7.18152e+06	6.61518e+06
Q9UPU9	Q9UPU9		SAMD4A		7.13926e+06	6.25575e+06	8.16426e+06	7.12986e+06	6.94177e+06	6.08792e+06	6.37395e+06	5.83523e+06
Q9UPV0	Q9UPV0		CEP164		8.51995e+06	7.18256e+06	8.99401e+06	6.51767e+06	8.36559e+06	6.92263e+06	7.65185e+06	9.02533e+06
Q9UPV9	Q9UPV9		TRAK1		241215	352715		292766	375592	166102	332346	210578
Q9UPW0	Q9UPW0		FOXJ3		1.29115e+06	3.29497e+06	2.56076e+06	3.68901e+06	2.21857e+06	1.38617e+06	3.57932e+06	1.96562e+06
Q9UPW5	Q9UPW5		AGTPBP1		1.08416e+06	1.7252e+06	1.60475e+06	2.17197e+06	1.32425e+06	1.11471e+06	1.56553e+06	1.2116e+06
Q9UPW6	Q9UPW6		SATB2		1.59113e+06	5.0843e+06	3.61737e+06	9.29104e+06	2.99406e+06	3.08142e+06	4.99484e+06	3.27846e+06
Q9UPX8	Q9UPX8		SHANK2		2.68183e+06	1.58734e+06	2.02141e+06	1.94973e+06	2.02557e+06	1.10776e+06	1.54065e+06	1.56481e+06
Q9UPY3	Q9UPY3		DICER1		4.38304e+06	5.59733e+06	6.14607e+06	8.20095e+06	4.57332e+06	4.76207e+06	4.81148e+06	3.83889e+06
Q9UPY5	Q9UPY5		SLC7A11		2.9994e+06	8.93238e+06	5.56525e+06	5.19059e+06	2.41891e+06	5.94746e+06	5.5364e+06	7.14968e+06
Q9UPY6	Q9UPY6		WASF3		1.73849e+06	986822	1.53394e+06	1.10719e+06	1.66006e+06	1.40724e+06	1.52059e+06	1.1566e+06
Q9UPY8	Q9UPY8		MAPRE3		8.31983e+06	3.89932e+06	6.47892e+06	3.7543e+06	5.65263e+06	4.41174e+06	7.04957e+06	4.8481e+06
Q9UPZ3	Q9UPZ3		HPS5		213967	244448	297051	356727	235377	276235	290214	223069
Q9UQ03	Q9UQ03		CORO2B		5.93188e+06	6.99702e+06	6.17941e+06	8.28572e+06	4.36797e+06	5.52322e+06	5.54323e+06	4.27687e+06
Q9UQ13	Q9UQ13		SHOC2		6.54416e+06	9.06138e+06	9.19262e+06	8.51592e+06	6.5404e+06	8.20678e+06	8.54564e+06	7.5401e+06
Q9UQ16	Q9UQ16		DNM3		3.44115e+06	3.67201e+06	3.605e+06	3.13218e+06	5.69958e+06	2.90603e+06	4.06766e+06	3.73614e+06
Q9UQ35	Q9UQ35		SRRM2		3.09695e+06	9.05841e+06	4.539e+06	6.3993e+06	4.61067e+06	3.51663e+06	5.42403e+06	4.91867e+06
Q9UQ49	Q9UQ49		NEU3		3.29708e+06	4.42015e+06	3.67884e+06	2.89738e+06	4.88877e+06	2.6956e+06	4.5512e+06	2.12016e+06
Q9UQ53	Q9UQ53		MGAT4B		1.14226e+07	1.6317e+07	1.36457e+07	1.38518e+07	1.68145e+07	1.57074e+07	1.36289e+07	1.47348e+07
Q9UQ80	Q9UQ80		PA2G4		4.23712e+07	4.41013e+07	4.67814e+07	3.92896e+07	4.17188e+07	3.61702e+07	4.9225e+07	3.72844e+07
Q9UQ90	Q9UQ90		SPG7		4.88809e+06	4.92832e+06	4.2619e+06	4.09963e+06	5.48352e+06	4.39728e+06	4.17483e+06	4.4109e+06
Q9UQB8	Q9UQB8		BAIAP2		2.23737e+07	1.94499e+07	1.87014e+07	1.48546e+07	2.49383e+07	1.92777e+07	2.20896e+07	2.14978e+07
Q9UQE7	Q9UQE7		SMC3		2.98593e+07	3.68159e+07	3.47716e+07	4.87254e+07	2.52341e+07	3.48845e+07	3.36142e+07	2.96404e+07
Q9UQM7	Q9UQM7		CAMK2A			86554.6	70072.4	80025.1	66024.9		78130.6	89051.8
Q9UQN3	Q9UQN3		CHMP2B		2.6886e+06	3.24636e+06	2.87122e+06	2.41806e+06	2.80436e+06	2.05562e+06	3.42114e+06	2.77257e+06
Q9UQQ2	Q9UQQ2		SH2B3		1.16829e+06	2.43144e+06	1.91651e+06	4.16305e+06	1.16714e+06	1.99808e+06	2.23266e+06	1.81348e+06
Q9UQR1	Q9UQR1		ZNF148		641977	1.11059e+06	848071	1.12614e+06	967111	683886	1.33165e+06	673676
Q9Y217	Q9Y217		MTMR6		1.82744e+06	1.55619e+06	1.62867e+06	1.77624e+06	1.36421e+06	1.53081e+06	1.47997e+06	1.43471e+06
Q9Y219	Q9Y219		JAG2		193091	44385.9	154510	107237	126782	189638	78174.7	93206.6
Q9Y221	Q9Y221		NIP7		1.97321e+06	5.8218e+06	4.172e+06	6.1725e+06	3.39624e+06	4.43953e+06	4.7708e+06	3.95893e+06
Q9Y223	Q9Y223		GNE		2.49366e+07	2.94053e+07	3.0934e+07	3.8942e+07	2.10894e+07	2.68245e+07	3.35133e+07	2.96285e+07
Q9Y224	Q9Y224		RTRAF		9.56178e+06	1.66011e+07	1.34444e+07	1.78055e+07	1.05522e+07	1.20029e+07	1.39324e+07	1.18061e+07
Q9Y230	Q9Y230		RUVBL2		2.19735e+07	5.18952e+07	3.97688e+07	6.04508e+07	2.77139e+07	2.96433e+07	4.57591e+07	3.14748e+07
Q9Y232	Q9Y232		CDYL		2.82628e+06	2.57835e+06	3.57919e+06	2.5081e+06	2.34986e+06	1.7162e+06	2.92258e+06	1.7789e+06
Q9Y233	Q9Y233		PDE10A		1.40086e+06	1.03058e+06	1.13218e+06	1.02742e+06	1.19921e+06	1.16811e+06	1.07766e+06	991365
Q9Y234	Q9Y234		LIPT1		3.08642e+06	2.61589e+06	2.93232e+06	2.02942e+06	3.67485e+06	2.97198e+06	3.20421e+06	3.57791e+06
Q9Y237	Q9Y237		PIN4		1.14015e+07	1.50777e+07	1.01338e+07	1.23048e+07	1.43707e+07	1.36338e+07	1.46605e+07	1.82019e+07
Q9Y241	Q9Y241		HIGD1A		1.12468e+08	1.31967e+08	1.03942e+08	1.17186e+08	1.44412e+08	2.85266e+08	9.83402e+07	2.43598e+08
Q9Y243	Q9Y243		AKT3		591968	891309	933492	1.1991e+06	608511	916578	673531	560550
Q9Y247	Q9Y247		FAM50B		3.31534e+06	5.12394e+06	4.86977e+06	3.84947e+06	3.01607e+06	3.29623e+06	3.51173e+06	2.64735e+06
Q9Y250	Q9Y250		LZTS1		4.71454e+06	4.45195e+06	4.05278e+06	2.23764e+06	8.66108e+06	8.02477e+06	6.2224e+06	9.64708e+06
Q9Y251	Q9Y251		HPSE		7.83246e+06	1.66731e+07	1.05011e+07	8.20817e+06	1.32289e+07	1.58685e+07	1.09808e+07	1.36287e+07
Q9Y255	Q9Y255		PRELID1		3.27063e+06	2.75056e+06	3.88006e+06	3.33061e+06	4.68756e+06	1.1848e+07	4.17656e+06	1.16881e+07
Q9Y256	Q9Y256		RCE1		2.24142e+07	2.0781e+07	2.51436e+07	2.95381e+07	2.65919e+07	3.49398e+07	2.60173e+07	2.97063e+07
Q9Y257	Q9Y257		KCNK6		2.96871e+06	1.30264e+06	2.46587e+06	2.10337e+06	2.069e+06	3.6423e+06	1.98035e+06	2.39554e+06
Q9Y259	Q9Y259		CHKB		738172	567222	714244	461129	949854	582130	888914	558178
Q9Y261	Q9Y261		FOXA2					822381	544919		808837	942947
Q9Y262	Q9Y262		EIF3L		1.43131e+07	2.43825e+07	2.12141e+07	3.16638e+07	1.35405e+07	1.71775e+07	1.82663e+07	1.58236e+07
Q9Y263	Q9Y263		PLAA		8.57958e+06	2.83426e+07	1.63472e+07	2.68689e+07	1.04281e+07	1.41865e+07	1.61383e+07	1.52821e+07
Q9Y265	Q9Y265		RUVBL1		2.33244e+07	5.13721e+07	4.11086e+07	5.64456e+07	2.83949e+07	3.14862e+07	4.46602e+07	3.01047e+07
Q9Y266	Q9Y266		NUDC		3.14591e+07	5.97737e+07	5.3866e+07	6.68379e+07	3.99859e+07	4.71446e+07	5.52392e+07	5.33634e+07
Q9Y274	Q9Y274		ST3GAL6		2.64847e+06	2.95669e+06	3.67731e+06	4.34286e+06	5.14717e+06	3.83724e+06	5.06436e+06	3.60619e+06
Q9Y276	Q9Y276		BCS1L		3.5853e+07	3.49962e+07	3.70859e+07	3.60379e+07	4.12982e+07	5.11453e+07	3.86545e+07	4.8631e+07
Q9Y277	Q9Y277		VDAC3		1.29147e+08	1.55711e+08	1.17458e+08	1.22134e+08	1.44305e+08	1.81311e+08	1.55076e+08	2.30506e+08
Q9Y281	Q9Y281		CFL2		6.65163e+06	4.17339e+06	6.46548e+06	6.24432e+06	3.59368e+06	9.778e+06	5.99772e+06	5.21051e+06
Q9Y282	Q9Y282		ERGIC3		1.43264e+07	1.53646e+07	1.58617e+07	1.81572e+07	1.79096e+07	2.49276e+07	1.59136e+07	1.85645e+07
Q9Y285	Q9Y285		FARSA		2.14806e+07	2.71449e+07	2.42437e+07	2.39397e+07	2.32779e+07	1.74657e+07	2.64705e+07	1.83452e+07
Q9Y287	Q9Y287		ITM2B		7.1952e+06	9.46172e+06	7.32442e+06	7.07124e+06	6.61657e+06	1.11896e+07	1.00312e+07	1.34769e+07
Q9Y289	Q9Y289		SLC5A6		3.63003e+07	2.67114e+07	4.21699e+07	3.4154e+07	3.22415e+07	7.17744e+07	3.06454e+07	4.64199e+07
Q9Y291	Q9Y291		MRPS33		3.66337e+07	1.08288e+07	2.83686e+07	1.09768e+07	2.74298e+07	2.00764e+07	2.47282e+07	1.90479e+07
Q9Y294	Q9Y294		ASF1A		1.1789e+06	4.18778e+06	3.23183e+06	7.84969e+06	1.5197e+06	4.53628e+06	3.00245e+06	2.85532e+06
Q9Y295	Q9Y295		DRG1		1.70207e+07	2.02508e+07	2.15267e+07	2.19037e+07	1.88373e+07	1.3406e+07	2.28616e+07	1.38322e+07
Q9Y296	Q9Y296		TRAPPC4		3.92124e+06	4.58445e+06	4.17543e+06	3.87603e+06	4.85623e+06	4.87757e+06	4.77201e+06	5.34817e+06
Q9Y2A7	Q9Y2A7		NCKAP1		2.37288e+07	2.3834e+07	2.41078e+07	2.55706e+07	1.95291e+07	2.40705e+07	2.17104e+07	2.08773e+07
Q9Y2B0	Q9Y2B0		CNPY2		5.14641e+07	2.40828e+07	4.21253e+07	2.1884e+07	6.9451e+07	3.44022e+07	4.10449e+07	3.05865e+07
Q9Y2B1	Q9Y2B1		RXYLT1		3.19988e+06	3.95955e+06	3.96992e+06	3.55338e+06	4.4828e+06	5.5518e+06	3.77041e+06	5.34957e+06
Q9Y2B2	Q9Y2B2		PIGL		3.10774e+06	4.27484e+06	4.17872e+06	3.88196e+06	4.75088e+06	5.12024e+06	5.55368e+06	5.3125e+06
Q9Y2C2	Q9Y2C2		UST		1.15731e+06	1.8399e+06	1.58967e+06	1.59745e+06	1.55177e+06	1.97459e+06	1.86042e+06	2.2944e+06
Q9Y2C3	Q9Y2C3		B3GALT5			1.32383e+06		1.33245e+06	1.35176e+06	2.30979e+06	1.6622e+06	1.48096e+06
Q9Y2C4	Q9Y2C4		EXOG		6.9087e+06	8.29537e+06	6.12178e+06	7.13182e+06	7.14495e+06	1.22656e+07	6.33385e+06	1.31047e+07
Q9Y2D2	Q9Y2D2		SLC35A3		6.58652e+06	7.74353e+06	6.03872e+06	6.98012e+06	1.06589e+07	1.05158e+07	7.82069e+06	1.50783e+07
Q9Y2D4	Q9Y2D4		EXOC6B		8.85213e+06	9.04315e+06	8.30264e+06	8.85182e+06	6.95105e+06	6.24265e+06	7.1607e+06	6.73228e+06
Q9Y2D5	Q9Y2D5		PALM2AKAP2		2.40559e+07	1.32704e+07	1.92356e+07	1.41529e+07	2.24751e+07	1.4982e+07	1.8451e+07	1.47757e+07
Q9Y2E4	Q9Y2E4		DIP2C		8.06731e+06	3.2358e+06	6.08517e+06	4.83908e+06	6.548e+06	5.11655e+06	4.54949e+06	4.06426e+06
Q9Y2E5	Q9Y2E5		MAN2B2		3.10021e+06	1.79602e+06	1.87464e+06	1.08359e+06	3.12433e+06	1.82974e+06	2.93509e+06	1.88657e+06
Q9Y2E8	Q9Y2E8		SLC9A8		568103	671538	835187	848805	680256	894798	675159	563621
Q9Y2G1	Q9Y2G1		MYRF		1.34816e+06	904587	1.58267e+06	1.31589e+06	1.0499e+06	1.6807e+06	1.50655e+06	1.46886e+06
Q9Y2G2	Q9Y2G2		CARD8		2.2802e+06	2.05617e+06	1.90355e+06	3.33567e+06	2.59316e+06	3.29277e+06	2.61106e+06	4.20735e+06
Q9Y2G3	Q9Y2G3		ATP11B		4.45768e+06	3.8053e+06	3.98069e+06	4.33938e+06	3.02155e+06	4.22116e+06	3.20837e+06	3.72459e+06
Q9Y2G5	Q9Y2G5		POFUT2		9.81287e+06	5.06631e+06	8.69916e+06	4.54141e+06	1.53829e+07	6.19472e+06	9.74668e+06	5.4962e+06
Q9Y2G8	Q9Y2G8		DNAJC16		3.86205e+06	4.26789e+06	4.57392e+06	4.80793e+06	3.0781e+06	7.35499e+06	3.85857e+06	5.4052e+06
Q9Y2H0	Q9Y2H0		DLGAP4		6.61627e+06	3.55649e+06	5.88696e+06	4.25591e+06	6.47965e+06	5.61059e+06	5.57449e+06	4.73104e+06
Q9Y2H1	Q9Y2H1		STK38L		999489	2.71548e+06	1.52868e+06	2.18828e+06	1.65173e+06	1.4179e+06	1.64125e+06	1.54244e+06
Q9Y2H2	Q9Y2H2		INPP5F		2.49678e+07	4.1523e+07	3.20879e+07	4.42153e+07	1.94882e+07	2.62778e+07	3.16679e+07	2.90144e+07
Q9Y2H6	Q9Y2H6		FNDC3A		4.34704e+07	3.88083e+07	4.65543e+07	4.81129e+07	4.19484e+07	6.11138e+07	3.86086e+07	4.79534e+07
Q9Y2I1	Q9Y2I1		NISCH		2.61942e+06	2.89397e+06	3.23847e+06	4.01169e+06	2.72283e+06	2.96301e+06	3.26332e+06	3.04036e+06
Q9Y2I2	Q9Y2I2		NTNG1		2.64476e+06	1.4253e+06	2.39565e+06	1.56478e+06	1.71205e+06	1.97426e+06	1.5173e+06	1.11658e+06
Q9Y2I6	Q9Y2I6		NINL		613516		457029		894194	391296	794151	1.16753e+06
Q9Y2I7	Q9Y2I7		PIKFYVE		3.534e+06	4.02438e+06	4.13878e+06	4.89736e+06	3.26523e+06	2.85881e+06	3.6384e+06	2.57307e+06
Q9Y2I8	Q9Y2I8		WDR37		984281	641569	946152	1.00129e+06		670652	507017	1.11524e+06
Q9Y2J2	Q9Y2J2		EPB41L3		2.45209e+08	1.7397e+08	2.57901e+08	2.02211e+08	2.30805e+08	2.2624e+08	2.6293e+08	2.18698e+08
Q9Y2J4	Q9Y2J4		AMOTL2		4.71729e+06	5.29596e+06	5.58534e+06	4.3197e+06	5.1414e+06	6.24516e+06	4.94436e+06	7.07035e+06
Q9Y2K6	Q9Y2K6		USP20		5.85933e+06	5.0647e+06	5.90078e+06	5.05755e+06	6.13554e+06	7.44086e+06	6.77492e+06	7.72056e+06
Q9Y2K7	Q9Y2K7		KDM2A		200618	111675	145032	155908	177723	126295	160624	101263
Q9Y2L1	Q9Y2L1		DIS3		3.20707e+06	8.74539e+06	5.46771e+06	8.16251e+06	4.10853e+06	5.27255e+06	5.61585e+06	5.37084e+06
Q9Y2L5	Q9Y2L5		TRAPPC8		4.76237e+06	6.2293e+06	5.97858e+06	6.11458e+06	4.71114e+06	5.22468e+06	5.81811e+06	5.43651e+06
Q9Y2L9	Q9Y2L9		LRCH1		1.15428e+07	1.22556e+07	1.34916e+07	1.29318e+07	1.15469e+07	9.01775e+06	1.04978e+07	9.26527e+06
Q9Y2M5	Q9Y2M5		KLHL20		229506	231613	314395	321768	236761	414436	271395	344211
Q9Y2P8	Q9Y2P8		RCL1		2.06207e+06	3.87852e+06	2.7445e+06	3.67398e+06	2.90265e+06	2.36229e+06	3.68606e+06	2.89782e+06
Q9Y2Q0	Q9Y2Q0		ATP8A1		1.18125e+06	977132	1.31631e+06	887826	732654	688535	1.11346e+06	692227
Q9Y2Q3	Q9Y2Q3		GSTK1		6.69358e+07	5.43361e+07	4.83715e+07	2.88614e+07	9.20814e+07	4.8187e+07	6.39885e+07	5.93991e+07
Q9Y2Q5	Q9Y2Q5		LAMTOR2		2.51663e+07	1.46272e+07	2.08978e+07	1.35708e+07	2.38269e+07	2.0571e+07	2.22085e+07	2.09569e+07
Q9Y2Q9	Q9Y2Q9		MRPS28		7.33689e+07	3.51967e+07	5.81073e+07	2.25607e+07	7.83682e+07	4.18053e+07	6.39888e+07	4.99159e+07
Q9Y2R0	Q9Y2R0		COA3		1.79791e+07	1.60274e+07	1.47695e+07	1.92265e+07	2.69714e+07	2.6473e+07	1.96168e+07	2.28629e+07
Q9Y2R4	Q9Y2R4		DDX52		3.65358e+06	7.36913e+06	5.14816e+06	6.45419e+06	4.17605e+06	4.82347e+06	5.93715e+06	4.80537e+06
Q9Y2R5	Q9Y2R5		MRPS17		2.98771e+07	1.44178e+07	2.13388e+07	8.38202e+06	3.53694e+07	1.69887e+07	2.85256e+07	2.57767e+07
Q9Y2R9	Q9Y2R9		MRPS7		3.37595e+07	1.48867e+07	2.75793e+07	1.09388e+07	3.63957e+07	1.996e+07	2.84785e+07	2.27136e+07
Q9Y2S6	Q9Y2S6		TMA7		7.5924e+06	7.24205e+06	8.33688e+06	8.95792e+06	8.72867e+06	5.84926e+06	1.0459e+07	8.04438e+06
Q9Y2S7	Q9Y2S7		POLDIP2		4.86904e+07	2.97408e+07	4.10063e+07	2.31246e+07	5.78586e+07	4.66434e+07	5.17429e+07	5.21274e+07
Q9Y2T2	Q9Y2T2		AP3M1		1.47379e+07	1.94805e+07	1.92203e+07	2.39986e+07	1.27255e+07	1.827e+07	1.58786e+07	1.60834e+07
Q9Y2T3	Q9Y2T3		GDA		1.66377e+06	2.95575e+06	1.04264e+06	1.19249e+06	1.18786e+06	1.01742e+06	1.26868e+06	8.98059e+06
Q9Y2U8	Q9Y2U8		LEMD3		9.10718e+06	9.45754e+06	7.52041e+06	1.02653e+07	1.15159e+07	1.34697e+07	9.77882e+06	1.24563e+07
Q9Y2V2	Q9Y2V2		CARHSP1		5.50521e+06	7.50412e+06	5.80822e+06	5.35797e+06	5.3368e+06	4.92716e+06	6.78683e+06	4.47712e+06
Q9Y2V7	Q9Y2V7		COG6		4.11648e+06	4.08074e+06	4.35056e+06	5.31885e+06	4.02169e+06	2.81109e+06	3.56961e+06	2.46057e+06
Q9Y2W1	Q9Y2W1		THRAP3		7.88394e+06	1.62594e+07	1.11217e+07	1.75222e+07	8.89279e+06	8.99415e+06	1.09816e+07	8.87136e+06
Q9Y2W2	Q9Y2W2		WBP11		2.72511e+06	5.24169e+06	4.41969e+06	5.34868e+06	3.53688e+06	4.62414e+06	4.46792e+06	4.70233e+06
Q9Y2W6	Q9Y2W6		TDRKH		2.06985e+07	1.87965e+07	1.71697e+07	1.50249e+07	2.69725e+07	2.16181e+07	1.68888e+07	2.12728e+07
Q9Y2X0	Q9Y2X0		MED16		1.20862e+06	3.38933e+06	1.75375e+06	3.7335e+06	1.27121e+06	2.26718e+06	1.83981e+06	1.84705e+06
Q9Y2X3	Q9Y2X3		NOP58		7.48003e+06	2.20023e+07	1.42618e+07	2.46808e+07	1.2101e+07	1.10377e+07	1.5466e+07	1.02757e+07
Q9Y2X7	Q9Y2X7		GIT1		4.61664e+06	5.58684e+06	5.06231e+06	5.29875e+06	4.3616e+06	4.23667e+06	4.51393e+06	3.78532e+06
Q9Y2X9	Q9Y2X9		ZNF281		135548	318333	262441	522819	173761	385467	278879	311750
Q9Y2Y0	Q9Y2Y0		ARL2BP		1.13993e+06	1.55883e+06	1.70307e+06	2.43929e+06	934932	1.60315e+06	1.53604e+06	1.21012e+06
Q9Y2Z0	Q9Y2Z0		SUGT1		1.16748e+07	1.94374e+07	1.84781e+07	2.46225e+07	1.26997e+07	1.68156e+07	1.68668e+07	1.48447e+07
Q9Y2Z2	Q9Y2Z2		MTO1		4.21736e+06	3.33451e+06	4.15091e+06	2.41594e+06	5.18519e+06	3.57929e+06	5.00179e+06	3.76265e+06
Q9Y2Z4	Q9Y2Z4		YARS2		3.26795e+07	2.43401e+07	2.56159e+07	1.6707e+07	3.73726e+07	3.11614e+07	3.2533e+07	3.55661e+07
Q9Y2Z9	Q9Y2Z9		COQ6		5.61067e+07	3.84446e+07	4.6024e+07	2.55996e+07	6.30682e+07	2.75269e+07	5.67799e+07	3.67756e+07
Q9Y303	Q9Y303		AMDHD2		1.53571e+06	1.63777e+06	1.40684e+06	1.08375e+06	1.31108e+06	1.67537e+06	1.97948e+06	2.80303e+06
Q9Y305	Q9Y305		ACOT9		4.21438e+07	1.8584e+07	2.83168e+07	1.18477e+07	3.69768e+07	1.69095e+07	2.40475e+07	1.52816e+07
Q9Y312	Q9Y312		AAR2		2.32339e+06	5.88519e+06	3.82968e+06	5.6206e+06	3.29776e+06	4.47892e+06	3.50662e+06	3.64383e+06
Q9Y314	Q9Y314		NOSIP		2.2387e+06	3.83837e+06	2.89979e+06	2.42121e+06	2.89756e+06	2.0779e+06	3.33932e+06	2.56293e+06
Q9Y315	Q9Y315		DERA		1.24933e+07	1.82357e+07	1.4023e+07	1.576e+07	1.5917e+07	1.32279e+07	1.79585e+07	1.63854e+07
Q9Y316	Q9Y316		MEMO1		4.10393e+06	9.59199e+06	7.07287e+06	1.60396e+07	4.26715e+06	9.5772e+06	6.39729e+06	6.87275e+06
Q9Y320	Q9Y320		TMX2		2.49295e+07	2.89048e+07	3.84761e+07	4.53947e+07	2.86303e+07	9.10708e+07	3.39674e+07	8.09325e+07
Q9Y324	Q9Y324		FCF1		678362	1.53067e+06	1.30007e+06	2.18964e+06	869019	1.43417e+06	1.43794e+06	1.16216e+06
Q9Y333	Q9Y333		LSM2		2.23784e+06	3.15841e+06	2.81815e+06	2.73215e+06	2.73064e+06	2.34084e+06	3.13887e+06	2.31689e+06
Q9Y342	Q9Y342		PLLP		6.3525e+06	5.50051e+06		3.44485e+06	6.63231e+06	5.14028e+06	6.72306e+06	7.16242e+06
Q9Y371	Q9Y371		SH3GLB1		1.34664e+07	1.19553e+07	1.50266e+07	1.43458e+07	9.44921e+06	1.16251e+07	1.11903e+07	8.15395e+06
Q9Y375	Q9Y375		NDUFAF1		1.55412e+07	1.92567e+07	1.55135e+07	1.43244e+07	2.15431e+07	2.41e+07	1.96448e+07	2.65205e+07
Q9Y376	Q9Y376		CAB39		1.86171e+07	3.44716e+07	2.43005e+07	2.93378e+07	2.6666e+07	2.34942e+07	2.65125e+07	2.69996e+07
Q9Y383	Q9Y383		LUC7L2		1.3798e+07	1.86903e+07	1.2292e+07	2.19214e+07	1.60191e+07	2.3489e+07	1.09339e+07	2.18046e+07
Q9Y385	Q9Y385		UBE2J1		1.74457e+07	6.34029e+06	1.78927e+07	1.37393e+07	9.86573e+06	1.8615e+07	9.89317e+06	9.61372e+06
Q9Y394	Q9Y394		DHRS7		3.26369e+07	2.60779e+07	3.45022e+07	3.5411e+07	3.69454e+07	3.73673e+07	2.9563e+07	3.25165e+07
Q9Y399	Q9Y399		MRPS2		5.42799e+07	2.80225e+07	4.38735e+07	2.02923e+07	6.47084e+07	3.51449e+07	5.39392e+07	4.8577e+07
Q9Y3A3	Q9Y3A3		MOB4		1.29528e+07	9.92439e+06	1.39797e+07	1.04365e+07	1.39748e+07	9.68205e+06	1.47626e+07	1.00173e+07
Q9Y3A4	Q9Y3A4		RRP7A		7.52078e+06	9.82699e+06	7.31835e+06	1.06844e+07	8.40438e+06	7.61116e+06	8.42259e+06	8.57277e+06
Q9Y3A5	Q9Y3A5		SBDS		7.85886e+06	1.14006e+07	8.91699e+06	9.54886e+06	8.57983e+06	8.62037e+06	9.22364e+06	8.06832e+06
Q9Y3A6	Q9Y3A6		TMED5		3.74072e+07	3.13361e+07	4.3479e+07	4.62238e+07	3.77876e+07	5.77049e+07	3.345e+07	4.04584e+07
Q9Y3B1	Q9Y3B1		PRELID3B		3.74179e+06	2.61686e+06	3.49056e+06	2.14699e+06	2.57551e+06	4.37546e+06	3.1475e+06	4.01023e+06
Q9Y3B2	Q9Y3B2		EXOSC1		2.25698e+06	6.1293e+06	4.41537e+06	6.82372e+06	3.05208e+06	4.37837e+06	4.40338e+06	4.41424e+06
Q9Y3B3	Q9Y3B3		TMED7		4.9402e+07	6.38014e+07	4.84153e+07	5.88897e+07	7.22116e+07	7.19434e+07	6.0015e+07	8.31252e+07
Q9Y3B4	Q9Y3B4		SF3B6		8.87935e+06	1.94966e+07	1.44741e+07	2.48851e+07	9.97047e+06	1.3596e+07	1.44836e+07	1.21687e+07
Q9Y3B6	Q9Y3B6		EMC9		2.86433e+06	2.8064e+06	3.77991e+06	4.31044e+06	3.0023e+06	6.80463e+06	3.40517e+06	4.96313e+06
Q9Y3B7	Q9Y3B7		MRPL11		9.45305e+07	7.07611e+07	8.46035e+07	5.04276e+07	1.36276e+08	8.84576e+07	1.17298e+08	1.19295e+08
Q9Y3B8	Q9Y3B8		REXO2		2.40099e+07	2.47253e+07	2.34033e+07	1.38341e+07	3.61484e+07	1.43025e+07	3.46822e+07	2.06666e+07
Q9Y3C1	Q9Y3C1		NOP16		1.36599e+06	4.36807e+06	2.20811e+06	3.47834e+06	2.76115e+06	1.83405e+06	3.35203e+06	2.2789e+06
Q9Y3C4	Q9Y3C4		TPRKB		5.6909e+06	5.03799e+06	5.73653e+06	4.31016e+06	5.58744e+06	4.7453e+06	5.22043e+06	5.31806e+06
Q9Y3C5	Q9Y3C5		RNF11		2.38226e+06	1.99955e+06	2.43106e+06	2.56095e+06	2.20914e+06	2.64792e+06	2.36508e+06	2.54734e+06
Q9Y3C6	Q9Y3C6		PPIL1		5.98129e+06	1.10892e+07	8.65616e+06	1.12935e+07	7.59095e+06	9.21301e+06	9.53216e+06	9.85659e+06
Q9Y3C7	Q9Y3C7		MED31		98959.4	324782	107551	296539	142692	133770	193531	150482
Q9Y3C8	Q9Y3C8		UFC1		2.43562e+07	2.3284e+07	2.47664e+07	2.49234e+07	2.2808e+07	2.60163e+07	2.21098e+07	2.46181e+07
Q9Y3D0	Q9Y3D0		CIAO2B		1.70573e+07	2.38828e+07	2.78704e+07	4.04721e+07	1.54032e+07	2.15393e+07	2.41487e+07	1.87587e+07
Q9Y3D2	Q9Y3D2		MSRB2		1.15769e+07	5.23463e+06	9.92932e+06	4.8463e+06	1.10752e+07	5.94828e+06	1.22575e+07	8.62816e+06
Q9Y3D3	Q9Y3D3		MRPS16		3.58165e+07	1.78286e+07	2.7852e+07	1.22445e+07	4.35929e+07	2.31648e+07	3.2424e+07	2.8513e+07
Q9Y3D5	Q9Y3D5		MRPS18C		9.98531e+06	4.19362e+06	7.97148e+06	3.69698e+06	1.15148e+07	6.21658e+06	8.68061e+06	7.1308e+06
Q9Y3D6	Q9Y3D6		FIS1		4.77199e+07	5.86702e+07	4.17033e+07	3.78492e+07	7.63723e+07	4.91079e+07	5.75587e+07	6.21967e+07
Q9Y3D7	Q9Y3D7		PAM16		5.41343e+07	6.63542e+07	6.091e+07	5.5336e+07	6.69191e+07	7.90537e+07	6.79912e+07	1.01235e+08
Q9Y3D8	Q9Y3D8		AK6		1.90854e+07	2.94037e+07	2.61284e+07	3.31991e+07	1.65571e+07	3.20503e+07	2.77313e+07	3.29265e+07
Q9Y3D9	Q9Y3D9		MRPS23		9.00422e+07	4.80335e+07	7.12582e+07	3.28653e+07	9.76096e+07	6.07054e+07	7.78048e+07	7.10125e+07
Q9Y3E0	Q9Y3E0		GOLT1B		4.3306e+07	3.81798e+07	4.15282e+07	4.30496e+07	4.35201e+07	5.69333e+07	3.31802e+07	4.77866e+07
Q9Y3E2	Q9Y3E2		BOLA1		5.99791e+06	3.67715e+06	5.00512e+06	3.25059e+06	8.43786e+06	3.41316e+06	6.01112e+06	3.71715e+06
Q9Y3E5	Q9Y3E5		PTRH2		9.84338e+07	1.11241e+08	1.02028e+08	1.12064e+08	1.22285e+08	1.75776e+08	1.18203e+08	1.5242e+08
Q9Y3E7	Q9Y3E7		CHMP3		3.00317e+06	5.47166e+06	2.92574e+06	4.45668e+06	2.9917e+06	3.61723e+06	2.73763e+06	3.93946e+06
Q9Y3F4	Q9Y3F4		STRAP		1.5075e+07	1.36282e+07	1.59071e+07	1.10696e+07	1.51878e+07	1.05829e+07	1.69073e+07	1.16739e+07
Q9Y3I0	Q9Y3I0		RTCB		2.61342e+07	4.29176e+07	3.44817e+07	4.11129e+07	2.75587e+07	2.93061e+07	3.65017e+07	3.18947e+07
Q9Y3I1	Q9Y3I1		FBXO7		5.72979e+06	1.09156e+07	9.03972e+06	1.35182e+07	6.88741e+06	9.63207e+06	8.64412e+06	9.20776e+06
Q9Y3L3	Q9Y3L3		SH3BP1		6.27345e+06	7.80086e+06	6.88028e+06	8.1069e+06	6.20156e+06	5.57843e+06	6.27056e+06	4.73415e+06
Q9Y3L5	Q9Y3L5		RAP2C		1.76779e+07	1.66001e+07	1.96355e+07	1.89139e+07	1.8806e+07	2.23091e+07	2.12828e+07	2.29952e+07
Q9Y3M8	Q9Y3M8		STARD13		1.94041e+06	2.57313e+06	2.76381e+06	3.23097e+06	1.99968e+06	2.79495e+06	2.51648e+06	2.43988e+06
Q9Y3P9	Q9Y3P9		RABGAP1		2.68718e+06	5.69399e+06	5.09341e+06	6.18087e+06	3.01785e+06	3.75583e+06	4.19463e+06	3.24399e+06
Q9Y3Q3	Q9Y3Q3		TMED3		1.11878e+07	9.34706e+06	1.15924e+07	1.27779e+07	1.1659e+07	1.67303e+07	9.92206e+06	1.25489e+07
Q9Y3R5	Q9Y3R5		DOP1B		133410	230531	210972	224697	190466	59875	139118	107083
Q9Y3S2	Q9Y3S2		ZNF330		824201	721800	976364	973489	1.28289e+06	560350	1.41697e+06	737919
Q9Y3T9	Q9Y3T9		NOC2L		2.00106e+06	6.26629e+06	4.39749e+06	7.76704e+06	3.59106e+06	3.82303e+06	4.9608e+06	3.22358e+06
Q9Y3U8	Q9Y3U8		RPL36		1.72423e+08	1.56553e+08	1.96484e+08	1.82043e+08	1.7378e+08	1.60099e+08	1.77227e+08	1.61629e+08
Q9Y3V2	Q9Y3V2		RWDD3			149169	133439	180697				
Q9Y3X0	Q9Y3X0		CCDC9		1.16617e+06	1.06999e+06	1.17745e+06	758122	971662	545622	1.15725e+06	611666
Q9Y3Y2	Q9Y3Y2		CHTOP		1.52724e+06	3.54173e+06	2.04898e+06	3.30803e+06	2.07585e+06	1.13408e+06	3.40944e+06	1.63469e+06
Q9Y3Z3	Q9Y3Z3		SAMHD1		4.22078e+06	6.66502e+06	4.5258e+06	5.48865e+06	4.64167e+06	5.10033e+06	4.54228e+06	4.60285e+06
Q9Y426	Q9Y426		C2CD2		1.2269e+07	8.03545e+06	1.19978e+07	1.12029e+07	1.28877e+07	9.94542e+06	1.30721e+07	9.85949e+06
Q9Y446	Q9Y446		PKP3		1.68699e+07	3.4896e+07	1.35182e+07	1.12965e+07	1.1052e+07	1.49393e+07	1.00812e+07	1.25303e+07
Q9Y450	Q9Y450		HBS1L		8.72548e+06	1.05355e+07	1.13684e+07	1.41182e+07	8.15307e+06	9.50853e+06	1.08558e+07	7.86775e+06
Q9Y478	Q9Y478		PRKAB1		1.29312e+07	1.461e+07	1.41356e+07	1.47818e+07	1.25376e+07	1.51192e+07	1.45391e+07	1.27572e+07
Q9Y484	Q9Y484		WDR45		672777	757402	855436	1.38844e+06	508748	797476	918066	773982
Q9Y485	Q9Y485		DMXL1		307495	486122	370952	330055	354784	203900	365936	241828
Q9Y487	Q9Y487		ATP6V0A2		9.55734e+06	9.2805e+06	1.18223e+07	1.29409e+07	1.00681e+07	1.63835e+07	1.06709e+07	1.51805e+07
Q9Y490	Q9Y490		TLN1		1.71103e+08	2.08742e+08	1.95177e+08	1.76891e+08	1.9183e+08	1.29248e+08	2.2635e+08	1.51399e+08
Q9Y496	Q9Y496		KIF3A		2.44331e+06	3.38015e+06	2.9225e+06	3.26452e+06	2.76289e+06	1.92231e+06	3.05652e+06	1.90053e+06
Q9Y4A5	Q9Y4A5		TRRAP		5.62716e+06	1.32042e+07	7.69485e+06	1.54273e+07	7.33959e+06	8.37897e+06	9.02689e+06	7.81917e+06
Q9Y4A8	Q9Y4A8		NFE2L3					24414.4				24680
Q9Y4B5	Q9Y4B5		MTCL1		8.32102e+06	1.1825e+07	9.84405e+06	9.77352e+06	8.72544e+06	7.39248e+06	1.07333e+07	7.7728e+06
Q9Y4B6	Q9Y4B6		DCAF1		2.40839e+06	4.62237e+06	2.21534e+06	4.53952e+06	1.54809e+06	2.96473e+06	2.58526e+06	3.00334e+06
Q9Y4C0	Q9Y4C0		NRXN3		6.51819e+06		5.41794e+06		7.24544e+06	5.31604e+06	6.1422e+06	5.54736e+06
Q9Y4C2	Q9Y4C2		TCAF1		3.96788e+06	4.03237e+06	4.38147e+06	4.65227e+06	3.80183e+06	7.80268e+06	4.73534e+06	6.40883e+06
Q9Y4C5	Q9Y4C5		CHST2		2.84144e+06	2.96252e+06	2.98863e+06	3.02961e+06	4.73131e+06	5.91775e+06	3.23659e+06	5.4958e+06
Q9Y4C8	Q9Y4C8		RBM19		1.13317e+06	1.60528e+06	1.45678e+06	2.15212e+06	1.24635e+06	1.23185e+06	1.50421e+06	1.14758e+06
Q9Y4D1	Q9Y4D1		DAAM1		5.36645e+06	5.22465e+06	4.81539e+06	3.81983e+06	4.86532e+06	5.35442e+06	4.00787e+06	4.12266e+06
Q9Y4D2	Q9Y4D2		DAGLA		2.44579e+06	1.71934e+06	1.69535e+06	1.78609e+06	2.06598e+06	2.75784e+06	1.42509e+06	2.06875e+06
Q9Y4D7	Q9Y4D7		PLXND1		5.92163e+06	2.83208e+06	4.98134e+06	3.65356e+06	4.36709e+06	5.18793e+06	3.76594e+06	4.10384e+06
Q9Y4D8	Q9Y4D8		HECTD4		1.05753e+06	1.34388e+06	1.47239e+06	1.34483e+06	1.67793e+06	1.09657e+06	1.68168e+06	1.2442e+06
Q9Y4E1	Q9Y4E1		WASHC2C		3.07888e+06	3.77756e+06	2.64853e+06	2.60498e+06	3.65889e+06	2.4281e+06	3.28303e+06	2.78133e+06
Q9Y4E5	Q9Y4E5		ZNF451		1.84957e+06	2.54833e+06	2.03599e+06	3.1183e+06	1.77542e+06	2.13459e+06	2.01725e+06	2.0937e+06
Q9Y4E6	Q9Y4E6		WDR7		2.17532e+06	2.86578e+06	2.23013e+06	2.51755e+06	2.57229e+06	2.59368e+06	2.3615e+06	2.55561e+06
Q9Y4E8	Q9Y4E8		USP15		1.925e+06	3.09836e+06	2.61285e+06	3.03104e+06	2.03926e+06	2.32849e+06	2.51173e+06	2.35883e+06
Q9Y4F1	Q9Y4F1		FARP1		5.12335e+07	3.20411e+07	4.13829e+07	3.55247e+07	4.2416e+07	3.50834e+07	4.2577e+07	3.58877e+07
Q9Y4F3	Q9Y4F3		MARF1		880476	1.17507e+06	863968	969897	721091	611691	970084	1.00545e+06
Q9Y4F5	Q9Y4F5		CEP170B		1.04122e+06	913803	955933	784311	1.12141e+06	563614	869449	662852
Q9Y4G6	Q9Y4G6		TLN2		3.38232e+07	2.17358e+07	2.71989e+07	2.03223e+07	3.15422e+07	1.96625e+07	2.79e+07	2.16413e+07
Q9Y4G8	Q9Y4G8		RAPGEF2		8.44702e+06	5.78566e+06	6.82898e+06	5.18299e+06	8.58407e+06	6.33686e+06	8.94739e+06	6.2169e+06
Q9Y4I1	Q9Y4I1		MYO5A		8.58202e+06	1.10582e+07	9.29205e+06	9.7713e+06	8.46055e+06	7.3881e+06	8.0379e+06	6.95472e+06
Q9Y4J8	Q9Y4J8		DTNA		1.0117e+07	6.37503e+06	8.82246e+06	7.87774e+06	9.08853e+06	8.85091e+06	8.66887e+06	9.19644e+06
Q9Y4K0	Q9Y4K0		LOXL2		7.7643e+06	4.0204e+06	5.05286e+06	4.00256e+06	8.406e+06	6.71252e+06	5.06654e+06	7.38712e+06
Q9Y4K1	Q9Y4K1		CRYBG1		3.85032e+06	5.8265e+06	4.12207e+06	3.652e+06	3.31543e+06	2.70241e+06	4.29102e+06	2.43571e+06
Q9Y4K3	Q9Y4K3		TRAF6		2.02228e+06	3.18419e+06	3.22585e+06	3.7455e+06	1.95012e+06	2.85157e+06	3.28775e+06	2.48937e+06
Q9Y4K4	Q9Y4K4		MAP4K5		7.90693e+06	7.60216e+06	8.72511e+06	9.03909e+06	7.57437e+06	7.15018e+06	7.2599e+06	6.23539e+06
Q9Y4L1	Q9Y4L1		HYOU1		3.4002e+08	1.49012e+08	3.06346e+08	1.50483e+08	4.59266e+08	2.60023e+08	3.14394e+08	2.02573e+08
Q9Y4P1	Q9Y4P1		ATG4B		4.7848e+06	1.06711e+07	5.06228e+06	7.45532e+06	7.12778e+06	6.42985e+06	8.64331e+06	1.14764e+07
Q9Y4P3	Q9Y4P3		TBL2		2.33471e+07	2.663e+07	2.29993e+07	2.32673e+07	2.85435e+07	3.34294e+07	2.38512e+07	2.94225e+07
Q9Y4P8	Q9Y4P8		WIPI2		2.42752e+06	3.59673e+06	3.1724e+06	4.19193e+06	2.53291e+06	3.19242e+06	3.19457e+06	3.1942e+06
Q9Y4R8	Q9Y4R8		TELO2		3.02962e+06	6.25108e+06	5.38166e+06	7.59188e+06	4.01853e+06	5.30893e+06	5.12226e+06	4.76235e+06
Q9Y4U1	Q9Y4U1		MMACHC		913748	1.58546e+06	1.47499e+06	1.88743e+06	1.16688e+06	2.9544e+06	1.54143e+06	2.7886e+06
Q9Y4W2	Q9Y4W2		LAS1L		2.61019e+06	7.81963e+06	4.83327e+06	9.97786e+06	4.18816e+06	4.08404e+06	5.694e+06	3.86507e+06
Q9Y4W6	Q9Y4W6		AFG3L2		1.17236e+08	1.69513e+08	1.19587e+08	1.09742e+08	1.70666e+08	1.34077e+08	1.58193e+08	1.76013e+08
Q9Y4X0	Q9Y4X0		AMMECR1		1.47618e+06	1.90238e+06	1.7485e+06	1.46602e+06	1.29687e+06	2.32028e+06	1.45258e+06	1.86958e+06
Q9Y4X5	Q9Y4X5		ARIH1		2.42909e+06	3.57465e+06	3.60962e+06	5.46577e+06	2.30669e+06	3.55313e+06	3.03358e+06	2.80873e+06
Q9Y4Y9	Q9Y4Y9		LSM5		3.60394e+06	3.47756e+06	3.23622e+06	3.06626e+06	3.56081e+06	3.06992e+06	4.94419e+06	3.43547e+06
Q9Y4Z0	Q9Y4Z0		LSM4		4.84307e+06	9.1064e+06	7.11633e+06	8.03551e+06	5.43443e+06	5.47479e+06	7.42713e+06	6.229e+06
Q9Y508	Q9Y508		RNF114		4.56216e+06	4.12191e+06	6.29335e+06	6.89718e+06	5.78353e+06	6.35135e+06	6.68059e+06	6.38557e+06
Q9Y512	Q9Y512		SAMM50		1.63861e+08	1.91277e+08	1.70965e+08	1.6284e+08	1.9763e+08	2.30316e+08	1.83561e+08	2.37876e+08
Q9Y520	Q9Y520		PRRC2C		4.39682e+06	3.69227e+06	4.47285e+06	3.43193e+06	4.11131e+06	2.35238e+06	4.34311e+06	2.6606e+06
Q9Y530	Q9Y530		OARD1		1.62873e+06	2.15713e+06	1.59907e+06	1.58343e+06	2.14395e+06	1.10669e+06	2.24764e+06	1.42678e+06
Q9Y546	Q9Y546		LRRC42		359600	747293	521574	1.04672e+06	283049	836636	548118	740563
Q9Y547	Q9Y547		IFT25		2.6799e+06	2.47049e+06	2.38943e+06	2.06244e+06	2.4969e+06	2.34845e+06	3.85493e+06	2.75737e+06
Q9Y548	Q9Y548		YIPF1		4.24148e+06	4.8054e+06	4.26454e+06	4.33632e+06	4.31457e+06	4.7825e+06	4.66706e+06	5.23602e+06
Q9Y561	Q9Y561		LRP12		7.82532e+06	5.64689e+06	7.46934e+06	7.62599e+06	9.75424e+06	1.08274e+07	7.43122e+06	9.06232e+06
Q9Y570	Q9Y570		PPME1		2.96395e+06	5.2681e+06	3.86142e+06	4.70725e+06	3.22043e+06	4.36427e+06	4.4898e+06	4.46158e+06
Q9Y580	Q9Y580		RBM7		384078	1.71247e+06	991354	1.57262e+06	656489	579079	1.03503e+06	720095
Q9Y584	Q9Y584		TIMM22		2.96364e+07	3.73373e+07	3.18912e+07	2.93465e+07	3.49087e+07	5.11428e+07	3.61749e+07	5.37006e+07
Q9Y587	Q9Y587		AP4S1		1.11542e+06	1.31451e+06	1.30104e+06	1.41378e+06	932519	1.35828e+06	1.09134e+06	2.17691e+06
Q9Y592	Q9Y592		CEP83		1.19211e+06	538211	809198	495556	709607	500023	776248	556977
Q9Y597	Q9Y597		KCTD3		5.06105e+06	2.61769e+06	4.64364e+06	3.35694e+06	4.5285e+06	6.26217e+06	4.2091e+06	5.29962e+06
Q9Y5A9	Q9Y5A9		YTHDF2		4.94897e+06	4.75685e+06	4.83464e+06	4.51553e+06	4.91873e+06	3.32303e+06	5.91947e+06	3.36345e+06
Q9Y5B0	Q9Y5B0		CTDP1		1.01842e+06	2.91266e+06	1.86501e+06	3.45299e+06	1.13061e+06	1.59898e+06	1.70962e+06	1.69232e+06
Q9Y5B6	Q9Y5B6		PAXBP1		456511	970362	962954	1.09055e+06	815350	739450	834281	549983
Q9Y5B8	Q9Y5B8		NME7		2.27067e+06	2.5956e+06	2.73443e+06	3.15456e+06	2.00206e+06	2.7859e+06	2.42227e+06	2.47711e+06
Q9Y5B9	Q9Y5B9		SUPT16H		1.23154e+07	6.59973e+07	2.5414e+07	7.30701e+07	1.68998e+07	3.78305e+07	3.15392e+07	4.97543e+07
Q9Y5C1	Q9Y5C1		ANGPTL3		1.14907e+06	1.18028e+06	1.05233e+06	829302	749475	822197	1.32834e+06	1.21191e+06
Q9Y5J1	Q9Y5J1		UTP18		3.17152e+06	6.16555e+06	5.21743e+06	6.80828e+06	4.3048e+06	4.2717e+06	5.84341e+06	4.08407e+06
Q9Y5J6	Q9Y5J6		TIMM10B		8.8219e+06	1.03439e+07	7.74792e+06	1.00997e+07	1.0133e+07	1.3969e+07	1.09765e+07	1.26045e+07
Q9Y5J7	Q9Y5J7		TIMM9		3.11134e+07	3.37143e+07	3.11387e+07	3.16101e+07	3.5077e+07	4.98539e+07	3.99291e+07	5.36129e+07
Q9Y5J9	Q9Y5J9		TIMM8B		2.2677e+07	1.81068e+07	1.52704e+07	1.20564e+07	2.89637e+07	3.88461e+07	2.08124e+07	4.86317e+07
Q9Y5K5	Q9Y5K5		UCHL5		9.78563e+06	1.95186e+07	1.70324e+07	2.46741e+07	1.01867e+07	1.411e+07	1.61013e+07	1.24409e+07
Q9Y5K6	Q9Y5K6		CD2AP		9.66115e+06	8.76492e+06	8.96704e+06	8.10668e+06	1.03938e+07	7.67114e+06	1.07503e+07	8.68695e+06
Q9Y5K8	Q9Y5K8		ATP6V1D		1.32111e+07	1.25096e+07	1.4161e+07	1.21054e+07	1.1284e+07	1.47867e+07	1.20179e+07	1.15129e+07
Q9Y5L0	Q9Y5L0		TNPO3		1.28331e+07	2.11298e+07	1.74053e+07	2.79586e+07	1.52808e+07	1.45298e+07	1.67832e+07	1.2305e+07
Q9Y5L4	Q9Y5L4		TIMM13		4.62062e+07	4.48973e+07	3.96871e+07	3.46397e+07	8.30028e+07	5.5983e+07	6.28723e+07	7.36461e+07
Q9Y5M8	Q9Y5M8		SRPRB		7.40419e+07	6.91992e+07	8.48363e+07	8.66841e+07	7.38719e+07	1.46846e+08	8.43414e+07	1.22288e+08
Q9Y5N6	Q9Y5N6		ORC6		1.75789e+06	1.81908e+06	1.96484e+06	2.43802e+06	1.99986e+06	2.45941e+06	1.78829e+06	1.70113e+06
Q9Y5P4	Q9Y5P4		CERT1		7.37374e+06	1.46538e+07	1.18043e+07	1.80982e+07	8.78233e+06	9.70441e+06	1.06678e+07	9.62691e+06
Q9Y5P6	Q9Y5P6		GMPPB		6.46663e+06	9.58637e+06	7.03876e+06	6.99452e+06	6.8368e+06	6.59921e+06	8.73851e+06	7.2148e+06
Q9Y5Q0	Q9Y5Q0		FADS3		3.69726e+06	3.08177e+06	3.9425e+06	3.48154e+06	2.96497e+06	3.94194e+06	3.99219e+06	3.29529e+06
Q9Y5Q8	Q9Y5Q8		GTF3C5		1.16749e+06	3.56707e+06	2.79251e+06	5.5526e+06	1.5771e+06	2.61055e+06	2.3982e+06	1.81909e+06
Q9Y5Q9	Q9Y5Q9		GTF3C3		1.07378e+06	4.37259e+06	2.47374e+06	5.63478e+06	1.9221e+06	2.45195e+06	2.89759e+06	2.01685e+06
Q9Y5R4	Q9Y5R4		HEMK1		2.27501e+06	2.16868e+06	1.94444e+06	1.14367e+06	2.17764e+06	1.35388e+06	2.7233e+06	2.00386e+06
Q9Y5R8	Q9Y5R8		TRAPPC1		3.76422e+06	5.07865e+06	4.30126e+06	3.87502e+06	4.81308e+06	4.74895e+06	4.55479e+06	6.12758e+06
Q9Y5S2	Q9Y5S2		CDC42BPB		1.88896e+07	2.18136e+07	2.20077e+07	2.48196e+07	1.60774e+07	1.7707e+07	2.16119e+07	2.04488e+07
Q9Y5S9	Q9Y5S9		RBM8A		1.16625e+07	2.02795e+07	1.90878e+07	1.8001e+07	1.21167e+07	2.05019e+07	1.92741e+07	2.05613e+07
Q9Y5T4	Q9Y5T4		DNAJC15		2.4244e+06	2.96766e+06	2.8343e+06	2.25882e+06	4.48698e+06	8.39876e+06	2.75502e+06	8.7391e+06
Q9Y5T5	Q9Y5T5		USP16		1.33185e+06	1.63012e+06	1.64886e+06	1.52352e+06	1.49439e+06	1.38111e+06	1.82712e+06	1.38184e+06
Q9Y5U2	Q9Y5U2		TSSC4		573009	2.99433e+06	1.09141e+06	1.99821e+06	755778	795729	1.4947e+06	1.33186e+06
Q9Y5U8	Q9Y5U8		MPC1		1.19711e+07	1.05823e+07	1.16234e+07	1.09823e+07	8.08378e+06	1.5882e+07	1.05403e+07	1.42744e+07
Q9Y5U9	Q9Y5U9		IER3IP1		1.15573e+07	1.80967e+07	1.38578e+07	1.67672e+07	1.66697e+07	2.76629e+07	1.72315e+07	2.84288e+07
Q9Y5V0	Q9Y5V0		ZNF706		7.88398e+06	3.39318e+06	4.7687e+06	2.54071e+06	6.59854e+06	2.5176e+06	5.19145e+06	2.44353e+06
Q9Y5V3	Q9Y5V3		MAGED1		172187	290521	177654	199694	177573	211262	184888	160326
Q9Y5W7	Q9Y5W7		SNX14		9.17004e+06	8.51052e+06	9.94701e+06	9.66071e+06	8.9644e+06	1.10406e+07	9.66574e+06	1.04165e+07
Q9Y5W8	Q9Y5W8		SNX13		7.94579e+06	8.02049e+06	8.65327e+06	8.43941e+06	9.41449e+06	1.05117e+07	8.32951e+06	9.65091e+06
Q9Y5W9	Q9Y5W9		SNX11		1.99648e+06	1.81883e+06	1.83462e+06	1.43665e+06	2.79765e+06	2.50467e+06	1.8415e+06	2.53122e+06
Q9Y5X0	Q9Y5X0		SNX10		561731	672726	934978	1.30977e+06	639024	946866	575039	570476
Q9Y5X1	Q9Y5X1		SNX9		9.40173e+06	1.68421e+07	1.14986e+07	1.86451e+07	8.53933e+06	1.0385e+07	8.83709e+06	8.1163e+06
Q9Y5X2	Q9Y5X2		SNX8		5.57458e+06	8.66591e+06	8.02614e+06	9.69768e+06	6.37131e+06	5.91521e+06	7.72449e+06	6.06996e+06
Q9Y5X3	Q9Y5X3		SNX5		7.83846e+06	9.62532e+06	1.10283e+07	1.07393e+07	8.59998e+06	9.02771e+06	1.22811e+07	1.00584e+07
Q9Y5X9	Q9Y5X9		LIPG		4.24765e+06	2.3817e+06	4.73186e+06	2.45166e+06	1.83865e+06	4.84716e+06	2.50817e+06	3.30363e+06
Q9Y5Y0	Q9Y5Y0		FLVCR1		6.01709e+06	2.83896e+06	6.527e+06	5.99187e+06	3.44606e+06	1.07994e+07	3.54641e+06	5.42951e+06
Q9Y5Y2	Q9Y5Y2		NUBP2		4.92832e+06	1.09156e+07	7.71826e+06	1.37954e+07	6.4511e+06	8.94274e+06	7.79664e+06	8.65995e+06
Q9Y5Y5	Q9Y5Y5		PEX16		5.2202e+06	7.00369e+06	6.04076e+06	4.62104e+06	6.79272e+06	9.71301e+06	6.17877e+06	7.67497e+06
Q9Y5Z4	Q9Y5Z4		HEBP2		5.26642e+06	5.2263e+06	5.04903e+06	4.21602e+06	3.84834e+06	4.09215e+06	5.3905e+06	3.42161e+06
Q9Y5Z9	Q9Y5Z9		UBIAD1		9.55942e+06	1.23687e+07	1.42323e+07	1.46384e+07	1.12437e+07	2.40786e+07	1.17974e+07	1.26186e+07
Q9Y605	Q9Y605		MRFAP1				569712	538183			662162	843234
Q9Y606	Q9Y606		PUS1		7.62265e+08	3.94028e+08	6.64095e+08	2.22173e+08	9.3784e+08	3.27905e+08	7.61552e+08	3.85859e+08
Q9Y608	Q9Y608		LRRFIP2		6.14318e+06	7.20628e+06	7.49309e+06	5.52612e+06	4.32329e+06	6.39686e+06	6.7412e+06	8.07953e+06
Q9Y613	Q9Y613		FHOD1		2.0022e+07	1.1811e+07	2.18623e+07	1.7194e+07	1.74454e+07	1.03156e+07	1.5564e+07	7.71002e+06
Q9Y617	Q9Y617		PSAT1		2.14968e+07	3.04024e+07	3.38835e+07	2.43436e+07	1.5563e+07	2.11103e+07	3.86482e+07	2.17529e+07
Q9Y618	Q9Y618		NCOR2		544930	3.35573e+06	1.2456e+06	2.99503e+06	840031	1.92159e+06	1.50941e+06	2.21163e+06
Q9Y619	Q9Y619		SLC25A15		3.95941e+07	3.73968e+07	3.85661e+07	3.74254e+07	4.59038e+07	5.40415e+07	4.40879e+07	5.82313e+07
Q9Y624	Q9Y624		F11R		3.58809e+07	1.17399e+07	3.19363e+07	3.02882e+07	1.52289e+07	2.8547e+07	2.03044e+07	1.62519e+07
Q9Y625	Q9Y625		GPC6		1.14252e+07	8.92173e+06	1.00271e+07	9.40757e+06	1.09105e+07	9.47823e+06	9.83755e+06	1.1362e+07
Q9Y639	Q9Y639		NPTN		1.06878e+08	9.55716e+07	1.00624e+08	9.00247e+07	9.42614e+07	1.48292e+08	9.31998e+07	1.20022e+08
Q9Y644	Q9Y644		RFNG		970889	1.26816e+06	1.08949e+06	1.31979e+06	1.50442e+06	1.24287e+06	1.51408e+06	1.95261e+06
Q9Y646	Q9Y646		CPQ		5.11891e+06	2.48141e+06	3.47259e+06	1.48069e+06	4.23976e+06	1.97538e+06	4.86498e+06	2.53796e+06
Q9Y653	Q9Y653		ADGRG1		6.12729e+06	2.02433e+06	4.7652e+06	5.11909e+06	2.79481e+06	4.93971e+06	3.47251e+06	3.15711e+06
Q9Y666	Q9Y666		SLC12A7		1.1404e+07	1.11882e+07	1.16917e+07	1.15109e+07	1.15249e+07	1.29105e+07	1.17598e+07	1.17832e+07
Q9Y672	Q9Y672		ALG6		2.05923e+07	2.55808e+07	2.02243e+07	2.37766e+07	3.04042e+07	3.38737e+07	2.47631e+07	3.65732e+07
Q9Y673	Q9Y673		ALG5		4.38028e+07	5.99698e+07	5.52809e+07	6.32456e+07	5.79262e+07	8.80915e+07	6.30865e+07	9.3619e+07
Q9Y676	Q9Y676		MRPS18B		7.92304e+07	4.52706e+07	6.52687e+07	2.81139e+07	9.09532e+07	4.89944e+07	7.77176e+07	6.21912e+07
Q9Y678	Q9Y678		COPG1		7.08689e+06	1.67708e+07	1.71453e+07	2.87985e+07	8.53264e+06	1.49285e+07	1.42255e+07	1.26876e+07
Q9Y679	Q9Y679		AUP1		8.50747e+07	9.21502e+07	9.66707e+07	1.16808e+08	9.88662e+07	2.26516e+08	9.53853e+07	2.08308e+08
Q9Y680	Q9Y680		FKBP7		7.29114e+06	3.27286e+06	6.15236e+06	2.86624e+06	9.30261e+06	4.61001e+06	5.91235e+06	4.16627e+06
Q9Y689	Q9Y689		ARL5A		1.29813e+06	1.50663e+06	1.40759e+06	1.72123e+06		1.84705e+06	1.33125e+06	1.34194e+06
Q9Y692	Q9Y692		GMEB1		1.48247e+07	2.07867e+07	1.26882e+07	1.81256e+07	1.54095e+07	9.34895e+06	1.70017e+07	1.76199e+07
Q9Y696	Q9Y696		CLIC4		1.30454e+08	8.34251e+07	8.67585e+07	7.02864e+07	1.58578e+08	7.19895e+07	1.02123e+08	8.9982e+07
Q9Y697	Q9Y697		NFS1		2.77344e+07	1.72379e+07	2.47338e+07	1.20575e+07	3.46319e+07	1.98037e+07	2.96542e+07	2.3213e+07
Q9Y6A1	Q9Y6A1		POMT1		6.13088e+06	6.91702e+06	6.95898e+06	7.17169e+06	6.47919e+06	8.24068e+06	5.54188e+06	6.79794e+06
Q9Y6A4	Q9Y6A4		CFAP20		3.44762e+06	7.27822e+06	6.44815e+06	1.11881e+07	3.04345e+06	6.21686e+06	5.10172e+06	5.13495e+06
Q9Y6A5	Q9Y6A5		TACC3		1.80384e+06	1.62185e+06	2.09686e+06	1.78798e+06	2.0358e+06	2.24264e+06	2.08442e+06	2.35511e+06
Q9Y6A9	Q9Y6A9		SPCS1		9.25039e+06	1.13932e+07	1.35418e+07	1.62652e+07	1.02857e+07	2.61539e+07	1.05119e+07	1.22248e+07
Q9Y6B6	Q9Y6B6		SAR1B		1.53836e+07	3.73547e+07	3.50446e+07	4.72809e+07	1.99705e+07	3.42843e+07	3.21264e+07	2.38453e+07
Q9Y6B7	Q9Y6B7		AP4B1		1.06666e+06	1.51811e+06	1.40539e+06	1.74616e+06	1.02969e+06	1.07316e+06	837204	1.03985e+06
Q9Y6C2	Q9Y6C2		EMILIN1		7.02058e+06	2.95755e+06	4.78644e+06	4.08108e+06	6.77926e+06	7.73088e+06	4.64578e+06	5.08404e+06
Q9Y6C9	Q9Y6C9		MTCH2		9.79945e+07	1.32523e+08	1.07053e+08	1.08991e+08	1.23557e+08	1.46542e+08	1.32538e+08	1.75849e+08
Q9Y6D0	Q9Y6D0		SELENOK		2.60619e+06	2.18686e+06	3.37339e+06	3.09467e+06	2.32273e+06	6.54249e+06	2.11586e+06	4.82125e+06
Q9Y6D5	Q9Y6D5		ARFGEF2		8.88805e+06	1.42994e+07	1.0892e+07	1.38814e+07	9.4797e+06	9.68331e+06	1.06891e+07	9.29607e+06
Q9Y6D6	Q9Y6D6		ARFGEF1		1.03492e+07	1.97312e+07	1.57645e+07	2.26603e+07	1.16542e+07	1.30722e+07	1.37805e+07	1.19957e+07
Q9Y6D9	Q9Y6D9		MAD1L1		4.26181e+06	1.20547e+07	8.86757e+06	1.43282e+07	5.23061e+06	8.09687e+06	6.87422e+06	6.32666e+06
Q9Y6E0	Q9Y6E0		STK24		9.36068e+06	9.14812e+06	9.72611e+06	1.18571e+07	8.71344e+06	8.88589e+06	8.86292e+06	8.25712e+06
Q9Y6E2	Q9Y6E2		BZW2		1.6811e+07	2.43165e+07	2.35129e+07	3.03351e+07	1.8199e+07	1.8553e+07	2.57044e+07	1.68656e+07
Q9Y6G1	Q9Y6G1		TMEM14A		690634	307506	481907	467585	479788	637025		528848
Q9Y6G3	Q9Y6G3		MRPL42		1.69497e+07	1.47038e+07	1.54596e+07	9.74318e+06	2.44779e+07	1.80479e+07	1.91483e+07	1.70269e+07
Q9Y6G5	Q9Y6G5		COMMD10		2.38124e+06	3.92367e+06	3.38767e+06	3.61645e+06	2.73163e+06	3.02978e+06	2.90211e+06	2.61774e+06
Q9Y6G9	Q9Y6G9		DYNC1LI1		9.94458e+07	1.46643e+08	1.33864e+08	1.65258e+08	1.63374e+08	7.97289e+07	1.87774e+08	8.18691e+07
Q9Y6H1	Q9Y6H1		CHCHD2		4.6983e+07	3.58303e+07	3.80511e+07	2.8925e+07	1.08819e+08	5.43653e+07	5.37376e+07	3.33208e+07
Q9Y6H3	Q9Y6H3		ATP23		2.99021e+06	2.93947e+06	2.57207e+06	2.35806e+06	2.75298e+06	4.04142e+06	2.76572e+06	3.80875e+06
Q9Y6I3	Q9Y6I3		EPN1		5.70086e+06	4.00405e+06	4.09485e+06	3.60557e+06	5.01044e+06	1.95272e+06	3.92097e+06	2.41004e+06
Q9Y6I4	Q9Y6I4		USP3		2.75503e+06	4.31941e+06	5.30233e+06	8.27303e+06	3.4196e+06	4.65422e+06	5.16735e+06	3.37358e+06
Q9Y6I8	Q9Y6I8		PXMP4			436133			397877	549251	512520	669562
Q9Y6I9	Q9Y6I9		TEX264		1.05569e+07	1.08786e+07	1.16419e+07	1.24078e+07	1.48091e+07	2.14295e+07	1.33967e+07	2.29829e+07
Q9Y6K0	Q9Y6K0		CEPT1		1.0252e+08	1.08123e+08	1.09661e+08	1.08824e+08	1.30711e+08	1.39398e+08	1.15645e+08	1.49784e+08
Q9Y6K5	Q9Y6K5		OAS3		2.9423e+07	2.84015e+07	2.48137e+07	2.14359e+07	4.25605e+07	2.17556e+07	2.37843e+07	2.00125e+07
Q9Y6K8	Q9Y6K8		AK5		2.01053e+06	3.93674e+06	5.54243e+06	5.88622e+06	1.67766e+06	3.93765e+06	5.11562e+06	2.96344e+06
Q9Y6K9	Q9Y6K9		IKBKG		4.33531e+06	5.59709e+06	4.08984e+06	3.72262e+06	4.24824e+06	4.59911e+06	4.62652e+06	4.70927e+06
Q9Y6M1	Q9Y6M1		IGF2BP2		4.03156e+07	3.26485e+07	4.6806e+07	4.05518e+07	3.6357e+07	1.66775e+07	4.90185e+07	1.77201e+07
Q9Y6M4	Q9Y6M4		CSNK1G3		1.83747e+07	1.56583e+07	1.85497e+07	1.42509e+07	1.80028e+07	1.93863e+07	1.67994e+07	1.77037e+07
Q9Y6M5	Q9Y6M5		SLC30A1		2.86999e+07	1.1689e+07	2.50613e+07	1.88304e+07	2.51559e+07	4.73677e+07	2.39585e+07	3.84072e+07
Q9Y6M7	Q9Y6M7		SLC4A7		9.21122e+07	8.23375e+07	7.43564e+07	7.48914e+07	9.05868e+07	5.15851e+07	7.48035e+07	4.95608e+07
Q9Y6M9	Q9Y6M9		NDUFB9		8.72546e+07	7.37234e+07	8.42035e+07	7.50711e+07	7.11217e+07	1.0835e+08	7.94887e+07	9.7304e+07
Q9Y6N1	Q9Y6N1		COX11		1.96162e+07	2.32745e+07	1.66696e+07	1.81741e+07	2.39093e+07	2.74876e+07	2.27347e+07	3.21938e+07
Q9Y6N5	Q9Y6N5		SQOR		1.78217e+08	8.59769e+07	1.12222e+08	7.59601e+07	2.1751e+08	1.07031e+08	7.72559e+07	7.6093e+07
Q9Y6N7	Q9Y6N7		ROBO1		9.03958e+06	3.33268e+06	5.28631e+06	2.74659e+06	8.69666e+06	5.0989e+06	6.41031e+06	5.70775e+06
Q9Y6Q2	Q9Y6Q2		STON1		2.81855e+06	2.07062e+06	2.36365e+06	2.14107e+06	1.95109e+06	1.72432e+06	2.58969e+06	1.5783e+06
Q9Y6Q6	Q9Y6Q6		TNFRSF11A		310538	212510	254506	266554	337151	352527	406002	364592
Q9Y6R0	Q9Y6R0		NUMBL		5.18941e+06	5.20205e+06	4.03699e+06	4.55224e+06	4.85626e+06	3.78575e+06	4.57638e+06	2.56002e+06
Q9Y6R1	Q9Y6R1		SLC4A4		2.64374e+06	2.06451e+06	3.55185e+06	2.61191e+06	2.63962e+06	4.53528e+06	2.72669e+06	2.89534e+06
Q9Y6R4	Q9Y6R4		MAP3K4		5.48073e+06	5.70104e+06	4.88611e+06	5.17729e+06	4.77261e+06	4.40642e+06	5.38845e+06	6.05248e+06
Q9Y6V7	Q9Y6V7		DDX49		3.45869e+06	3.23931e+06	3.70639e+06	4.68097e+06	3.02437e+06	3.30432e+06	3.26937e+06	2.60011e+06
Q9Y6W3	Q9Y6W3		CAPN7		5.09329e+06	9.76534e+06	7.53854e+06	7.66585e+06	6.71209e+06	1.40936e+07	7.48046e+06	1.49693e+07
Q9Y6W5	Q9Y6W5		WASF2		1.09835e+07	1.05928e+07	1.11995e+07	1.0284e+07	8.5916e+06	9.96666e+06	1.09897e+07	8.70244e+06
Q9Y6X2	Q9Y6X2		PIAS3		962018	1.95299e+06	1.52835e+06	2.05096e+06	1.48167e+06	1.5396e+06	1.39788e+06	1.45478e+06
Q9Y6X3	Q9Y6X3		MAU2		942152	3.0531e+06	1.74795e+06	3.687e+06	1.83792e+06	1.66052e+06	2.3076e+06	1.71315e+06
Q9Y6X4	Q9Y6X4		FAM169A		609522	977740	806240	1.01693e+06	582920	641463	630575	743706
Q9Y6X5	Q9Y6X5		ENPP4		6.30313e+06	3.89859e+06	6.36894e+06	4.60524e+06	6.4651e+06	6.69047e+06	6.53215e+06	5.32672e+06
Q9Y6X9	Q9Y6X9		MORC2		6.64426e+06	1.79875e+07	1.00088e+07	1.85945e+07	8.85074e+06	8.45392e+06	1.13462e+07	8.11722e+06
Q9Y6Y0	Q9Y6Y0		IVNS1ABP				2.72354e+06	2.30064e+06		2.49565e+06		2.34648e+06
Q9Y6Y8	Q9Y6Y8		SEC23IP		6.27623e+06	1.15414e+07	1.13654e+07	1.55241e+07	5.36456e+06	1.04774e+07	7.78015e+06	7.95097e+06
